CS01012025;CS01012024
11001A00-;11001A00-
11001A01-;11001A01-
11001A020;11001A020
11001A030;11001A030
11001A042;11001A042
11001A05K;11001A052
11001A06K;11001A063
11001A074;11001A074
11001A091;11001A091
11001A0MA;11001A0MA
11001A0PA;11001A0PA
11001A10-;11001A10-
11001A173;11001A173
11001A190;11001A190
11001A20-;11001A20-
11001A21-;11001A21-
1100212MQ;1100212MQ
11002A00-;11002A00-
11002A01-;11002A01-
11002A02-;11002A02-
11002A03-;11002A03-
11002A04-;11002A04-
11002A05-;11002A05-
11002A08K;11002A081
11002A08L;11002A081
11002A10-;11002A10-
11002A11-;11002A11-
11002A12-;11002A12-
11002A13-;11002A13-
11002A14-;11002A14-
11002A15-;11002A15-
11002A21-;11002A21-
11002A22-;11002A22-
11002B701;11002B701
11002B71-;11002B71-
11002B721;11002B721
11002B73-;11002B73-
11002B742;11002B742
11002B752;11002B752
11002B782;11002B782
11002B791;11002B791
11002B813;11002B813
11002B824;11002B824
11002C20-;11002C20-
11002C21-;11002C21-
11002C22-;11002C22-
11002C23-;11002C23-
11002C24-;11002C24-
11002C25-;11002C25-
11002C28-;11002C28-
11002C29-;11002C29-
11002C31-;11002C31-
11002C41-;11002C41-
11002C42-;11002C42-
11002C43-;11002C43-
11002C44-;11002C44-
11002C45-;11002C45-
11002C491;11002C491
11002D30-;11002D30-
11002D31-;11002D31-
11002D32-;11002D32-
11002D33-;11002D33-
11002D34-;11002D34-
11002D35-;11002D35-
11002D38K;11002D38-
11002D38L;11002D38-
11002D41-;11002D41-
11002D42-;11002D42-
11002E122;11002E122
11002E131;11002E131
11002E14-;11002E14-
11002E15-;11002E15-
11002E19-;11002E19-
11002E50-;11002E50-
11002E521;11002E521
11002E53-;11002E53-
11002E551;11002E551
11002E5MK;11002E5MJ
11002F11-;11002F11-
11002F12-;11002F12-
11002F21-;11002F21-
11002F223;11002F223
11002F60-;11002F60-
11002F61-;11002F61-
11002F62-;11002F62-
11002F64-;11002F64-
11002F65K;11002F65-
11002F6MJ;11002F6MJ
11002F6NK;11002F6NJ
11002F6NL;11002F6NJ
11002F6NM;11002F6NJ
11002F6NO;11002F6NJ
11002G51-;11002G51-
11002G522;11002G522
11002G53-;11002G53-
11002G54-;11002G54-
11002G552;11002G552
11002G59-;11002G59-
11002G72-;11002G72-
11002G73-;11002G73-
11002G74-;11002G74-
11002G75-;11002G75-
11002G78K;11002G780
11002G78L;11002G780
11002H40-;11002H40-
11002H41-;11002H41-
11002H43-;11002H43-
11002H44-;11002H44-
11002H4MJ;11002H4MJ
11002H83-;11002H83-
11002H84-;11002H84-
11002H8MJ;11002H8MJ
11002J07K;11002J072
11002J07L;11002J072
11002J80K;11002J80-
11002J82K;11002J820
11002J83-;11002J83-
11002J84-;11002J84-
11002J85-;11002J85-
11002J873;11002J873
11002J8AN;11002J8AN
11002K171;11002K171
11002K172;11002K172
11002K173;11002K173
11002K175;11002K175
11002K1NP;11002K1NP
11002K1WN;11002K1WN
11002K214;11002K214
11002K271;11002K271
11002K272;11002K272
11002K2MN;11002K2MN
11002L000;11002L000
11002L011;11002L011
11002L022;11002L022
11002L07K;11002L070
11002L090;11002L090
11002L100;11002L100
11002L111;11002L111
11002L122;11002L122
11002L17K;11002L17-
11002L18-;11002L18-
11002M0QA;11002M0QA
11002M0RA;11002M0RA
11002P00-;11002P00-
11002P01-;11002P01-
11002P02-;11002P02-
11002P03-;11002P03-
11002P04-;11002P04-
11002P05-;11002P05-
11002P09-;11002P09-
11002P100;11002P100
11002P111;11002P111
11002P12-;11002P12-
11002P192;11002P192
11002P20-;11002P20-
11002P22-;11002P22-
11002P23-;11002P23-
11002P242;11002P242
11002P2AN;11002P2AN
11002P2AP;11002P2AP
11002P392;11002P392
11002P50K;11002P500
11002P589;11002P589
11002P59K;11002P590
11002P59L;11002P590
11002P6AK;11002P6AK
11002P6BK;11002P6BK
11002P6CK;11002P6CK
11002P6DK;11002P6DK
11002P6EK;11002P6EK
11002P6FK;11002P6FK
11002P6PK;11002P6PK
11002Q001;11002Q001
11002Q012;11002Q012
11002Q021;11002Q021
11002Q03-;11002Q03-
11002Q04-;11002Q04-
11002Q052;11002Q052
11002Q072;11002Q072
11002Q091;11002Q091
11002Q10-;11002Q10-
11002Q11-;11002Q11-
11002Q12-;11002Q12-
11002Q13-;11002Q13-
11002Q14-;11002Q14-
11002Q17-;11002Q17-
11002Q201;11002Q201
11002Q212;11002Q212
11002Q222;11002Q222
11002Q233;11002Q233
11002Q241;11002Q241
11002Q242;11002Q242
11002Q2AA;11002Q2AA
11002Q2PK;11002Q2PP
11002Q30-;11002Q30-
11002Q39-;11002Q39-
11002Q49-;11002Q49-
11002R00-;11002R00-
11002R01-;11002R01-
11002R02-;11002R02-
11002R03-;11002R03-
11002R04-;11002R04-
11002R05-;11002R05-
11002R099;11002R099
11002R101;11002R101
11002R110;11002R110
11002R12-;11002R12-
11002R13-;11002R13-
11002R172;11002R172
11002R180;11002R180
11002R19-;11002R19-
11002R20-;11002R20-
11002R21-;11002R21-
11002R22-;11002R22-
11002R23-;11002R23-
11002R24-;11002R24-
11002R28-;11002R28-
11002R29-;11002R29-
11002R30-;11002R30-
11002R31-;11002R31-
11002R32-;11002R32-
11002R33-;11002R33-
11002R34-;11002R34-
11002R35-;11002R35-
11002R39-;11002R39-
11002R401;11002R401
11002R41-;11002R41-
11002R42-;11002R42-
11002R43-;11002R43-
11002R44-;11002R44-
11002R47-;11002R47-
11002R482;11002R482
11002S00-;11002S00-
11002S01-;11002S01-
11002S02-;11002S02-
11002S03-;11002S03-
11002S04-;11002S04-
11002S05-;11002S05-
11002S10-;11002S10-
11002S11-;11002S11-
11002S12-;11002S12-
11002S13-;11002S13-
11002S19-;11002S19-
11002S20-;11002S20-
11002S28-;11002S28-
11002S2MK;11002S2MJ
11002S2ML;11002S2MJ
11002S2MM;11002S2MJ
11002S2MO;11002S2MJ
11002S30-;11002S30-
11002S31-;11002S31-
11002S41-;11002S41-
11002S42-;11002S42-
11002S43-;11002S43-
11002T00-;11002T00-
11002T01-;11002T01-
11002T02-;11002T02-
11002T03-;11002T03-
11002T04-;11002T04-
11002T05-;11002T05-
11002T09K;11002T09-
11002T09L;11002T09-
11002T10-;11002T10-
11002T111;11002T111
11002T12-;11002T12-
11002T13-;11002T13-
11002T14-;11002T14-
11002T180;11002T180
11002T19-;11002T19-
11002T20-;11002T20-
11002T21-;11002T21-
11002T22-;11002T22-
11002T23-;11002T23-
11002T24-;11002T24-
11002T25-;11002T25-
11002T30-;11002T30-
11002T39-;11002T39-
11002T412;11002T412
11002T42-;11002T42-
11002U00-;11002U00-
11002U01-;11002U01-
11002U02-;11002U02-
11002U03-;11002U03-
11002U09-;11002U09-
11002U10-;11002U10-
11002U11-;11002U11-
11002U20-;11002U20-
11002U21-;11002U21-
11002U22-;11002U22-
11002U30-;11002U30-
11002U31-;11002U31-
11002U32-;11002U32-
11002U33-;11002U33-
11002U40-;11002U40-
11002U41-;11002U41-
11002U43-;11002U43-
11002U47-;11002U47-
11002U57-;11002U57-
11002U5MA;11002U5MA
11002U5PA;11002U5PA
11002U60-;11002U60-
11002U68-;11002U68-
11002U69-;11002U69-
11002V00-;11002V00-
11002V01-;11002V01-
11002V02-;11002V02-
11002V03-;11002V03-
11002V04-;11002V04-
11002V05-;11002V05-
11002V07K;11002V07-
11002V099;11002V099
11002V10-;11002V10-
11002V11-;11002V11-
11002V12-;11002V12-
11002V13-;11002V13-
11002V14-;11002V14-
11002V19-;11002V19-
11002V20-;11002V20-
11002V21-;11002V21-
11002V22-;11002V22-
11002V23-;11002V23-
11002V29-;11002V29-
11002V301;11002V301
11002V312;11002V312
11002V322;11002V322
11002V37K;11002V373
11002V39K;11002V391
11002V39L;11002V391
11002V39M;11002V391
11004A00-;11004A00-
11004A01-;11004A01-
11004A02-;11004A02-
11004A03K;11004A03-
11004A08K;11004A081
11004A09-;11004A09-
11004A10-;11004A10-
11004A18-;11004A18-
11004A19-;11004A19-
11004A21K;11004A21-
11004A220;11004A220
11004A23-;11004A23-
11004A24K;11004A242
11004A29-;11004A29-
11004B00K;11004B000
11004B00L;11004B000
11004B010;11004B010
11004B02K;11004B022
11004B08K;11004B081
11004B090;11004B090
11004B19-;11004B19-
11005A00K;11005A00-
11005A00L;11005A00-
11005A01K;11005A01-
11005A02K;11005A02-
11005A02L;11005A02-
11005A03K;11005A03-
11005A04K;11005A04-
11005A04L;11005A04-
11005A05K;11005A051
11005A07K;11005A072
11005A07L;11005A072
11005A09K;11005A093
11005A10K;11005A10-
11005A18K;11005A184
11005A19K;11005A191
11005A20K;11005A20-
11005A21K;11005A211
11005A22K;11005A22-
11005A25K;11005A25-
11005A30K;11005A30-
11005A30L;11005A30-
11005A30M;11005A30-
11005A30O;11005A30-
11005A39-;11005A39-
11007A00-;11007A00-
11007A01-;11007A01-
11007A020;11007A020
11007A03-;11007A03-
11007A04-;11007A04-
11007A080;11007A080
11007A09-;11007A09-
11008A00-;11008A00-
11008A01-;11008A01-
11008A020;11008A020
11008A03-;11008A03-
11008A04-;11008A04-
11008A091;11008A091
11008A0AA;11008A0AA
11008A0BJ;11008A0BJ
11008A0PK;11008A0PA
11008A10K;11008A10-
11008A11-;11008A11-
11008A12-;11008A12-
11008A19-;11008A19-
11008A20-;11008A20-
11008A21-;11008A21-
11008A22-;11008A22-
11008A283;11008A283
11008A29-;11008A29-
11008A30-;11008A30-
11008A31-;11008A31-
11008A32-;11008A32-
11008A332;11008A332
11008A381;11008A381
11008A3MB;11008A3MB
11008A3PB;11008A3PB
11008A40-;11008A40-
11008A49-;11008A49-
11008A500;11008A500
11008A510;11008A510
11008A59-;11008A59-
11009A00K;11009A000
11009A01K;11009A01-
11009A02-;11009A02-
11009A03-;11009A03-
11009A04K;11009A042
11009A0AD;11009A0AD
11009A0MC;11009A0MC
11009A0PK;11009A0PD
11009A0PL;11009A0PD
11009A0QC;11009A0QC
11009A20-;11009A20-
11009A21K;11009A21-
11009A22K;11009A222
11009A281;11009A281
11009A29-;11009A29-
11009A30-;11009A30-
11009A38-;11009A38-
11009A3AB;11009A3AB
11009A3PB;11009A3PB
11009A49-;11009A49-
11009A59-;11009A59-
11009A5AK;11009A5AA
11009A5PK;11009A5PA
11009B00-;11009B00-
11009B01K;11009B01-
11009B02-;11009B02-
11009B032;11009B032
11009B08-;11009B08-
11009B091;11009B091
11009B18-;11009B18-
11009B19-;11009B19-
11009B20-;11009B20-
11009B29-;11009B29-
11009B2MA;11009B2MA
11009B2PA;11009B2PA
11009C00-;11009C00-
11009C01-;11009C01-
11009C020;11009C020
11009C03K;11009C03-
11009C08-;11009C08-
11009C09K;11009C090
11013A00-;11013A00-
11013A01-;11013A01-
11013A02-;11013A02-
11013A03-;11013A03-
11013A040;11013A040
11013A050;11013A050
11013A090;11013A090
11013A101;11013A101
11013A11-;11013A11-
11013A12-;11013A12-
11013A132;11013A132
11013A142;11013A142
11013A181;11013A181
11013A19-;11013A19-
11013A20-;11013A20-
11013A21-;11013A21-
11016A000;11016A000
11016A01K;11016A010
11016A021;11016A021
11016A042;11016A042
11016A052;11016A052
11016A091;11016A091
11016A101;11016A101
11016A112;11016A112
11016A180;11016A180
11016A19K;11016A191
11016A1AJ;11016A1AJ
11016A200;11016A200
11016A26K;11016A262
11016A273;11016A273
11016A28K;11016A281
11016A291;11016A291
11016A300;11016A300
11016A39K;11016A391
11016A3AJ;11016A3AJ
11016A401;11016A401
11016A412;11016A412
11016A501;11016A501
11016A59K;11016A592
11016A59L;11016A592
11016A60-;11016A60-
11016A691;11016A691
11018A000;11018A000
11018A010;11018A010
11018A021;11018A021
11018A030;11018A030
11018A042;11018A042
11018A054;11018A054
11018A070;11018A070
11018A090;11018A090
11018A10K;11018A101
11018A111;11018A111
11018A122;11018A122
11018A132;11018A132
11018A143;11018A143
11018A170;11018A170
11018A1MJ;11018A1MJ
11021A00-;11021A00-
11021A01-;11021A01-
11021A02-;11021A02-
11021A03-;11021A03-
11021A04K;11021A04-
11021A05K;11021A052
11021A06K;11021A062
11021A08K;11021A081
11021A091;11021A091
11021A19-;11021A19-
11022A001;11022A001
11022A012;11022A012
11022A02-;11022A02-
11022A032;11022A032
11022A080;11022A080
11022A091;11022A091
11022A10-;11022A10-
11022A11-;11022A11-
11022A120;11022A120
11022A132;11022A132
11022A181;11022A181
11022A19-;11022A19-
11022A201;11022A201
11022A21-;11022A21-
11022A22-;11022A22-
11022A232;11022A232
11022A28-;11022A28-
11022A2AA;11022A2AA
11022A2MA;11022A2MA
11022A2PA;11022A2PA
11022A30-;11022A30-
11022A31-;11022A31-
11022A322;11022A322
11022A382;11022A382
11022A39-;11022A39-
11022A401;11022A401
11022A412;11022A412
11022A423;11022A423
11022A48-;11022A48-
11022A49-;11022A49-
11022A50-;11022A50-
11022A582;11022A582
11022A591;11022A591
11022A682;11022A682
11022A692;11022A692
11023A00-;11023A00-
11023A01-;11023A01-
11023A02-;11023A02-
11023A03-;11023A03-
11023A04-;11023A04-
11023A050;11023A050
11023A062;11023A062
11023A08-;11023A08-
11023A091;11023A091
11023A10-;11023A10-
11023A11-;11023A11-
11023A122;11023A122
11023A133;11023A133
11023A191;11023A191
11023A200;11023A200
11023A212;11023A212
11023A280;11023A280
11023A291;11023A291
11023B30-;11023B30-
11023B31-;11023B31-
11023B32-;11023B32-
11023B330;11023B330
11023B391;11023B391
11023B40-;11023B40-
11023B49-;11023B49-
11024A00-;11024A00-
11024A01-;11024A01-
11024A02-;11024A02-
11024A03-;11024A03-
11024A04-;11024A04-
11024A05-;11024A05-
11024A072;11024A072
11024A09-;11024A09-
11024A10-;11024A10-
11024A111;11024A111
11024A132;11024A132
11024A142;11024A142
11024A191;11024A191
11024A1MA;11024A1MA
11024A1PA;11024A1PA
11024A200;11024A200
11024A210;11024A210
11024A220;11024A220
11024A280;11024A280
11024A291;11024A291
11024A30-;11024A30-
11024A412;11024A412
11024A423;11024A423
11024A434;11024A434
11024B00-;11024B00-
11024B012;11024B012
11024B08-;11024B08-
11024B091;11024B091
11024B190;11024B190
11025A00K;11025A000
11025A00L;11025A000
11025A00M;11025A000
11025A01K;11025A01-
11025A02K;11025A02-
11025A02L;11025A02-
11025A04K;11025A042
11025A05K;11025A053
11025A08K;11025A08-
11025A09K;11025A091
11025A18K;11025A184
11025A19-;11025A19-
11029A00-;11029A00-
11029A01-;11029A01-
11029A02-;11029A02-
11029A041;11029A041
11029A07-;11029A07-
11029A10-;11029A10-
11029A11-;11029A11-
11029A12-;11029A12-
11029A13-;11029A13-
11029A14-;11029A14-
11029A172;11029A172
11029A18-;11029A18-
11029A191;11029A191
11029A201;11029A201
11029A211;11029A211
11029A22-;11029A22-
11029A232;11029A232
11029A242;11029A242
11029A27-;11029A27-
11029A282;11029A282
11029A301;11029A301
11029A372;11029A372
11030A00-;11030A00-
11030A01-;11030A01-
11030A02-;11030A02-
11030A03-;11030A03-
11030A052;11030A052
11030A091;11030A091
11030A10-;11030A10-
11030A17-;11030A17-
11035A000;11035A000
11035A01K;11035A01-
11035A022;11035A022
11035A08-;11035A08-
11035A09K;11035A091
11035A10-;11035A10-
11035A20K;11035A20-
11035A29-;11035A29-
11035A30K;11035A30-
11035A39K;11035A39-
11035B00K;11035B00-
11035B01K;11035B010
11035B02-;11035B02-
11035B03K;11035B032
11035B043;11035B043
11035B08K;11035B080
11035B091;11035B091
11035B19-;11035B19-
11035B2MA;11035B2MA
11035B2PK;11035B2PA
11035C00-;11035C00-
11035C01K;11035C01-
11035C01L;11035C01-
11035C02K;11035C022
11035C09K;11035C09-
11035C09L;11035C09-
11035C19-;11035C19-
11035C29K;11035C29-
11035D001;11035D001
11035D01K;11035D012
11035D082;11035D082
11035D0AK;11035D0AA
11035D0PK;11035D0PA
11035D10-;11035D10-
11035D19-;11035D19-
11035D29-;11035D29-
1103710PQ;1103710PQ
11037A01-;11037A01-
11037A02-;11037A02-
11037A032;11037A032
11037A080;11037A080
11037A091;11037A091
11037A0ON;11037A0ON
11037A10-;11037A10-
11037A19-;11037A19-
11037B00-;11037B00-
11037B01-;11037B01-
11037B022;11037B022
11037B091;11037B091
11037C000;11037C000
11037C010;11037C010
11037C022;11037C022
11037C081;11037C081
11037C090;11037C090
11037C100;11037C100
11037C110;11037C110
11037C12-;11037C12-
11037C180;11037C180
11037C19-;11037C19-
11037C20-;11037C20-
11038A000;11038A000
11038A010;11038A010
11038A020;11038A020
11038A030;11038A030
11038A04-;11038A04-
11038A070;11038A070
11038A090;11038A090
11038A1AR;11038A1AR
11038A1BR;11038A1BR
11039A00-;11039A00-
11039A010;11039A010
11039A02-;11039A02-
11039A03-;11039A03-
11039A04-;11039A04-
11039A081;11039A081
11039A09-;11039A09-
11039A10-;11039A10-
11039A11-;11039A11-
11039A122;11039A122
11039A20-;11039A20-
11039A21K;11039A21-
11039A22-;11039A22-
11039A23-;11039A23-
11039A28-;11039A28-
11039A29-;11039A29-
11039B000;11039B000
11039B01-;11039B01-
11039B02-;11039B02-
11039B032;11039B032
11039B08-;11039B08-
11039B091;11039B091
11039B10-;11039B10-
11039B19K;11039B19-
11039B19L;11039B19-
11040A00K;11040A00-
11040A01K;11040A01-
11040A02K;11040A02-
11040A03K;11040A03-
11040A040;11040A040
11040A050;11040A050
11040A06K;11040A060
11040A06L;11040A060
11040A07K;11040A072
11040A091;11040A091
11040A0AA;11040A0AA
11040A0PK;11040A0PA
11040A0PL;11040A0PA
11040A10K;11040A10-
11040A11K;11040A11-
11040A12K;11040A12-
11040A13K;11040A13-
11040A14K;11040A14-
11040A14L;11040A14-
11040A18K;11040A182
11040A18L;11040A182
11040A19K;11040A191
11040A201;11040A201
11040A211;11040A211
11040A22K;11040A222
11040A23K;11040A232
11040A24K;11040A242
11040A25K;11040A253
11040A27K;11040A27-
11040A29K;11040A291
11040A30K;11040A30-
11040A312;11040A312
11040A32K;11040A322
11040A38K;11040A381
11040A39K;11040A391
11040A40K;11040A40-
11040A410;11040A410
11040A480;11040A480
11040A49K;11040A490
11040A50K;11040A50-
11040A67K;11040A67-
1104411PQ;1104411PQ
11044A001;11044A001
11044A010;11044A010
11044A02-;11044A02-
11044A03K;11044A032
11044A04K;11044A042
11044A0PN;11044A0PN
11044A10-;11044A10-
11044A112;11044A112
11044A191;11044A191
11044A21-;11044A21-
11044B001;11044B001
11044B012;11044B012
11044B022;11044B022
11044B091;11044B091
11044B100;11044B100
11044B11K;11044B11-
11044B19K;11044B19-
11044B19L;11044B19-
11050A000;11050A000
11050A01-;11050A01-
11050A02-;11050A02-
11050A03-;11050A03-
11050A04-;11050A04-
11050A052;11050A052
11050A073;11050A073
11050A08-;11050A08-
11050A091;11050A091
11050A100;11050A100
11050A110;11050A110
11050A19-;11050A19-
11050A274;11050A274
11052A00-;11052A00-
11052A010;11052A010
11052A02-;11052A02-
11052A03-;11052A03-
11052A041;11052A041
11052A052;11052A052
11052A072;11052A072
11052A08-;11052A08-
11052A09K;11052A091
11052A09L;11052A091
11052A100;11052A100
11052A110;11052A110
11052A12-;11052A12-
11052A180;11052A180
11052A191;11052A191
11052A200;11052A200
11052A212;11052A212
11052A28-;11052A28-
11052A290;11052A290
11052A3MA;11052A3MA
11052A3PA;11052A3PA
11053A000;11053A000
11053A02K;11053A02-
11053A03-;11053A03-
11053A04-;11053A04-
11053A052;11053A052
11053A091;11053A091
11053A101;11053A101
11053A11-;11053A11-
11053A12K;11053A122
11053A132;11053A132
11053A1AA;11053A1AA
11053A1BB;11053A1BB
11053A1PA;11053A1PA
11053A1QK;11053A1QB
11053A1QL;11053A1QB
11053A21-;11053A21-
11053A29-;11053A29-
11053A381;11053A381
11053A391;11053A391
11053A400;11053A400
11053A480;11053A480
11053A49-;11053A49-
11053A512;11053A512
11053A591;11053A591
11053A61K;11053A610
11053A622;11053A622
11053A681;11053A681
11053B000;11053B000
11053B01-;11053B01-
11053B022;11053B022
11053B033;11053B033
11053B081;11053B081
11053B09-;11053B09-
11053B10-;11053B10-
11053B18-;11053B18-
11053B19-;11053B19-
1105410PQ;1105410PQ
11054A00-;11054A00-
11054A01-;11054A01-
11054A02-;11054A02-
11054A0AA;11054A0AA
11054A0BA;11054A0BA
11054A0CB;11054A0CB
11054A0PA;11054A0PA
11054A0QB;11054A0QB
11054A19-;11054A19-
11054B00-;11054B00-
11054B01-;11054B01-
11054B022;11054B022
11054B08-;11054B08-
11054B091;11054B091
11054C00-;11054C00-
11054C01-;11054C01-
11054C081;11054C081
11054C0AA;11054C0AA
11054C0PA;11054C0PA
11054C112;11054C112
11054C19-;11054C19-
11054D00-;11054D00-
11054D08-;11054D08-
11054D0AA;11054D0AA
11054D0PA;11054D0PA
11054D19-;11054D19-
11054E00K;11054E00-
11054E01-;11054E01-
11054E022;11054E022
11054E08-;11054E08-
11054E091;11054E091
11055A000;11055A000
11055A02-;11055A02-
11055A03-;11055A03-
11055A091;11055A091
11055A0BP;11055A0BP
11055A0PN;11055A0PN
11055A10-;11055A10-
11055A11-;11055A11-
11055A142;11055A142
11055A152;11055A152
11055A181;11055A181
11055A191;11055A191
11055A213;11055A213
11055A224;11055A224
11055A235;11055A235
11055A242;11055A242
11055A293;11055A293
11055A313;11055A313
11055B000;11055B000
11055B010;11055B010
11055B02-;11055B02-
11055B030;11055B030
11055B080;11055B080
11055B090;11055B090
11055B110;11055B110
11055B120;11055B120
11056A00-;11056A00-
11056A01-;11056A01-
11056A02-;11056A02-
11056A03-;11056A03-
11056A04-;11056A04-
11056A05K;11056A05-
11056A08K;11056A081
11056A09K;11056A091
11056A1MJ;11056A1MJ
11056A210;11056A210
11056A220;11056A220
11056A31K;11056A312
11056A31L;11056A312
11056A41K;11056A412
11056B00-;11056B00-
11056B01-;11056B01-
11056B02K;11056B02-
11056B032;11056B032
11056B05K;11056B053
11056B072;11056B072
11056B081;11056B081
11056B09K;11056B091
11056B09L;11056B091
11056B17-;11056B17-
11056B273;11056B273
1105711PQ;1105711PQ
11057A00-;11057A00-
11057A010;11057A010
11057A02-;11057A02-
11057A03-;11057A03-
11057A042;11057A042
11057A091;11057A091
11057A10-;11057A10-
11057A110;11057A110
11057A132;11057A132
11057A191;11057A191
11057A3MW;11057A3MW
11057A3PW;11057A3PW
11057B00-;11057B00-
11057B02-;11057B02-
11057B04-;11057B04-
11057B0MA;11057B0MA
11057B0PA;11057B0PA
11057B1PN;11057B1PN
11057B212;11057B212
11057B22-;11057B22-
11057B233;11057B233
11057B314;11057B314
11057B32-;11057B32-
11057B335;11057B335
12002A001;12002A001
12002A012;12002A012
12002A023;12002A023
12002A0AB;12002A0AB
12002A0PK;12002A0PB
12002A19-;12002A19-
12002A200;12002A200
12002A21-;12002A21-
12002A29-;12002A29-
12002A300;12002A300
12002A3MA;12002A3MA
12002A3PK;12002A3PA
12002A3PL;12002A3PA
12005A00K;12005A000
12005A00L;12005A000
12005A01-;12005A01-
12005A02-;12005A02-
12005A032;12005A032
12005A081;12005A081
12005A091;12005A091
12005A10K;12005A100
12005A10L;12005A100
12005A11-;12005A11-
12005A122;12005A122
12005A183;12005A183
12005A19K;12005A190
12005A19L;12005A190
12005B00-;12005B00-
12005B01-;12005B01-
12005B02K;12005B022
12005B0PK;12005B0PN
12005B0PL;12005B0PN
12005B18-;12005B18-
12005B191;12005B191
12005B20K;12005B202
12005B20L;12005B202
12005B291;12005B291
12005B39-;12005B39-
12007A001;12007A001
12007A01-;12007A01-
12007A021;12007A021
12007A032;12007A032
12007A043;12007A043
12007A052;12007A052
12007A073;12007A073
12007A081;12007A081
12007A09-;12007A09-
12007A100;12007A100
12007A112;12007A112
12007A122;12007A122
12007A183;12007A183
12007A191;12007A191
12007B00-;12007B00-
12007B012;12007B012
12007B081;12007B081
12007B09-;12007B09-
12007B100;12007B100
12007B20-;12007B20-
12007B29-;12007B29-
12007B3MA;12007B3MA
12007B3PA;12007B3PA
12007C00-;12007C00-
12007C01-;12007C01-
12007C082;12007C082
12007C091;12007C091
12007D00-;12007D00-
12007D09-;12007D09-
12009A00K;12009A000
12009A00L;12009A000
12009A00M;12009A000
12009A012;12009A012
12009A02K;12009A023
12009A03K;12009A031
12009A04K;12009A041
12009A054;12009A054
12009A072;12009A072
12009A08K;12009A084
12009A0MK;12009A0MA
12009A0PK;12009A0PA
12009A0PL;12009A0PA
12009A10K;12009A10-
12009A19-;12009A19-
12009A20K;12009A200
12009A20L;12009A200
12009A21K;12009A211
12009A22K;12009A221
12009A22L;12009A221
12009A232;12009A232
12009A282;12009A282
12009A293;12009A293
12009A31K;12009A313
12009A31L;12009A313
12009A322;12009A322
12014A001;12014A001
12014A01K;12014A01-
12014A022;12014A022
12014A033;12014A033
12014A04K;12014A042
12014A053;12014A053
12014A0MB;12014A0MB
12014A0PB;12014A0PB
12014A19-;12014A19-
12014A202;12014A202
12014A291;12014A291
12014A30-;12014A30-
12014A31K;12014A31-
12014A322;12014A322
12014A391;12014A391
12014A49-;12014A49-
12014A50-;12014A50-
12014A51-;12014A51-
12014A522;12014A522
12014A5MA;12014A5MA
12014A5PA;12014A5PA
12014B00K;12014B000
12014B01K;12014B012
12014B023;12014B023
12014B091;12014B091
12014C00-;12014C00-
12014C01K;12014C01-
12014C022;12014C022
12014C033;12014C033
12014C044;12014C044
12014C09K;12014C091
12014C09L;12014C091
12014C09M;12014C091
12014C10-;12014C10-
12014C19-;12014C19-
12014D001;12014D001
12014D010;12014D010
12014D022;12014D022
12014D08-;12014D08-
12014D090;12014D090
12014E001;12014E001
12014E01-;12014E01-
12014E022;12014E022
12014E032;12014E032
12014E091;12014E091
12014E10K;12014E10-
12014E11-;12014E11-
12014E12K;12014E122
12014E19K;12014E191
12014E19L;12014E191
12014E29-;12014E29-
12014F00K;12014F000
12014F01-;12014F01-
12014F022;12014F022
12014F091;12014F091
12014F10K;12014F10-
12014F18-;12014F18-
12014F19-;12014F19-
12021A00-;12021A00-
12021A01K;12021A01-
12021A02K;12021A02-
12021A03K;12021A03-
12021A03L;12021A03-
12021A04K;12021A04-
12021A04L;12021A04-
12021A051;12021A051
12021A10K;12021A101
12021A10L;12021A101
12021A111;12021A111
12021A122;12021A122
12021A13K;12021A132
12021A18-;12021A18-
12021A19-;12021A19-
12021A200;12021A200
12021A21K;12021A212
12021A29K;12021A291
12021A301;12021A301
12021A311;12021A311
12021A322;12021A322
12021A333;12021A333
12021A34K;12021A342
12021A40K;12021A40-
12021A40L;12021A40-
12021A41K;12021A411
12021A422;12021A422
12021A47K;12021A473
12021A47L;12021A473
12021A4MK;12021A4MA
12021A4PK;12021A4PA
12021A512;12021A512
12021B00K;12021B000
12021B023;12021B023
12021B0MK;12021B0MA
12021B0PK;12021B0PA
12025A00-;12025A00-
12025A011;12025A011
12025A02-;12025A02-
12025A031;12025A031
12025A041;12025A041
12025A05-;12025A05-
12025A06-;12025A06-
12025A10-;12025A10-
12025A11-;12025A11-
12025A12K;12025A12-
12025A12L;12025A12-
12025A131;12025A131
12025A182;12025A182
12025A192;12025A192
12025A20-;12025A20-
12025A21-;12025A21-
12025A22-;12025A22-
12025A23K;12025A23-
12025A245;12025A245
12025A25K;12025A256
12025A29K;12025A297
12025A29L;12025A297
12025A301;12025A301
12025A31-;12025A31-
12025A32-;12025A32-
12025A332;12025A332
12025A342;12025A342
12025A39-;12025A39-
12025A401;12025A401
12025A410;12025A410
12025A42-;12025A42-
12025A430;12025A430
12025A441;12025A441
12025A45-;12025A45-
12025A462;12025A462
12025A470;12025A470
12025A480;12025A480
12025A49-;12025A49-
12025A50-;12025A50-
12025A51-;12025A51-
12025A521;12025A521
12025A532;12025A532
12025A57-;12025A57-
12025A580;12025A580
12025A60-;12025A60-
12025A61-;12025A61-
12025A620;12025A620
12025A631;12025A631
12025A64K;12025A64-
12025A64L;12025A64-
12025A662;12025A662
12025A67-;12025A67-
12025A69K;12025A690
12025A69L;12025A690
12025A6MJ;12025A6MJ
12025A70-;12025A70-
12025A77K;12025A77-
12025A77L;12025A77-
12025A7MJ;12025A7MJ
12025A80-;12025A80-
12025A810;12025A810
12025A82-;12025A82-
12025A830;12025A830
12025A84-;12025A84-
12025A88-;12025A88-
12025A899;12025A899
12025A912;12025A912
12025A921;12025A921
12025A932;12025A932
12025A942;12025A942
12025A952;12025A952
12025B000;12025B000
12025B01-;12025B01-
12025B020;12025B020
12025B032;12025B032
12025B042;12025B042
12025B081;12025B081
12025B091;12025B091
12025C00-;12025C00-
12025C01-;12025C01-
12025C022;12025C022
12025C091;12025C091
12025D00-;12025D00-
12025D012;12025D012
12025D091;12025D091
12025E001;12025E001
12025E012;12025E012
12025E08K;12025E080
12025E08L;12025E080
12025E0PN;12025E0PN
12025F00-;12025F00-
12025F01-;12025F01-
12025F02-;12025F02-
12025F032;12025F032
12025F041;12025F041
12025F052;12025F052
12025F091;12025F091
12025F102;12025F102
12025F191;12025F191
12025F200;12025F200
12025F290;12025F290
12025F312;12025F312
12025F391;12025F391
12026A00-;12026A00-
12026A01-;12026A01-
12026A02-;12026A02-
12026A040;12026A040
12026A05-;12026A05-
12026A09-;12026A09-
12026A0PN;12026A0PN
12026A111;12026A111
12026A122;12026A122
12026B00-;12026B00-
12026B01-;12026B01-
12026B09-;12026B09-
12026C000;12026C000
12026C012;12026C012
12026C080;12026C080
12026C09K;12026C091
12026C10-;12026C10-
12026C112;12026C112
12026C123;12026C123
12026C19K;12026C191
12029A00K;12029A00-
12029A02K;12029A020
12029A042;12029A042
12029A08K;12029A083
12029A08L;12029A083
12029A08M;12029A083
12029A09K;12029A091
12029A09L;12029A091
12029A10-;12029A10-
12029A19K;12029A19-
12029A19L;12029A19-
12029A20-;12029A20-
12029A21-;12029A21-
12029A29K;12029A292
12029A2AK;12029A2AW
12029A39K;12029A393
12029B00K;12029B000
12029B01-;12029B01-
12029B02K;12029B020
12029B082;12029B082
12029B09K;12029B091
12029B19-;12029B19-
12030A00K;12030A000
12030A01K;12030A01-
12030A020;12030A020
12030A032;12030A032
12030A091;12030A091
12030A100;12030A100
12030A110;12030A110
12030A12-;12030A12-
12030A132;12030A132
12030A143;12030A143
12030A164;12030A164
12030A175;12030A175
12030A18K;12030A186
12030A191;12030A191
12030A212;12030A212
12030A291;12030A291
12030A310;12030A310
12030B000;12030B000
12030B081;12030B081
12030B0AA;12030B0AA
12030B0MA;12030B0MA
12030B0PA;12030B0PA
12030B101;12030B101
12030B112;12030B112
12030B192;12030B192
12030B210;12030B210
12030B272;12030B272
12030C000;12030C000
12030C020;12030C020
12030C044;12030C044
12030C091;12030C091
12030D000;12030D000
12030D012;12030D012
12030D063;12030D063
12030D080;12030D080
12030D091;12030D091
12034A00-;12034A00-
12034A01-;12034A01-
12034A02-;12034A02-
12034A03-;12034A03-
12034A04-;12034A04-
12034A08-;12034A08-
12034A091;12034A091
12034A112;12034A112
12034A123;12034A123
12034B00-;12034B00-
12034B01K;12034B010
12034B02-;12034B02-
12034B032;12034B032
12034B09K;12034B091
12034C000;12034C000
12034C01-;12034C01-
12034C022;12034C022
12034C091;12034C091
12035A001;12035A001
12035A011;12035A011
12035A022;12035A022
12035A032;12035A032
12035A042;12035A042
12035A072;12035A072
12035A081;12035A081
12035A091;12035A091
12035A101;12035A101
12035A110;12035A110
12035A123;12035A123
12035A200;12035A200
12035A211;12035A211
12035A222;12035A222
12035A233;12035A233
12035A24K;12035A244
12035A282;12035A282
12035A29K;12035A291
12035B00-;12035B00-
12035B01-;12035B01-
12035B02-;12035B02-
12035B032;12035B032
12035B0AA;12035B0AA
12035B0PA;12035B0PA
12035B191;12035B191
12040A00-;12040A00-
12040A01-;12040A01-
12040A04-;12040A04-
12040A071;12040A071
12040A0MA;12040A0MA
12040A0PA;12040A0PA
12040A10-;12040A10-
12040A21-;12040A21-
12040A221;12040A221
12040A23-;12040A23-
12040A243;12040A243
12040A294;12040A294
12040A311;12040A311
12040A32K;12040A320
12040A332;12040A332
12040A372;12040A372
12040A411;12040A411
12040A422;12040A422
12040A433;12040A433
12040A512;12040A512
12040B000;12040B000
12040B090;12040B090
12040C000;12040C000
12040C010;12040C010
12040C02-;12040C02-
12040C090;12040C090
12040D00-;12040D00-
12040D011;12040D011
12040D022;12040D022
12040D072;12040D072
12040D091;12040D091
12040D0MA;12040D0MA
12040D0PA;12040D0PA
12040D11-;12040D11-
12040D192;12040D192
13001A00-;13001A00-
13001A01-;13001A01-
13001A02-;13001A02-
13001A03-;13001A03-
13001A04-;13001A04-
13001A072;13001A072
13001A091;13001A091
13001A0MA;13001A0MA
13001A0PA;13001A0PA
13001A100;13001A100
13001A19-;13001A19-
13001A212;13001A212
13001A221;13001A221
13001A230;13001A230
13001A3MJ;13001A3MJ
13002A000;13002A000
13002A012;13002A012
13002A023;13002A023
13002A091;13002A091
13002A10-;13002A10-
13002A19-;13002A19-
13003A00-;13003A00-
13003A011;13003A011
13003A02-;13003A02-
13003A03-;13003A03-
13003A04-;13003A04-
13003A05-;13003A05-
13003A08-;13003A08-
13003A091;13003A091
13003A101;13003A101
13003A1MJ;13003A1MJ
13003A20-;13003A20-
13003A29-;13003A29-
13003A38-;13003A38-
13003A39-;13003A39-
13003A401;13003A401
13003A412;13003A412
13003A483;13003A483
13003A50K;13003A500
13003A51-;13003A51-
13003A590;13003A590
13003A612;13003A612
13003A692;13003A692
13003A701;13003A701
13003A711;13003A711
13003A782;13003A782
13003A7MA;13003A7MA
13003A7PA;13003A7PA
13003B000;13003B000
13003B01-;13003B01-
13003B02-;13003B02-
13003B030;13003B030
13003B04-;13003B04-
13003B052;13003B052
13003B08-;13003B08-
13003B091;13003B091
13004A001;13004A001
13004A010;13004A010
13004A021;13004A021
13004A032;13004A032
13004A043;13004A043
13004A080;13004A080
13004A0MA;13004A0MA
13004A0PA;13004A0PA
13004A101;13004A101
13004A122;13004A122
13004A17-;13004A17-
13004A18-;13004A18-
13004A191;13004A191
13004A212;13004A212
13004A312;13004A312
13004A323;13004A323
13004B001;13004B001
13004B012;13004B012
13004B091;13004B091
13004B212;13004B212
13006A000;13006A000
13006A011;13006A011
13006A030;13006A030
13006A042;13006A042
13006A053;13006A053
13006A064;13006A064
13006A0MA;13006A0MA
13006A0NA;13006A0NA
13006A0PK;13006A0PA
13006A0PL;13006A0PA
13006A10-;13006A10-
13006A115;13006A115
13006A212;13006A212
13006A266;13006A266
13008A00K;13008A001
13008A00L;13008A002
13008A00M;13008A003
13008A01K;13008A01-
13008A021;13008A021
13008A03K;13008A030
13008A03L;13008A030
13008A03M;13008A030
13008A04K;13008A030
13008A04L;13008A030
13008A09K;13008A091
13008A09L;13008A091
13008A10K;13008A10-
13008A19K;13008A19-
13008A20K;13008A20-
13008A21K;13008A212
13008A2AK;13008A2AA
13008A2MA;13008A2MA
13008A2NJ;13008A2NJ
13008A2PK;13008A2PA
13008A30K;13008A301
13008A37K;13008A372
13008A39K;13008A391
13008A40K;13008A400
13008A49K;13008A491
13008A49L;13008A491
13008A50K;13008A50-
13008A50L;13008A50-
13008A59K;13008A591
13008A60K;13008A60-
13008A67K;13008A67-
13008A6MK;13008A6MB
13008A6PK;13008A6PB
13008A6PL;13008A6PB
13008A70K;13008A70-
13008A78K;13008A78-
13008A79K;13008A79-
13008A81K;13008A811
13008A81L;13008A811
13008A82K;13008A820
13008A83K;13008A833
13008A83L;13008A833
13008A83M;13008A833
13008A84K;13008A842
13008A84L;13008A842
13008A85K;13008A855
13008A85L;13008A855
13008A89K;13008A892
13008A89L;13008A892
13008A89M;13008A892
13008A89O;13008A892
13008A90K;13008A900
13008A90L;13008A900
13008A90M;13008A900
13008A90O;13008A900
13008A91K;13008A91-
13008A92K;13008A92-
13008A93K;13008A934
13008A98K;13008A981
13008A98L;13008A981
13008B80K;13008B800
13008B80L;13008B800
13008B81K;13008B81-
13008B832;13008B832
13008B88K;13008B881
13008B89K;13008B890
13010A00-;13010A00-
13010A010;13010A010
13010A021;13010A021
13010A032;13010A032
13010A0MA;13010A0MA
13010A0PA;13010A0PA
13010A10-;13010A10-
13010A112;13010A112
13010A1MR;13010A1MR
13010A1NV;13010A1NV
13010A1PR;13010A1PR
13010A1QV;13010A1QV
13010A1WV;13010A1WV
13010A212;13010A212
13010A292;13010A292
13010B00-;13010B00-
13010B01-;13010B01-
13010B022;13010B022
13010B033;13010B033
13010B044;13010B044
13010B091;13010B091
13011A00K;13011A00-
13011A00L;13011A00-
13011A02-;13011A02-
13011A03-;13011A03-
13011A04K;13011A040
13011A04L;13011A040
13011A05K;13011A05-
13011A05L;13011A05-
13011A081;13011A081
13011A0MA;13011A0MA
13011A0PA;13011A0PA
13011A10K;13011A100
13011A11K;13011A111
13011A12K;13011A122
13011A133;13011A133
13011A144;13011A144
13011A19K;13011A190
13011A20K;13011A200
13011A21K;13011A212
13011A27K;13011A270
13011A29K;13011A291
13011A301;13011A301
13011A312;13011A312
13011A39K;13011A39-
13011A412;13011A412
13011A423;13011A423
13011B00K;13011B000
13011B00L;13011B000
13011B011;13011B011
13011B022;13011B022
13011B032;13011B032
13011B07K;13011B074
13011B083;13011B083
13011B091;13011B091
13011B10K;13011B100
13011C00K;13011C000
13011C00L;13011C000
13011C09K;13011C090
13012A00K;13012A000
13012A00L;13012A000
13012A01K;13012A01-
13012A02K;13012A020
13012A032;13012A032
13012A0MV;13012A0MV
13012A0PK;13012A0PV
13012A0PL;13012A0PV
13013A00-;13013A00-
13013A01-;13013A01-
13013A02-;13013A02-
13013A03K;13013A030
13013A03L;13013A030
13013A042;13013A042
13013A083;13013A083
13013A091;13013A091
13013A100;13013A100
13013A11-;13013A11-
13013A190;13013A190
13013A20K;13013A200
13013A29K;13013A290
13013B00-;13013B00-
13013B02-;13013B02-
13013B08-;13013B08-
13013B0AA;13013B0AA
13013B0PA;13013B0PA
13014A00K;13014A00-
13014A01K;13014A01-
13014A01L;13014A01-
13014A02K;13014A02-
13014A03K;13014A03-
13014A04K;13014A042
13014A04L;13014A042
13014A05K;13014A053
13014A08K;13014A084
13014A08L;13014A084
13014A0MK;13014A0MA
13014A0PK;13014A0PA
13014B00K;13014B00-
13014B00L;13014B00-
13014B00M;13014B00-
13014B01K;13014B012
13014B09K;13014B091
13014B09L;13014B091
13014B19-;13014B19-
13014C00K;13014C00-
13014C01K;13014C01-
13014C03K;13014C03-
13014C04K;13014C041
13014C05K;13014C050
13014C05L;13014C050
13014C08K;13014C08-
13014C0MK;13014C0MA
13014C0PK;13014C0PA
13014C112;13014C112
13014C19K;13014C191
13014C28K;13014C28-
13014D00K;13014D00-
13014D00L;13014D00-
13014D0MB;13014D0MB
13014D0PK;13014D0PB
13014D0PL;13014D0PB
13014D10-;13014D10-
13014D2AK;13014D2AA
13014E00K;13014E001
13014E012;13014E012
13014E09K;13014E090
13014E10-;13014E10-
13014E19-;13014E19-
13016A000;13016A000
13016A01-;13016A01-
13016A07-;13016A07-
13016A099;13016A099
13016B000;13016B000
13016B09K;13016B090
13016B09L;13016B090
13016C001;13016C001
13016C012;13016C012
13016C0AA;13016C0AA
13016C0PK;13016C0PA
13017A00-;13017A00-
13017A010;13017A010
13017A021;13017A021
13017A03-;13017A03-
13017A04K;13017A041
13017A052;13017A052
13017A08K;13017A081
13017A091;13017A091
13017A102;13017A102
13017A11-;13017A11-
13017A12-;13017A12-
13017A13K;13017A13-
13017A190;13017A190
13017A21-;13017A21-
13017A30-;13017A30-
13017A39-;13017A39-
13017A402;13017A402
13017A41K;13017A412
13017A423;13017A423
13017A484;13017A484
13017B000;13017B000
13017B01K;13017B01-
13017B021;13017B021
13017B03K;13017B031
13017B042;13017B042
13017B052;13017B052
13017B08K;13017B081
13017B09K;13017B091
13017B10-;13017B10-
13017B182;13017B182
13017B191;13017B191
13017B213;13017B213
13017B222;13017B222
13017B31K;13017B312
13017C000;13017C000
13017C01-;13017C01-
13017C021;13017C021
13017C030;13017C030
13017C042;13017C042
13017C090;13017C090
13019A00-;13019A00-
13019A012;13019A012
13019A02-;13019A02-
13019A031;13019A031
13019A041;13019A041
13019A05-;13019A05-
13019A091;13019A091
13019A112;13019A112
13019A122;13019A122
13019A133;13019A133
13019A21-;13019A21-
13019B000;13019B000
13019B010;13019B010
13019B022;13019B022
13019B083;13019B083
13019B091;13019B091
13019C000;13019C000
13019C011;13019C011
13019C02-;13019C02-
13019C030;13019C030
13019C042;13019C042
13019C091;13019C091
13019C112;13019C112
13019C194;13019C194
13019D000;13019D000
13019D01-;13019D01-
13019D02-;13019D02-
13019D032;13019D032
13019D043;13019D043
13019D091;13019D091
13021A00K;13021A00-
13021A01K;13021A01-
13021A02K;13021A021
13021A03K;13021A031
13021A03L;13021A031
13021A04K;13021A04-
13021A04L;13021A04-
13021A05K;13021A052
13021A10K;13021A100
13021A18K;13021A182
13021A19K;13021A190
13021A20K;13021A200
13021A29K;13021A290
13021A29L;13021A290
13021A2MA;13021A2MA
13021A2PA;13021A2PA
13021A31K;13021A312
13021A31L;13021A312
13023A001;13023A001
13023A02-;13023A02-
13023A032;13023A032
13023A08-;13023A08-
13023A0JB;13023A0JB
13023A0PB;13023A0PB
13023A162;13023A162
13023A18-;13023A18-
13023A191;13023A191
13023A262;13023A262
13023A263;13023A263
13023A282;13023A282
13023A2MA;13023A2MA
13023A2PA;13023A2PA
13023A322;13023A322
13023A333;13023A333
13023A344;13023A344
13023A355;13023A355
13025A00-;13025A00-
13025A01K;13025A01-
13025A01L;13025A01-
13025A02K;13025A021
13025A03K;13025A03-
13025A03L;13025A03-
13025A04K;13025A042
13025A04L;13025A042
13025A05K;13025A052
13025A08K;13025A081
13025A0MB;13025A0MB
13025A0PB;13025A0PB
13025A101;13025A101
13025A11-;13025A11-
13025A122;13025A122
13025A20-;13025A20-
13025A29-;13025A29-
13025A30K;13025A30-
13025A30L;13025A30-
13025A31K;13025A31-
13025A31L;13025A31-
13025A321;13025A321
13025A332;13025A332
13025A39K;13025A39-
13025A40-;13025A40-
13025A4MA;13025A4MA
13025A4PK;13025A4PA
13025A4PL;13025A4PA
13025A4PM;13025A4PA
13025A50K;13025A50-
13025A50L;13025A50-
13025A523;13025A523
13025A59K;13025A591
13025A60K;13025A60-
13025A61-;13025A61-
13025A62K;13025A622
13025A62L;13025A622
13025A691;13025A691
13025A70K;13025A700
13025A70L;13025A700
13025A71-;13025A71-
13025A722;13025A722
13025A783;13025A783
13025A7MC;13025A7MC
13025A7PC;13025A7PC
13025A80-;13025A80-
13025A812;13025A812
13025A89-;13025A89-
13025A913;13025A913
13029A000;13029A000
13029A01-;13029A01-
13029A020;13029A020
13029A032;13029A032
13029A073;13029A073
13029A091;13029A091
13029A10-;13029A10-
13029A11K;13029A11-
13029A12-;13029A12-
13029A131;13029A131
13029A142;13029A142
13029A15K;13029A152
13029A1MK;13029A1MA
13029A1PA;13029A1PA
13029A20-;13029A20-
13029A21-;13029A21-
13029A23-;13029A23-
13029A270;13029A270
13029A28K;13029A282
13029A291;13029A291
13031A00K;13031A000
13031A01K;13031A010
13031A02K;13031A022
13031A03K;13031A033
13031A044;13031A044
13031A08K;13031A085
13031A08L;13031A085
13031A09K;13031A091
13031A10K;13031A100
13031A12K;13031A122
13031A12L;13031A122
13031A1PK;13031A1PN
13031A1PL;13031A1PN
13031A1PM;13031A1PN
13031A20K;13031A20-
13031A21K;13031A211
13031A21L;13031A211
13031A22K;13031A22-
13031A23K;13031A232
13031A23L;13031A232
13031A24K;13031A242
13031A28K;13031A280
13031A28L;13031A280
13031A29K;13031A291
13035A00-;13035A00-
13035A01-;13035A01-
13035A020;13035A020
13035A03-;13035A03-
13035A042;13035A042
13035A0MA;13035A0MA
13035A0PK;13035A0PA
13035A10K;13035A10-
13035A18-;13035A18-
13035A19-;13035A19-
13035A292;13035A292
13035B00-;13035B00-
13035B031;13035B031
13035B08-;13035B08-
13035B0MA;13035B0MA
13035B0PA;13035B0PA
13035B10-;13035B10-
13035B18-;13035B18-
13035B19-;13035B19-
13035B20-;13035B20-
13035B212;13035B212
13035B382;13035B382
13035B39-;13035B39-
13035C00-;13035C00-
13035C01-;13035C01-
13035C02-;13035C02-
13035C030;13035C030
13035C042;13035C042
13035C091;13035C091
13035C0AB;13035C0AB
13035C0JB;13035C0JB
13035C0PB;13035C0PB
13035C10-;13035C10-
13035C113;13035C113
13035C1AA;13035C1AA
13035C1PA;13035C1PA
13036A00K;13036A000
13036A02K;13036A020
13036A03K;13036A030
13036A04-;13036A04-
13036A09K;13036A091
13036A09L;13036A091
13036A11K;13036A112
13036A21K;13036A213
13036A22K;13036A22-
13036A23K;13036A230
13036A26K;13036A264
13036A28K;13036A280
13036A300;13036A300
13036A382;13036A382
13036A3PK;13036A3PP
13037A001;13037A001
13037A01K;13037A012
13037A02K;13037A021
13037A02L;13037A021
13037A031;13037A031
13037A04K;13037A042
13037A04L;13037A042
13037A05K;13037A053
13037A05L;13037A091
13037A07K;13037A070
13037A09K;13037A091
13037A09L;13037A091
13037A10K;13037A100
13037A11K;13037A112
13037A11L;13037A112
13037A162;13037A162
13037A18K;13037A181
13037A19K;13037A191
13037A19L;13037A191
13037A201;13037A201
13037A28K;13037A282
13037A28L;13037A282
13037A28M;13037A282
13037A29K;13037A293
13037A38K;13037A382
13037A3MK;13037A3MA
13037A3PK;13037A3PA
13040A00K;13040A000
13040A00L;13040A000
13040A00M;13040A000
13040A00O;13040A000
13040A00Z;13040A000
13040A01K;13040A012
13040A01L;13040A012
13040A02K;13040A021
13040A02L;13040A021
13040A03K;13040A031
13040A03L;13040A031
13040A03M;13040A031
13040A04K;13040A042
13040A04L;13040A042
13040A04M;13040A042
13040A05K;13040A051
13040A05L;13040A051
13040A091;13040A091
13040A10K;13040A100
13040A10L;13040A100
13040A10M;13040A100
13040A11K;13040A112
13040A11L;13040A112
13040A11M;13040A112
13040A11O;13040A112
13040A120;13040A120
13040A173;13040A173
13040A209;13040A209
13040A2MA;13040A2MA
13040A2PA;13040A2PA
13040A310;13040A310
13040A322;13040A322
13040A370;13040A370
13040A40-;13040A40-
13040A412;13040A412
13040A491;13040A491
13040A50K;13040A50-
13040A50L;13040A50-
13040A50M;13040A50-
13040A601;13040A601
13040A61K;13040A613
13040A61L;13040A613
13040A61M;13040A613
13040A61O;13040A613
13040A62K;13040A622
13040A62L;13040A622
13040A70K;13040A700
13040A70L;13040A700
13040A70M;13040A700
13040A70O;13040A700
13040A71K;13040A714
13040A71L;13040A714
13040A721;13040A721
13040A732;13040A732
13040A74K;13040A742
13040A74L;13040A742
13040A74M;13040A742
13040A753;13040A753
13040A793;13040A793
13040A81K;13040A810
13040A81L;13040A810
13040A824;13040A824
13044A000;13044A000
13044A01-;13044A01-
13044A020;13044A020
13044A03K;13044A030
13044A04-;13044A04-
13044A052;13044A052
13044A09K;13044A091
13044A10-;13044A10-
13044A19-;13044A19-
13046A00K;13046A001
13046A01K;13046A01-
13046A01L;13046A01-
13046A01M;13046A01-
13046A02K;13046A022
13046A03K;13046A033
13046A04K;13046A042
13046A05K;13046A053
13046A08K;13046A081
13046A09K;13046A091
13046A10K;13046A10-
13046A10L;13046A10-
13046A11K;13046A11-
13046A11L;13046A11-
13046A12K;13046A122
13046A183;13046A183
13046A191;13046A191
13046A212;13046A212
13049A00-;13049A00-
13049A011;13049A011
13049A022;13049A022
13049A032;13049A032
13049A081;13049A081
13049A090;13049A090
13049A10-;13049A10-
13049A11-;13049A11-
13049A19K;13049A19-
13049A19L;13049A19-
13049A200;13049A200
13049A210;13049A210
13049A29-;13049A29-
13049B00K;13049B00-
13049B011;13049B011
13049B02K;13049B022
13049B03K;13049B033
13049B042;13049B042
13049B091;13049B091
13049B100;13049B100
13049B110;13049B110
13049B124;13049B124
13049B180;13049B180
13049B190;13049B190
13049C00K;13049C00-
13049D00K;13049D00-
13049D010;13049D010
13049D022;13049D022
13049D07K;13049D073
13049D07L;13049D073
13049D0AA;13049D0AA
13049D0PK;13049D0PA
13049D0PL;13049D0PA
13053A000;13053A000
13053A010;13053A010
13053A020;13053A020
13053A03-;13053A03-
13053A090;13053A090
13053A100;13053A100
13053A190;13053A190
13053B09-;13053B09-
13053C000;13053C000
13053C012;13053C012
13053C0MA;13053C0MA
13053C0PA;13053C0PA
13053D000;13053D000
13053D01-;13053D01-
13053D090;13053D090
13053D10-;13053D10-
13053D11-;13053D11-
13053D12K;13053D12-
13053D19K;13053D19-
21001A00K;21001A00-
21001A011;21001A011
21001A02K;21001A02-
21001A031;21001A031
21001A041;21001A041
21001A051;21001A051
21001A07-;21001A07-
21001A08-;21001A08-
21001A10-;21001A10-
21001A11K;21001A112
21001A120;21001A120
21001A132;21001A132
21001A142;21001A142
21001A152;21001A152
21001A30K;21001A30-
21001A31-;21001A31-
21001A32K;21001A32-
21001A331;21001A331
21001A332;21001A332
21001A34-;21001A34-
21001A350;21001A350
21001A37-;21001A37-
21001A3MJ;21001A3MJ
21001A401;21001A401
21001A41K;21001A41-
21001A42K;21001A42-
21001A43-;21001A43-
21001A441;21001A441
21001A45K;21001A451
21001A472;21001A472
21001A49K;21001A492
21001A50K;21001A503
21001A51K;21001A51-
21001A52-;21001A52-
21001A53K;21001A53-
21001A55K;21001A552
21001A55L;21001A552
21001A712;21001A712
21001A72-;21001A72-
21001A732;21001A732
21001A74-;21001A74-
21001A783;21001A783
21001A80-;21001A80-
21001A81K;21001A81-
21001A81L;21001A81-
21001A82-;21001A82-
21001A83-;21001A83-
21001A84-;21001A84-
21001A85-;21001A85-
21001A90-;21001A90-
21001A911;21001A911
21001A92-;21001A92-
21001A931;21001A931
21001A941;21001A941
21001A95-;21001A95-
21001A982;21001A982
21001B10-;21001B10-
21001B11-;21001B11-
21001B17-;21001B17-
21001B20-;21001B20-
21001B21-;21001B21-
21001B22-;21001B22-
21001B23-;21001B23-
21001B241;21001B241
21001B25-;21001B25-
21001B31K;21001B31-
21001B32K;21001B321
21001B332;21001B332
21001B372;21001B372
21001B3MK;21001B3MJ
21001B3ML;21001B3MJ
21001C512;21001C512
21001C522;21001C522
21001C581;21001C581
21001C5MA;21001C5MA
21001C5PK;21001C5PA
21001C5PL;21001C5PA
21001C611;21001C611
21001C6MB;21001C6MB
21001C6PB;21001C6PB
21001C70-;21001C70-
21001C71-;21001C71-
21001C79-;21001C79-
21002A00-;21002A00-
21002A01-;21002A01-
21002A02-;21002A02-
21002A030;21002A030
21002A041;21002A041
21002A072;21002A072
21002A091;21002A091
21002A10-;21002A10-
21002A11-;21002A11-
21002A12K;21002A12-
21002A13K;21002A130
21002A14-;21002A14-
21002A15-;21002A15-
21002A18-;21002A18-
21002A190;21002A190
21002A20-;21002A20-
21002A21-;21002A21-
21002A22-;21002A22-
21002A23-;21002A23-
21002A24-;21002A24-
21002A25-;21002A25-
21002A30-;21002A30-
21002A311;21002A311
21002A372;21002A372
21002A39-;21002A39-
21002A411;21002A411
21002A422;21002A422
21002A43-;21002A43-
21002A44K;21002A441
21002A45-;21002A45-
21002A482;21002A482
21002A49K;21002A492
21002A511;21002A511
21002A52-;21002A52-
21002A53-;21002A53-
21002A572;21002A572
21003A00-;21003A00-
21003A01K;21003A011
21003A02-;21003A02-
21003A03-;21003A03-
21003A04-;21003A04-
21003A05-;21003A05-
21003A0AJ;21003A0AJ
21003A10-;21003A10-
21003A11K;21003A11-
21003A212;21003A212
21003A283;21003A283
21003A2MJ;21003A2MJ
21003A312;21003A312
21003A323;21003A323
21003A331;21003A331
21003A342;21003A342
21003A38-;21003A38-
21003A41-;21003A41-
21004A001;21004A001
21004A002;21004A002
21004A01-;21004A01-
21004A02-;21004A02-
21004A03-;21004A03-
21004A04-;21004A04-
21004A10-;21004A10-
21004A12-;21004A12-
21004A13-;21004A13-
21004A14-;21004A14-
21004A15-;21004A15-
21004A16-;21004A16-
21004A19-;21004A19-
21004A1MJ;21004A1MJ
21004A20-;21004A20-
21004A21-;21004A21-
21004A22-;21004A22-
21004A23-;21004A23-
21004A24-;21004A24-
21004A25-;21004A25-
21004A30-;21004A30-
21004A32-;21004A32-
21004A33-;21004A33-
21004A34-;21004A34-
21004A35-;21004A35-
21004A3MJ;21004A3MJ
21004A70-;21004A70-
21004A71-;21004A71-
21004A72-;21004A72-
21004A811;21004A811
21004A822;21004A822
21004A83-;21004A83-
21004B10-;21004B10-
21004B112;21004B112
21004B13-;21004B13-
21004B1MJ;21004B1MJ
21004B29K;21004B293
21004B2MK;21004B2MJ
21004B2NK;21004B2NJ
21004B2WK;21004B2WJ
21004B411;21004B411
21004B421;21004B421
21004B43-;21004B43-
21004B44-;21004B44-
21004B45-;21004B45-
21004B49-;21004B49-
21004C50K;21004C501
21004C51K;21004C51-
21004C52K;21004C52-
21004C53K;21004C53-
21004C54K;21004C54-
21004C55K;21004C552
21004C591;21004C591
21004C61-;21004C61-
21004C62-;21004C62-
21004C63-;21004C63-
21004C642;21004C642
21004C65-;21004C65-
21004D600;21004D600
21004D610;21004D610
21004D62-;21004D62-
21004D63K;21004D631
21004D63L;21004D631
21004D64-;21004D64-
21004D672;21004D672
21004D6MJ;21004D6MJ
21004D6NK;21004D6NJ
21004D6NL;21004D6NJ
21004E101;21004E101
21004E112;21004E112
21004E12-;21004E12-
21004E130;21004E130
21004E14-;21004E14-
21004E180;21004E180
21004E193;21004E193
21004E201;21004E201
21004E211;21004E211
21004E222;21004E222
21004E233;21004E233
21004E292;21004E292
21004E70-;21004E70-
21004E72-;21004E72-
21004E73-;21004E73-
21004E74-;21004E74-
21004E800;21004E800
21004E81-;21004E81-
21004E82-;21004E82-
21004E83-;21004E83-
21004E8MJ;21004E8MJ
21004E8NJ;21004E8NJ
21004F511;21004F511
21004F522;21004F522
21004F53K;21004F531
21004F57K;21004F572
21004F901;21004F901
21004F91-;21004F91-
21004F922;21004F922
21004F930;21004F930
21004F94-;21004F94-
21004F953;21004F953
21004F970;21004F970
21004F994;21004F994
21004F9MK;21004F9MJ
21004F9ML;21004F9MJ
21004G30-;21004G30-
21004G31K;21004G310
21004G32K;21004G321
21004G371;21004G371
21004G3MJ;21004G3MJ
21004G3NK;21004G3NJ
21004G3NL;21004G3NJ
21004G3NM;21004G3NJ
21005A00-;21005A00-
21005A01-;21005A01-
21005A02-;21005A02-
21005A031;21005A031
21005A042;21005A042
21005A051;21005A051
21005A082;21005A082
21005A10-;21005A10-
21005A11-;21005A11-
21005A12-;21005A12-
21005A13-;21005A13-
21005A14-;21005A14-
21005A15-;21005A15-
21005A20-;21005A20-
21005A21-;21005A21-
21005A22-;21005A22-
21005A29-;21005A29-
21005A31K;21005A311
21005A31L;21005A311
21005A322;21005A322
21005A33-;21005A33-
21006A00K;21006A001
21006A011;21006A011
21006A02K;21006A02-
21006A03-;21006A03-
21006A04K;21006A042
21006A052;21006A052
21006A073;21006A073
21006A094;21006A094
21006A101;21006A101
21006A11-;21006A11-
21006A12-;21006A12-
21006A13-;21006A13-
21006A142;21006A142
21006A153;21006A153
21006A17K;21006A171
21006A17L;21006A171
21006A201;21006A201
21006A21-;21006A21-
21006A22K;21006A22-
21006A23-;21006A23-
21006A24-;21006A24-
21006A25-;21006A25-
21006A27K;21006A272
21006A27L;21006A272
21006A312;21006A312
21006A32K;21006A323
21006A37-;21006A37-
21006A403;21006A403
21006A41K;21006A414
21006A41L;21006A414
21006A47K;21006A474
21006A47L;21006A474
21006A48-;21006A48-
21006A515;21006A515
21007A00K;21007A00-
21007A01-;21007A01-
21007A02-;21007A02-
21007A03-;21007A03-
21007A04-;21007A04-
21007A05K;21007A05-
21007A06-;21007A06-
21007A07K;21007A071
21007A07L;21007A071
21007A082;21007A082
21007A101;21007A101
21007A111;21007A111
21007A12-;21007A12-
21007A132;21007A132
21007A142;21007A142
21007A201;21007A201
21007A21-;21007A21-
21007A239;21007A239
21007A242;21007A242
21007A252;21007A252
21007A291;21007A291
21007A373;21007A373
21007A40-;21007A40-
21007A41-;21007A41-
21007A50-;21007A50-
21007A51-;21007A51-
21007A52-;21007A52-
21007A53-;21007A53-
21007A541;21007A541
21007A55K;21007A552
21007A60-;21007A60-
21007A61-;21007A61-
21007A70K;21007A70-
21007A71K;21007A71-
21007A72K;21007A72-
21007A73-;21007A73-
21007A75-;21007A75-
21007A783;21007A783
21007A79-;21007A79-
21007A81K;21007A814
21008A00K;21008A00-
21008A01-;21008A01-
21008A02-;21008A02-
21008A10K;21008A10-
21008A19K;21008A19-
21008A20-;21008A20-
21008A21K;21008A21-
21008A22K;21008A220
21008A23-;21008A23-
21008A24K;21008A240
21008A27-;21008A27-
21008A29-;21008A29-
21008A30-;21008A30-
21008A31-;21008A31-
21008A32-;21008A32-
21008A33-;21008A33-
21008A34K;21008A34-
21008A35-;21008A35-
21008A38K;21008A38-
21009A00-;21009A00-
21009A01-;21009A01-
21009A02-;21009A02-
21009A03-;21009A03-
21009A041;21009A041
21009A051;21009A051
21009A101;21009A101
21009A111;21009A111
21009A121;21009A121
21009A13-;21009A13-
21009A151;21009A151
21009A192;21009A192
21009A20-;21009A20-
21009A21-;21009A21-
21009A22K;21009A22-
21009A23-;21009A23-
21009A29-;21009A29-
21009A2MK;21009A2MJ
21009A2ML;21009A2MJ
21009A2MM;21009A2MJ
21009A2MO;21009A2MJ
21009A301;21009A301
21009A311;21009A311
21009A33-;21009A33-
21009A34-;21009A34-
21009A40-;21009A40-
21009A41-;21009A41-
21009A42-;21009A42-
21009A43-;21009A43-
21009A44-;21009A44-
21009A451;21009A451
21009A501;21009A501
21009A51K;21009A512
21009A52-;21009A52-
21009A53-;21009A53-
21009A542;21009A542
21009A552;21009A552
21009A593;21009A593
21009A602;21009A602
21009A612;21009A612
21009A623;21009A623
21009A63-;21009A63-
21009A65K;21009A652
21009A65L;21009A652
21009A712;21009A712
21009A72-;21009A72-
21009A73-;21009A73-
21009A80K;21009A802
21009A812;21009A812
21009A82K;21009A82-
21009A83K;21009A83-
21009A83L;21009A83-
21009A90-;21009A90-
21009A911;21009A911
21009A922;21009A922
21010A00-;21010A00-
21010A01-;21010A01-
21010A02-;21010A02-
21010A03-;21010A03-
21010A04-;21010A04-
21010A05-;21010A05-
21010A092;21010A092
21010A10K;21010A10-
21010A11K;21010A111
21010A121;21010A121
21010A13-;21010A13-
21010A141;21010A141
21010A182;21010A182
21010A1AK;21010A1AJ
21010A1AL;21010A1AJ
21010A21-;21010A21-
21010A31K;21010A312
21010A393;21010A393
21010A49K;21010A493
21010A4MJ;21010A4MJ
21011A00-;21011A00-
21011A01-;21011A01-
21011A02-;21011A02-
21011A10-;21011A10-
21011A11-;21011A11-
21011A12-;21011A12-
21011A20-;21011A20-
21011A29-;21011A29-
21011A30-;21011A30-
21012A00-;21012A00-
21012A011;21012A011
21012A02-;21012A02-
21012A03-;21012A03-
21012A041;21012A041
21012A05-;21012A05-
21012A10-;21012A10-
21012A11-;21012A11-
21012A12-;21012A12-
21012A13-;21012A13-
21012A141;21012A141
21012A152;21012A152
21012A172;21012A172
21012A20-;21012A20-
21012A21K;21012A21-
21012A22-;21012A22-
21012A23-;21012A23-
21012A24-;21012A24-
21012A25-;21012A25-
21012A26-;21012A26-
21012A29-;21012A29-
21012A2MJ;21012A2MJ
21012A30K;21012A30-
21012A39K;21012A39-
21012A41K;21012A41-
21012A50-;21012A50-
21012A511;21012A511
21012A52K;21012A52-
21012A53-;21012A53-
21012A54K;21012A54-
21012A552;21012A552
21012A59K;21012A59-
21012A60-;21012A60-
21012A611;21012A611
21012A62-;21012A62-
21012A63-;21012A63-
21012A672;21012A672
21012A71-;21012A71-
21012A72-;21012A72-
21012A732;21012A732
21012A811;21012A811
21012A822;21012A822
21012A833;21012A833
21012A84-;21012A84-
21012A851;21012A851
21012A882;21012A882
21013A00K;21013A00-
21013A01-;21013A01-
21013A02-;21013A02-
21013A031;21013A031
21013A04-;21013A04-
21013A052;21013A052
21013A101;21013A101
21013A102;21013A102
21013A11-;21013A11-
21013A121;21013A121
21013A13-;21013A13-
21013A15K;21013A151
21013A201;21013A201
21013A211;21013A211
21013A22-;21013A22-
21013A23-;21013A23-
21013A242;21013A242
21013A252;21013A252
21013A2MJ;21013A2MJ
21013A40K;21013A40-
21013A41K;21013A41-
21013A422;21013A422
21013A51-;21013A51-
21013A52K;21013A522
21013A612;21013A612
21013A623;21013A623
21014A00-;21014A00-
21014A01-;21014A01-
21014A02-;21014A02-
21014A03-;21014A03-
21014A04-;21014A04-
21014A05-;21014A05-
21014A10-;21014A10-
21014A12-;21014A12-
21014A13-;21014A13-
21014A14-;21014A14-
21014A18-;21014A18-
21014A2MJ;21014A2MJ
21014A3MJ;21014A3MJ
21014A41-;21014A41-
21015A00-;21015A00-
21015A01-;21015A01-
21015A021;21015A021
21015A03-;21015A03-
21015A04-;21015A04-
21015A05-;21015A05-
21015A101;21015A101
21015A111;21015A111
21015A12-;21015A12-
21015A13-;21015A13-
21015A142;21015A142
21015A152;21015A152
21015A20-;21015A20-
21015A21-;21015A21-
21015A22-;21015A22-
21015A231;21015A231
21015A24-;21015A24-
21015A272;21015A272
21015A30-;21015A30-
21015A31-;21015A31-
21015A32-;21015A32-
21015A33-;21015A33-
21015A34-;21015A34-
21015A35-;21015A35-
21015A36-;21015A36-
21015A39-;21015A39-
21015A40-;21015A40-
21015A41-;21015A41-
21015A421;21015A421
21015A43-;21015A43-
21015A44-;21015A44-
21015A45-;21015A45-
21015A50-;21015A50-
21015A51-;21015A51-
21015A52-;21015A52-
21015A53-;21015A53-
21015A54-;21015A54-
21015A612;21015A612
21015A622;21015A622
21015A63-;21015A63-
21015A64-;21015A64-
21015A70-;21015A70-
21015A71-;21015A71-
21015A721;21015A721
21015A73-;21015A73-
21015A77K;21015A77-
21015A77L;21015A77-
21015A782;21015A782
21015A7MJ;21015A7MJ
21015A811;21015A811
21015A82K;21015A822
21015A831;21015A831
21015A883;21015A883
21016A00K;21016A00-
21016A01K;21016A01-
21016A02K;21016A02-
21016A03K;21016A03-
21016A042;21016A042
21016A05-;21016A05-
21016A10K;21016A102
21016A111;21016A111
21016A12-;21016A12-
21016A13-;21016A13-
21016A193;21016A193
21016A214;21016A214
21016A22K;21016A225
21016A232;21016A232
21016A31K;21016A311
21016A32K;21016A322
21016A33K;21016A331
21016A34K;21016A342
21016A383;21016A383
21016A39-;21016A39-
21016A40K;21016A400
21016A41K;21016A410
21016A429;21016A429
21016A44-;21016A44-
21016A49K;21016A490
21016A49L;21016A490
21016A49M;21016A490
21016A52K;21016A521
21016A533;21016A533
21016A60K;21016A601
21016A61K;21016A610
21016A620;21016A620
21016A639;21016A639
21016A64K;21016A64-
21016A65K;21016A65-
21016A69K;21016A692
21016A701;21016A701
21016A71K;21016A71-
21016A72K;21016A72-
21016A731;21016A731
21016A772;21016A772
21016A80-;21016A80-
21016A81-;21016A81-
21016A82-;21016A82-
21016A831;21016A831
21016A841;21016A841
21016A85-;21016A85-
21016A90K;21016A901
21016A91K;21016A912
21016A92K;21016A922
21016A933;21016A933
21016A94K;21016A943
21016A954;21016A954
21017A000;21017A000
21017A01-;21017A01-
21017A021;21017A021
21017A031;21017A031
21017A041;21017A041
21017A08-;21017A08-
21017A09-;21017A09-
21017A11-;21017A11-
21017A12-;21017A12-
21017A13-;21017A13-
21017A192;21017A192
21017A212;21017A212
21017A220;21017A220
21017A230;21017A230
21017A240;21017A240
21017A312;21017A312
21017A323;21017A323
21017A374;21017A374
21017A382;21017A382
21017A393;21017A393
21017A41-;21017A41-
21017A421;21017A421
21017A432;21017A432
21017A443;21017A443
21017A451;21017A451
21017A472;21017A472
21017A501;21017A501
21017A512;21017A512
21017A52K;21017A523
21017A534;21017A534
21017A541;21017A541
21017A61K;21017A613
21017A624;21017A624
21017A635;21017A635
21017A696;21017A696
21018A00-;21018A00-
21018A01-;21018A01-
21018A02-;21018A02-
21018A031;21018A031
21018A04-;21018A04-
21018A05-;21018A05-
21018A09-;21018A09-
21018A12-;21018A12-
21018A13-;21018A13-
21018A14-;21018A14-
21018A15-;21018A15-
21018A19-;21018A19-
21018A20-;21018A20-
21018A21-;21018A21-
21018A22-;21018A22-
21018A24-;21018A24-
21018A30-;21018A30-
21018A311;21018A311
21018A32-;21018A32-
21018A33-;21018A33-
21018A34K;21018A34-
21018A35-;21018A35-
21018A37K;21018A37-
21018A37L;21018A37-
21018A3MK;21018A3MJ
21018A41-;21018A41-
21018A42-;21018A42-
21018A43-;21018A43-
21018A512;21018A512
21018A60-;21018A60-
21018A61-;21018A61-
21018A62-;21018A62-
21018A63-;21018A63-
21018A643;21018A643
21018A72-;21018A72-
21018A81-;21018A81-
21018A82-;21018A82-
21018A83-;21018A83-
21018A84K;21018A84-
21018A87K;21018A87-
21019A001;21019A001
21019A01-;21019A01-
21019A02-;21019A02-
21019A03-;21019A03-
21019A04-;21019A04-
21019A052;21019A052
21019A09-;21019A09-
21019A10-;21019A10-
21019A11K;21019A11-
21019A12-;21019A12-
21019A131;21019A131
21019A14-;21019A14-
21019A15-;21019A15-
21019A20-;21019A20-
21019A21-;21019A21-
21019A22-;21019A22-
21019A231;21019A231
21019A242;21019A242
21019A252;21019A252
21019A28-;21019A28-
21019A30-;21019A30-
21019A31-;21019A31-
21019A32-;21019A32-
21019A33-;21019A33-
21019A34-;21019A34-
21019A35-;21019A35-
21019A40K;21019A40-
21019A41-;21019A41-
21019A42-;21019A42-
21019A43-;21019A43-
21019A441;21019A441
21019A45-;21019A45-
21019A492;21019A492
21019A51-;21019A51-
21019A52-;21019A52-
23002A00K;23002A00-
23002A00L;23002A00-
23002A01K;23002A01-
23002A01L;23002A01-
23002A02-;23002A02-
23002A030;23002A030
23002A042;23002A042
23002A081;23002A081
23002A09K;23002A090
23002A09L;23002A090
23002A100;23002A100
23002A11K;23002A112
23002A12K;23002A123
23002A132;23002A132
23002A143;23002A143
23002A18K;23002A181
23002A191;23002A191
23002A20-;23002A20-
23002A29-;23002A29-
23002A30K;23002A30-
23002A38K;23002A38-
23002A390;23002A390
23002A40K;23002A400
23002A480;23002A480
23002A49-;23002A49-
23002B00K;23002B000
23002B01-;23002B01-
23002B02-;23002B02-
23002B09K;23002B090
23002B1MA;23002B1MA
23002B1PA;23002B1PA
23002C00-;23002C00-
23002C07K;23002C072
23002C091;23002C091
23002D00-;23002D00-
23002D01-;23002D01-
23002D022;23002D022
23002D033;23002D033
23002D091;23002D091
23002E00K;23002E000
23002E01-;23002E01-
23002E020;23002E020
23002E04K;23002E042
23002E04L;23002E042
23002E04M;23002E042
23002E05K;23002E052
23002E07K;23002E070
23002E08K;23002E081
23002E08L;23002E081
23002E09K;23002E091
23002E10-;23002E10-
23002E11-;23002E11-
23002E12-;23002E12-
23002E190;23002E190
23002E293;23002E293
23002F00K;23002F002
23002F09K;23002F091
23003A001;23003A001
23003A01K;23003A012
23003A01L;23003A012
23003A022;23003A022
23003A08K;23003A081
23003A09-;23003A09-
23003A11K;23003A11-
23003A212;23003A212
23003A291;23003A291
23003A31-;23003A31-
23003B00-;23003B00-
23003B01-;23003B01-
23003B02-;23003B02-
23003B032;23003B032
23003B043;23003B043
23003B081;23003B081
23003B09K;23003B09-
23003B114;23003B114
23003C00-;23003C00-
23003C010;23003C010
23003C02K;23003C022
23003C033;23003C033
23003C08K;23003C081
23003C08L;23003C081
23003C090;23003C090
23003D00K;23003D00-
23003D00L;23003D00-
23003D01K;23003D01-
23003D030;23003D030
23003D042;23003D042
23003D091;23003D091
23003D0MS;23003D0MS
23003D0NK;23003D0NS
23003E00K;23003E00-
23003E00L;23003E00-
23003E01-;23003E01-
23003E03K;23003E032
23003E07-;23003E07-
23003E083;23003E083
23003E0MS;23003E0MS
23003E0NS;23003E0NS
23003E0PS;23003E0PS
23003E11-;23003E11-
23009A000;23009A000
23009A09-;23009A09-
23009A162;23009A162
23009A191;23009A191
23016A00K;23016A001
23016A00L;23016A001
23016A011;23016A011
23016A022;23016A022
23016A032;23016A032
23016A09K;23016A091
23016A11K;23016A110
23016A20K;23016A20-
23016A20L;23016A20-
23016A21K;23016A212
23016A302;23016A302
23016A391;23016A391
23016A402;23016A402
23016A491;23016A491
23016A50K;23016A500
23016A51K;23016A512
23016A51L;23016A512
23016A58K;23016A583
23016A591;23016A591
23016A682;23016A682
23016A691;23016A691
23016A71K;23016A713
23016B00-;23016B00-
23016B081;23016B081
23016B09-;23016B09-
23016B112;23016B112
23016C00-;23016C00-
23016C010;23016C010
23016C02-;23016C02-
23016C03K;23016C03-
23016C03L;23016C03-
23016C042;23016C042
23016C053;23016C053
23016C091;23016C091
23016C10-;23016C10-
23016C170;23016C170
23016C19-;23016C19-
23016C21K;23016C210
23016C21L;23016C210
23016D00-;23016D00-
23016D012;23016D012
23016D091;23016D091
23016D182;23016D182
23016D19-;23016D19-
23016D21K;23016D211
23016D21L;23016D211
23016D22K;23016D222
23016D28K;23016D281
23016E00K;23016E00-
23016E00L;23016E00-
23016E01-;23016E01-
23016E02K;23016E022
23016E033;23016E033
23016E042;23016E042
23016E08-;23016E08-
23016E09K;23016E091
23016E10-;23016E10-
23016E18-;23016E18-
23016E191;23016E191
23016E29-;23016E29-
23016F00-;23016F00-
23016F010;23016F010
23016F022;23016F022
23016F032;23016F032
23016F081;23016F081
23016F091;23016F091
23016F19-;23016F19-
23016F290;23016F290
23023A00-;23023A00-
23023A012;23023A012
23023A023;23023A023
23023A081;23023A081
23023A09-;23023A09-
23023B00K;23023B000
23023B08K;23023B082
23023B091;23023B091
23023C00-;23023C00-
23023C09K;23023C09-
23023C09L;23023C09-
23023C19-;23023C19-
23024A00K;23024A00-
23024A012;23024A012
23024A08-;23024A08-
23024A091;23024A091
23024A10K;23024A102
23024A18-;23024A18-
23024A191;23024A191
23024B00K;23024B00-
23024B09K;23024B09-
23024C00K;23024C00-
23024C01-;23024C01-
23024C022;23024C022
23024C03K;23024C033
23024C091;23024C091
23024D000;23024D000
23024D012;23024D012
23024D081;23024D081
23024D09-;23024D09-
23025A000;23025A000
23025A01-;23025A01-
23025A032;23025A032
23025A04K;23025A042
23025A07-;23025A07-
23025A081;23025A081
23025A091;23025A091
23025A113;23025A113
23025A122;23025A122
23025A13K;23025A133
23025A18K;23025A181
23025A18L;23025A181
23025A191;23025A191
23025A212;23025A212
23025A223;23025A223
23025A233;23025A233
23025A244;23025A244
23025A291;23025A291
23025A30-;23025A30-
23025A311;23025A311
23025A332;23025A332
23025A372;23025A372
23025A380;23025A380
23025A391;23025A391
23025A40-;23025A40-
23025A41K;23025A412
23025A425;23025A425
23025A473;23025A473
23025A516;23025A516
23025B00-;23025B00-
23025B011;23025B011
23025B021;23025B021
23025B031;23025B031
23025B042;23025B042
23025B052;23025B052
23025B091;23025B091
23025B112;23025B112
23025B133;23025B133
23025B19-;23025B19-
23025B212;23025B212
23025C00-;23025C00-
23025C01-;23025C01-
23025C022;23025C022
23025C0AA;23025C0AA
23025C0PK;23025C0PA
23025C0PL;23025C0PA
23025C0PM;23025C0PA
23025D000;23025D000
23025D01-;23025D01-
23025D082;23025D082
23025D091;23025D091
23025D11-;23025D11-
23027A00K;23027A00-
23027A00L;23027A00-
23027A01K;23027A011
23027A01L;23027A011
23027A02K;23027A02-
23027A02L;23027A02-
23027A03K;23027A03-
23027A03L;23027A03-
23027A03M;23027A03-
23027A04K;23027A042
23027A04L;23027A042
23027A05K;23027A052
23027A05L;23027A052
23027A08K;23027A083
23027A09K;23027A091
23027A09L;23027A091
23027A10K;23027A100
23027A10L;23027A100
23027A11K;23027A11-
23027A12-;23027A12-
23027A13K;23027A131
23027A13L;23027A131
23027A14K;23027A142
23027A14L;23027A142
23027A14M;23027A142
23027A15K;23027A152
23027A15L;23027A152
23027A183;23027A183
23027A1AK;23027A1AA
23027A1PK;23027A1PA
23027A1PL;23027A1PA
23027A20K;23027A20-
23027A21K;23027A212
23027A29K;23027A291
23027A39-;23027A39-
23027A402;23027A402
23027A483;23027A483
23027A491;23027A491
23027A511;23027A511
23027A57K;23027A572
23027A59K;23027A593
23027B00-;23027B00-
23027B01K;23027B01-
23027B02K;23027B02-
23027B03-;23027B03-
23027B052;23027B052
23027B07K;23027B07-
23027B091;23027B091
23027B19-;23027B19-
23027C00K;23027C00-
23027C01K;23027C01-
23027C01L;23027C01-
23027C02K;23027C022
23027C03K;23027C033
23027C08K;23027C08-
23027C08L;23027C08-
23027C091;23027C091
23032A001;23032A001
23032A01K;23032A012
23032A08K;23032A08-
23032A09-;23032A09-
23032A10K;23032A100
23032A19K;23032A190
23032A212;23032A212
23032A291;23032A291
23032B00-;23032B00-
23032B09-;23032B09-
23032C00-;23032C00-
23032C09-;23032C09-
23032C112;23032C112
23032C191;23032C191
23033A00K;23033A00-
23033A00L;23033A00-
23033A01K;23033A011
23033A01L;23033A011
23033A022;23033A022
23033A03K;23033A032
23033A03L;23033A032
23033A043;23033A043
23033A05K;23033A053
23033A05L;23033A053
23033A091;23033A091
23033A124;23033A124
23033A142;23033A142
23033A191;23033A191
23038A00K;23038A000
23038A00L;23038A000
23038A099;23038A099
23038A19-;23038A19-
23038A28-;23038A28-
23038A291;23038A291
23038A39-;23038A39-
23038A4AB;23038A4AB
23038A4MA;23038A4MA
23038A4PA;23038A4PA
23038A4QB;23038A4QB
23038B00-;23038B00-
23038B09-;23038B09-
23038B19-;23038B19-
23038C00-;23038C00-
23038C012;23038C012
23038C023;23038C023
23038C091;23038C091
23038C19-;23038C19-
23038D00K;23038D000
23038D01-;23038D01-
23038D02-;23038D02-
23038D032;23038D032
23038D083;23038D083
23038D091;23038D091
23038D11-;23038D11-
23038D29-;23038D29-
23038D39K;23038D390
23038D39L;23038D390
23039A00K;23039A00-
23039A02-;23039A02-
23039A03K;23039A03-
23039A041;23039A041
23039A05K;23039A052
23039A07K;23039A07-
23039A11K;23039A11-
23039A12K;23039A121
23039A132;23039A132
23039A18K;23039A183
23039A194;23039A194
23039B00K;23039B000
23039B09K;23039B090
23039C00K;23039C00-
23039C01K;23039C012
23039C08-;23039C08-
23039C0PK;23039C0PN
23039C19K;23039C19-
23044A001;23044A001
23044A01K;23044A01-
23044A01L;23044A01-
23044A022;23044A022
23044A032;23044A032
23044A081;23044A081
23044A09-;23044A09-
23044A10K;23044A10-
23044A10L;23044A10-
23044A1MJ;23044A1MJ
23044A2AN;23044A2AN
23044A2PN;23044A2PN
23045A000;23045A000
23045A010;23045A010
23045A022;23045A022
23045A03K;23045A031
23045A04K;23045A042
23045A053;23045A053
23045A08K;23045A081
23045A112;23045A112
23045A17-;23045A17-
23045A191;23045A191
23045A20-;23045A20-
23045A210;23045A210
23045A222;23045A222
23045A2PK;23045A2PP
23045B00-;23045B00-
23045B022;23045B022
23045B08-;23045B08-
23045B091;23045B091
23045B0AP;23045B0AP
23045C000;23045C000
23045C012;23045C012
23045C083;23045C083
23045C091;23045C091
23047A01K;23047A01-
23047A01L;23047A01-
23047A01M;23047A01-
23047A02K;23047A02-
23047A03K;23047A03-
23047A04K;23047A041
23047A04L;23047A041
23047A05K;23047A052
23047A07-;23047A07-
23047A0MK;23047A0MJ
23047A0ML;23047A0MJ
23047A11K;23047A112
23047A12K;23047A120
23047A1PK;23047A1PN
23047A21-;23047A21-
23047A31-;23047A31-
23047A323;23047A323
23047B00K;23047B000
23047B00L;23047B000
23047B01K;23047B011
23047B01L;23047B011
23047B021;23047B021
23047B04K;23047B042
23047B07K;23047B07-
23047B170;23047B170
23047B210;23047B210
23047B31-;23047B31-
23047B320;23047B320
23050A00-;23050A00-
23050A011;23050A011
23050A03-;23050A03-
23050A04-;23050A04-
23050A052;23050A052
23050A062;23050A062
23050A08K;23050A081
23050A102;23050A102
23050A113;23050A113
23050A120;23050A120
23050A191;23050A191
23050A202;23050A202
23050A283;23050A283
23050A291;23050A291
23050A313;23050A313
23050A323;23050A323
23050A38-;23050A38-
23050A62K;23050A624
23050A70K;23050A700
23050A71K;23050A712
23050A782;23050A782
23050A79K;23050A791
23050A79L;23050A791
23050B00K;23050B00-
23050B00L;23050B00-
23050B022;23050B022
23050B033;23050B033
23050B084;23050B084
23050B091;23050B091
23050B19-;23050B19-
23050B29-;23050B29-
23050B30-;23050B30-
23050B38-;23050B38-
23050B39-;23050B39-
23050B4AK;23050B4AA
23050B4AL;23050B4AA
23050B4PA;23050B4PA
23050B59-;23050B59-
23052A00K;23052A00-
23052A00L;23052A00-
23052A01K;23052A011
23052A01L;23052A011
23052A01M;23052A011
23052A020;23052A020
23052A03K;23052A032
23052A03L;23052A032
23052A042;23052A042
23052A09K;23052A09-
23052A09L;23052A09-
23052A0MK;23052A0MA
23052A0PA;23052A0PA
23052A10K;23052A100
23052A10L;23052A100
23052A11-;23052A11-
23052A190;23052A190
23052B00-;23052B00-
23052B01K;23052B012
23052B09K;23052B091
23052B102;23052B102
23052B183;23052B183
23052B191;23052B191
23052B29-;23052B29-
23052B39-;23052B39-
23052B491;23052B491
23052C00-;23052C00-
23060A00-;23060A00-
23060A01K;23060A010
23060A01L;23060A010
23060A01M;23060A010
23060A04K;23060A042
23060A083;23060A083
23060A091;23060A091
23060A11-;23060A11-
23060A19-;23060A19-
23060A20K;23060A201
23060A282;23060A282
23060A29-;23060A29-
23060A30K;23060A30-
23060A38K;23060A38-
23060A39K;23060A39-
23060A412;23060A412
23060A48-;23060A48-
23060A491;23060A491
23060B00K;23060B00-
23060B01K;23060B01-
23060B08-;23060B08-
23060B09-;23060B09-
23062A00-;23062A00-
23062A001;23062A001
23062A012;23062A012
23062A023;23062A023
23062A032;23062A032
23062A043;23062A043
23062A054;23062A054
23062A071;23062A071
23062A081;23062A081
23062A102;23062A102
23062A113;23062A113
23062A191;23062A191
23062A202;23062A202
23062A213;23062A213
23062A291;23062A291
23062A30-;23062A30-
23062A310;23062A310
23062A321;23062A321
23062A332;23062A332
23062A340;23062A340
23062A35K;23062A353
23062A374;23062A374
23062A381;23062A381
23062A395;23062A395
23062A40-;23062A40-
23062A411;23062A411
23062A421;23062A421
23062A432;23062A432
23062A440;23062A440
23062A472;23062A472
23062A480;23062A480
23062A50-;23062A50-
23062A59-;23062A59-
23062A604;23062A604
23062A612;23062A612
23062A625;23062A625
23062A63-;23062A63-
23062A715;23062A715
23062A726;23062A726
23062A737;23062A737
23062A788;23062A788
23062A791;23062A791
23062A816;23062A816
23062A827;23062A827
23062A838;23062A838
23062A841;23062A841
23062A842;23062A842
23062A882;23062A882
23062A893;23062A893
23062A911;23062A911
23062A913;23062A913
23062A922;23062A922
23062A924;23062A924
23062A932;23062A932
23062A991;23062A991
23064A000;23064A000
23064A090;23064A090
23064A19-;23064A19-
23064A29-;23064A29-
23064A39-;23064A39-
23064B002;23064B002
23064B091;23064B091
23064C002;23064C002
23064C091;23064C091
23064D002;23064D002
23064D091;23064D091
23064E00K;23064E002
23064E09K;23064E091
23064F002;23064F002
23064F091;23064F091
23077A001;23077A001
23077A01K;23077A012
23077A022;23077A022
23077A09K;23077A09-
23077A09L;23077A09-
23077A09M;23077A09-
23077A09O;23077A09-
23077A11-;23077A11-
23077A20K;23077A20-
23077A20L;23077A20-
23077A20M;23077A20-
23077A21K;23077A21-
23077A21L;23077A21-
23077A21M;23077A21-
23077A22K;23077A22-
23077A22L;23077A22-
23077A291;23077A291
23077A30K;23077A30-
23077A30L;23077A30-
23077A30M;23077A30-
23077A30O;23077A30-
23077A31K;23077A31-
23077A31L;23077A31-
23077B002;23077B002
23077B091;23077B091
23077C002;23077C002
23077C091;23077C091
23077D00-;23077D00-
23077D012;23077D012
23077D023;23077D023
23077D09K;23077D091
23077D09L;23077D091
23077E00K;23077E00-
23077E00L;23077E00-
23077E00M;23077E00-
23077E01K;23077E01-
23077E01L;23077E01-
23077E02K;23077E02-
23077E02L;23077E02-
23077E09-;23077E09-
23081A00K;23081A001
23081A01K;23081A01-
23081A02K;23081A022
23081A032;23081A032
23081A09K;23081A091
23081A10K;23081A10-
23081A19K;23081A191
23081A222;23081A222
23081A2MJ;23081A2MJ
23081A31K;23081A311
23081A3AJ;23081A3AJ
23081B000;23081B000
23081B01K;23081B01-
23081B02K;23081B022
23081B09K;23081B091
23081B1MJ;23081B1MJ
23081B1NJ;23081B1NJ
23081C00K;23081C00-
23081C01K;23081C012
23081C083;23081C083
23081C09K;23081C091
23081C19-;23081C19-
23086A00-;23086A00-
23086A01K;23086A010
23086A02K;23086A022
23086A02L;23086A022
23086A032;23086A032
23086A073;23086A073
23086A081;23086A081
23086A09K;23086A091
23086A100;23086A100
23086A194;23086A194
23086B00-;23086B00-
23086B012;23086B012
23086B091;23086B091
23086B182;23086B182
23086B191;23086B191
23086C00K;23086C000
23086C00L;23086C000
23086C01-;23086C01-
23086C09-;23086C09-
23086C0AA;23086C0AA
23086C0PA;23086C0PA
23086C10K;23086C10-
23086C10L;23086C10-
23086C10M;23086C10-
23086C11-;23086C11-
23086C19-;23086C19-
2308810PQ;2308810PQ
23088A00K;23088A00-
23088A01-;23088A01-
23088A02K;23088A02-
23088A02L;23088A02-
23088A02M;23088A02-
23088A03K;23088A03-
23088A03L;23088A03-
23088A03M;23088A03-
23088A041;23088A041
23088A08-;23088A08-
23088A0MK;23088A0MP
23088A101;23088A101
23088A13-;23088A13-
23088A14K;23088A14-
23088A15K;23088A152
23088A17K;23088A17-
23088A17L;23088A17-
23088A20K;23088A200
23088A20L;23088A200
23088A211;23088A211
23088A220;23088A220
23088A230;23088A230
23088A252;23088A252
23088A28-;23088A28-
23088A29K;23088A290
23088A30K;23088A301
23088A30L;23088A301
23088A30M;23088A301
23088A392;23088A392
23088A40K;23088A40-
23088A411;23088A411
23088A422;23088A422
23088A60K;23088A60-
23088A69K;23088A69-
23088A69L;23088A69-
23088A77K;23088A77-
23088A81K;23088A812
23088A81L;23088A812
23088A82-;23088A82-
23088A83K;23088A830
23088A83L;23088A830
23088A83M;23088A830
23088A83O;23088A830
23088A84-;23088A84-
23088B00L;23088B000
23088B00K;23088B000
23088B0MK;23088B0MV
23088B0PV;23088B0PV
23094A00K;23094A00-
23094A00L;23094A00-
23094A01K;23094A010
23094A02K;23094A02-
23094A03K;23094A03-
23094A04K;23094A041
23094A05K;23094A05-
23094A072;23094A072
23094A08K;23094A081
23094A0MJ;23094A0MJ
23094A11K;23094A11-
23094A12K;23094A12-
23094A13K;23094A13-
23094A15K;23094A15-
23094A17K;23094A172
23094A23K;23094A231
23094A2MK;23094A2MJ
23094B00K;23094B00-
23094B01K;23094B01-
23094B02K;23094B022
23094B03K;23094B032
23094B09K;23094B091
23094B0MK;23094B0MA
23094B0PK;23094B0PA
23094B2MK;23094B2MJ
23094C00K;23094C001
23094C01K;23094C010
23094C04K;23094C041
23094C04L;23094C041
23094C05K;23094C052
23094C08K;23094C081
23094C09K;23094C09-
23094C09L;23094C09-
23094C11K;23094C112
23094C12K;23094C122
23094C12L;23094C122
23094C13K;23094C132
23094C18K;23094C18-
23094C29K;23094C29-
23094D00K;23094D000
23094D02K;23094D022
23094D03K;23094D031
23094D05K;23094D050
23094D07K;23094D072
23094D091;23094D091
23094D0MK;23094D0MJ
23094D11K;23094D112
23094D12K;23094D123
23094D18K;23094D184
23094D18L;23094D184
23094D1MK;23094D1MJ
23094D21K;23094D213
23094D222;23094D222
23096A00-;23096A00-
23096A01-;23096A01-
23096A02K;23096A02-
23096A032;23096A032
23096A04K;23096A043
23096A091;23096A091
23096A1AK;23096A1AA
23096A1PK;23096A1PA
23096A202;23096A202
23096A283;23096A283
23096A291;23096A291
23096A391;23096A391
23096B00-;23096B00-
23096B011;23096B011
23096B02K;23096B022
23096B08-;23096B08-
23096B114;23096B114
23096B19-;23096B19-
23096B212;23096B212
23096B22K;23096B223
23096B29K;23096B291
23096C00-;23096C00-
23096C01-;23096C01-
23096C09-;23096C09-
23096D00K;23096D00-
23096D01K;23096D012
23096D01L;23096D012
23096D022;23096D022
23096D081;23096D081
23096D091;23096D091
23096D183;23096D183
23096E000;23096E000
23096E01-;23096E01-
23096E022;23096E022
23096E032;23096E032
23096E04K;23096E043
23096E081;23096E081
23096E0PK;23096E0PN
2309711PQ;2309711PQ
23097A00-;23097A00-
23097A012;23097A012
23097A023;23097A023
23097A09K;23097A091
23097A09L;23097A091
23097A10K;23097A102
23097A183;23097A183
23097A19K;23097A191
23097A29-;23097A29-
23097A302;23097A302
23097A382;23097A382
23097A391;23097A391
23097A40-;23097A40-
23097A41K;23097A413
23097A422;23097A422
23097A491;23097A491
23097A50K;23097A502
23097A514;23097A514
23097A591;23097A591
23097B002;23097B002
23097B081;23097B081
23097B191;23097B191
23098A00-;23098A00-
23098A01-;23098A01-
23098A02-;23098A02-
23098A04K;23098A04-
23098A04L;23098A04-
23098A04M;23098A04-
23098A0MS;23098A0MS
23098A0NS;23098A0NS
23098A0WS;23098A0WS
23099A000;23099A000
23099A01-;23099A01-
23099A02K;23099A020
23099A02L;23099A020
23099A03-;23099A03-
23099A042;23099A042
23099A091;23099A091
23099A11-;23099A11-
23099A120;23099A120
23099A13-;23099A13-
23099A14K;23099A142
23099A153;23099A153
23099A19K;23099A191
23099A211;23099A211
23099A222;23099A222
23099A233;23099A233
23099A31-;23099A31-
23100A00-;23100A00-
23100A011;23100A011
23100A022;23100A022
23100A10-;23100A10-
23100A112;23100A112
23100A191;23100A191
23100A21-;23100A21-
23101A00-;23101A00-
23101A01-;23101A01-
23101A02K;23101A02-
23101A02L;23101A02-
23101A03K;23101A030
23101A03L;23101A030
23101A04-;23101A04-
23101A05K;23101A052
23101A09K;23101A091
23101A10-;23101A10-
23101A11K;23101A111
23101A122;23101A122
23101A19K;23101A19-
23101A21K;23101A212
23101A29K;23101A291
23101A31-;23101A31-
23101A32K;23101A322
23101A391;23101A391
23101A40K;23101A40-
23101A41K;23101A411
23101A41L;23101A411
23101A483;23101A483
23101A49K;23101A49-
23102A00K;23102A00-
23102A00L;23102A00-
23102A011;23102A011
23102A022;23102A022
23102A033;23102A033
23102A04K;23102A044
23102A052;23102A052
23102A081;23102A081
23102A09K;23102A091
23102A09L;23102A091
23102A09M;23102A091
23102A10K;23102A10-
23102A10L;23102A10-
23102A11-;23102A11-
23102A122;23102A122
23102A132;23102A132
23102A143;23102A143
23102A191;23102A191
23102A21-;23102A21-
23102A313;23102A313
23102A324;23102A324
23103A00K;23103A000
23103A00L;23103A000
23103A01K;23103A010
23103A02-;23103A02-
23103A03-;23103A03-
23103A04-;23103A04-
23103A091;23103A091
23103A112;23103A112
23103A123;23103A123
23103A20K;23103A20-
23103A20L;23103A20-
23103A214;23103A214
23103A30K;23103A30-
23103A31-;23103A31-
23103A32K;23103A32-
23103A330;23103A330
23103A342;23103A342
23103A391;23103A391
23104A00K;23104A00-
23104A00L;23104A00-
23104A012;23104A012
23104A023;23104A023
23104A034;23104A034
23104A091;23104A091
23104A10-;23104A10-
23104A11-;23104A11-
23104A19K;23104A191
23104A19L;23104A191
23104B00K;23104B00-
23104B01K;23104B012
23104B091;23104B091
23104B19-;23104B19-
23104B29-;23104B29-
23104C00K;23104C002
23104C091;23104C091
23105A00K;23105A001
23105A00L;23105A001
23105A012;23105A012
23105A09-;23105A09-
23105A10-;23105A10-
23105A112;23105A112
23105A191;23105A191
23105A21K;23105A210
23105A39-;23105A39-
23105B00-;23105B00-
23105B012;23105B012
23105B091;23105B091
23105B19-;23105B19-
23105B29-;23105B29-
23105C00K;23105C001
23105C00L;23105C001
23105C01K;23105C01-
23105C01L;23105C01-
23105C02-;23105C02-
23105C032;23105C032
24001A00K;24001A00-
24001A00L;24001A00-
24001A01K;24001A011
24001A01L;24001A011
24001A031;24001A031
24001A07-;24001A07-
24001A082;24001A082
24001A09K;24001A091
24001A10K;24001A101
24001A11K;24001A112
24001A12K;24001A122
24001A12L;24001A122
24001A13K;24001A132
24001A184;24001A184
24001A191;24001A191
24001A201;24001A201
24001A21K;24001A212
24001A21L;24001A212
24001A223;24001A223
24001A23K;24001A231
24001A23L;24001A231
24001A24K;24001A242
24001A312;24001A312
24001A323;24001A323
24001B001;24001B001
24001B012;24001B012
24001B082;24001B082
24001B091;24001B091
24001B10-;24001B10-
24001B19K;24001B19-
24001B19L;24001B19-
24001B20-;24001B20-
24001B212;24001B212
24001B223;24001B223
24001B291;24001B291
24001C001;24001C001
24001C01K;24001C011
24001C022;24001C022
24001C032;24001C032
24001C043;24001C043
24001C052;24001C052
24001C09K;24001C091
24001C09L;24001C091
24001C09M;24001C091
24001D001;24001D001
24001D012;24001D012
24001D08-;24001D08-
24001D09-;24001D09-
24007A00K;24007A00-
24007A00L;24007A00-
24007A011;24007A011
24007A022;24007A022
24007A032;24007A032
24007A083;24007A083
24007A09K;24007A091
24007A09L;24007A091
24007B00-;24007B00-
24007B022;24007B022
24007B09K;24007B091
24007B09L;24007B091
24007B0AA;24007B0AA
24007B0PA;24007B0PA
24008A001;24008A001
24008A022;24008A022
24008A082;24008A082
24008A09K;24008A091
24008A09L;24008A091
24008A18-;24008A18-
24008A19-;24008A19-
24008B00K;24008B00-
24008B01-;24008B01-
24008B02-;24008B02-
24008B09-;24008B09-
24008C09-;24008C09-
24008C19-;24008C19-
24008C29-;24008C29-
24009A000;24009A000
24009A01K;24009A010
24009A01L;24009A010
24009A022;24009A022
24009A080;24009A080
24009A091;24009A091
24009A19-;24009A19-
24009B00-;24009B00-
24009B09-;24009B09-
24009C000;24009C000
24009C01-;24009C01-
24009C02K;24009C020
24009C02L;24009C020
24009C032;24009C032
24009C042;24009C042
24009C081;24009C081
24009C091;24009C091
24009C113;24009C113
24009C19-;24009C19-
24011A000;24011A000
24011A081;24011A081
24011A090;24011A090
24011A102;24011A102
24011A191;24011A191
24011A29-;24011A29-
24011A3PP;24011A3PP
24011A49-;24011A49-
24011A50K;24011A502
24011A591;24011A591
24011A692;24011A692
24011B00-;24011B00-
24011B012;24011B012
24011B02-;24011B02-
24011B081;24011B081
24011B211;24011B211
24011B221;24011B221
24011C00-;24011C00-
24011C01-;24011C01-
24011C022;24011C022
24011C08-;24011C08-
24011C091;24011C091
24011D70-;24011D70-
24011D71-;24011D71-
24011D722;24011D722
24011D791;24011D791
2401410PQ;2401410PQ
24014A001;24014A001
24014A01-;24014A01-
24014A022;24014A022
24014A031;24014A031
24014A09K;24014A090
24014A09L;24014A090
24014A0AJ;24014A0AJ
24014A11-;24014A11-
24014A190;24014A190
24014A372;24014A372
24014A39-;24014A39-
24014B00-;24014B00-
24014B01K;24014B012
24014B09K;24014B091
24014B100;24014B100
24014B112;24014B112
24014B122;24014B122
24014B133;24014B133
24014B181;24014B181
24014B1AA;24014B1AA
24014B1PA;24014B1PA
24014B2AK;24014B2AN
24014B2AL;24014B2AN
24014B31K;24014B314
24014B39K;24014B395
24016A00-;24016A00-
24016A012;24016A012
24016A09K;24016A091
24016A10-;24016A10-
24016A112;24016A112
24016A183;24016A183
24016A191;24016A191
24016A20-;24016A20-
24016A29K;24016A29-
24016B00-;24016B00-
24016B08-;24016B08-
24016B09-;24016B09-
24016C000;24016C000
24016C01K;24016C011
24016C022;24016C022
24016C09K;24016C093
24016C19-;24016C19-
24016D30-;24016D30-
24016D382;24016D382
24016D391;24016D391
24016D40-;24016D40-
24016D49-;24016D49-
24016D59-;24016D59-
24020A001;24020A001
24020A002;24020A002
24020A00K;24020A003
24020A00L;24020A003
24020A00M;24020A004
24020A00O;24020A004
24020A011;24020A011
24020A02K;24020A02-
24020A02L;24020A02-
24020A04-;24020A04-
24020A07-;24020A07-
24020A082;24020A082
24020A11-;24020A11-
24020B001;24020B001
24020B002;24020B002
24020B012;24020B012
24020B073;24020B073
24020B08-;24020B08-
24020B0MA;24020B0MA
24020B0PA;24020B0PA
24020B11-;24020B11-
24020C001;24020C001
24020C002;24020C002
24020C01K;24020C012
24020C081;24020C081
24020C091;24020C091
24020D002;24020D002
24020D00K;24020D001
24020D010;24020D010
24020D02K;24020D022
24020D091;24020D091
24020D103;24020D103
24020E00K;24020E000
24020E00L;24020E000
24020E02-;24020E02-
24020E030;24020E030
24020E07-;24020E07-
24020E090;24020E090
24020E11-;24020E11-
24020E19-;24020E19-
24020F00-;24020F00-
24020F012;24020F012
24020F023;24020F023
24020F034;24020F034
24020F081;24020F081
24020F09-;24020F09-
24028A00-;24028A00-
24028A012;24028A012
24028A09-;24028A09-
24028A19-;24028A19-
24028A29-;24028A29-
24028A391;24028A391
24028A49-;24028A49-
24028A50-;24028A50-
24028A59-;24028A59-
24028B00-;24028B00-
24028B01-;24028B01-
24028B022;24028B022
24028B09K;24028B091
24028B09L;24028B091
24028C00-;24028C00-
24028C09-;24028C09-
24033A000;24033A000
24033A012;24033A012
24033A022;24033A022
24033A081;24033A081
24033A091;24033A091
24033A102;24033A102
24033A1AW;24033A1AW
24033A1PW;24033A1PW
24033B000;24033B000
24033B012;24033B012
24033B091;24033B091
24033B100;24033B100
24033B18K;24033B181
24033B18L;24033B181
24033B1MA;24033B1MA
24033B1PA;24033B1PA
24033B59-;24033B59-
24033C00-;24033C00-
24033C01K;24033C012
24033C023;24033C023
24033C09K;24033C091
24033C10-;24033C10-
24033C110;24033C110
24038A00K;24038A00-
24038A00L;24038A00-
24038A00M;24038A00-
24038A011;24038A011
24038A022;24038A022
24038A08K;24038A082
24038A0AA;24038A0AA
24038A0PA;24038A0PA
24038A10-;24038A10-
24038A11K;24038A112
24038A11L;24038A112
24038A122;24038A122
24038A133;24038A133
24038A181;24038A181
24038A191;24038A191
24038A214;24038A214
24038A22-;24038A22-
24038A38K;24038A38-
24038A39K;24038A39-
24038A41-;24038A41-
24038B00K;24038B00-
24038B012;24038B012
24038B02K;24038B023
24038B081;24038B081
24038B09K;24038B091
24038B102;24038B102
24038B112;24038B112
24038B183;24038B183
24038B191;24038B191
24038B284;24038B284
24038B31K;24038B313
24038C00-;24038C00-
24038C01-;24038C01-
24038C02-;24038C02-
24038C09-;24038C09-
24038C11K;24038C112
24038C191;24038C191
24038C212;24038C212
24038C29K;24038C291
24038C29L;24038C291
24041A00K;24041A000
24041A00L;24041A000
24041A00M;24041A000
24041A022;24041A022
24041A08K;24041A08-
24041A091;24041A091
24041A200;24041A200
24041A290;24041A290
24041A30-;24041A30-
24041A39-;24041A39-
24041A40-;24041A40-
24041A41-;24041A41-
24041A48K;24041A482
24041A49K;24041A492
24041B00-;24041B00-
24041B09-;24041B09-
24041C00-;24041C00-
24041C09-;24041C09-
24041C182;24041C182
24041C192;24041C192
24043A00-;24043A00-
24043A012;24043A012
24043A02K;24043A023
24043A02L;24043A023
24043A091;24043A091
24043A10-;24043A10-
24043A12K;24043A122
24043A12L;24043A122
24043A1MA;24043A1MA
24043A1PA;24043A1PA
24043B00-;24043B00-
24043B08-;24043B08-
24043B09-;24043B09-
24043B10-;24043B10-
24043B19-;24043B19-
24043C00-;24043C00-
24043C01-;24043C01-
24043C09-;24043C09-
24043D00K;24043D00-
24043D09-;24043D09-
24045A00K;24045A00-
24045A01K;24045A012
24045A0AA;24045A0AA
24045A0PK;24045A0PA
24045A19-;24045A19-
24045A29-;24045A29-
24045B00-;24045B00-
24045B012;24045B012
24045B091;24045B091
24045B19-;24045B19-
24045C000;24045C000
24045C012;24045C012
24045C091;24045C091
24045C19-;24045C19-
24045D00-;24045D00-
24045D012;24045D012
24045D023;24045D023
24045D091;24045D091
24045E00K;24045E00-
24045E0AK;24045E0AA
24045E0BA;24045E0BA
24045E0PK;24045E0PA
24048A00K;24048A000
24048A00L;24048A000
24048A01K;24048A012
24048A01L;24048A012
24048A02K;24048A023
24048A02L;24048A023
24048A03K;24048A034
24048A03L;24048A034
24048A08K;24048A080
24048A08L;24048A080
24048A0PN;24048A0PN
24048A11K;24048A11-
24048A11L;24048A11-
24048A2AK;24048A2AA
24048A2AL;24048A2AA
24048A2PK;24048A2PA
24054A00-;24054A00-
24054A08-;24054A08-
24054A09-;24054A09-
24054A19-;24054A19-
24054B00K;24054B00-
24054C00K;24054C000
24054C09K;24054C090
24054C18-;24054C18-
24054C19-;24054C19-
24054C282;24054C282
24054C292;24054C292
24054D00-;24054D00-
24054D09-;24054D09-
24054D102;24054D102
24054D191;24054D191
24054E00K;24054E000
24054E09K;24054E09-
24055A00K;24055A001
24055A00L;24055A001
24055A010;24055A010
24055A022;24055A022
24055A032;24055A032
24055A04K;24055A042
24055A04L;24055A042
24055A05K;24055A052
24055A05L;24055A052
24055A081;24055A081
24055A09K;24055A091
24055A10-;24055A10-
24055A191;24055A191
24055B00-;24055B00-
24055B01-;24055B01-
24055B020;24055B020
24055B032;24055B032
24055B080;24055B080
24055B09-;24055B09-
24055B10-;24055B10-
24055B181;24055B181
24055B19-;24055B19-
24055B213;24055B213
24055B2MB;24055B2MB
24055B2PB;24055B2PB
24055B39-;24055B39-
24055B4AA;24055B4AA
24055B4PA;24055B4PA
24055C001;24055C001
24055C01K;24055C012
24055C0AA;24055C0AA
24055C0PA;24055C0PA
24055D00-;24055D00-
24055D012;24055D012
24055D091;24055D091
24055D1AA;24055D1AA
24055D1PA;24055D1PA
24055D20K;24055D200
24055D29K;24055D291
24055D29L;24055D291
24055D312;24055D312
24059A00-;24059A00-
24059A01-;24059A01-
24059A02-;24059A02-
24059A03-;24059A03-
24059A04K;24059A042
24059A04L;24059A042
24059A052;24059A052
24059A072;24059A072
24059A081;24059A081
24059A091;24059A091
24059A10K;24059A10-
24059A10L;24059A10-
24059A113;24059A113
24059A191;24059A191
24059B00-;24059B00-
24059B09-;24059B09-
24059C00-;24059C00-
24059C012;24059C012
24059C091;24059C091
24059C10-;24059C10-
24059C19-;24059C19-
24059C200;24059C200
24059C21K;24059C212
24059C29K;24059C291
24059C30-;24059C30-
24059C312;24059C312
24059C391;24059C391
24059D00K;24059D000
24059D012;24059D012
24059D091;24059D091
24059E00-;24059E00-
24059E09-;24059E09-
24059F00-;24059F00-
24059F09-;24059F09-
24059G00-;24059G00-
24059G08-;24059G08-
24059G099;24059G099
24059H00-;24059H00-
24059H09-;24059H09-
24059J00-;24059J00-
24059J09-;24059J09-
24059K00-;24059K00-
24059K01K;24059K012
24059K09K;24059K091
24059K113;24059K113
24059L00-;24059L00-
24059L09-;24059L09-
24062A00K;24062A00-
24062A01K;24062A01-
24062A02-;24062A02-
24062A03K;24062A03-
24062A04K;24062A04-
24062A05K;24062A05-
24062A05L;24062A05-
24062A05M;24062A05-
24062A07K;24062A07-
24062A07L;24062A07-
24062A07M;24062A07-
24062A10K;24062A10-
24062A11-;24062A11-
24062A12-;24062A12-
24062A13K;24062A13-
24062A15-;24062A15-
24062A17-;24062A17-
24062A20K;24062A20-
24062A22K;24062A22-
24062A23K;24062A23-
24062A30K;24062A30-
24062A31K;24062A31-
24062A32K;24062A32-
24062A33K;24062A33-
24062A33L;24062A33-
24062A34-;24062A34-
24062A35K;24062A35-
24062A36K;24062A36-
24062A40K;24062A40-
24062A42K;24062A42-
24062A43K;24062A43-
24062A44-;24062A44-
24062A50-;24062A50-
24062A51K;24062A51-
24062A51L;24062A51-
24062A52K;24062A52-
24062A52L;24062A52-
24062A53K;24062A53-
24062A53L;24062A53-
24062A53M;24062A53-
24062A54K;24062A54-
24062A55K;24062A55-
24062A61K;24062A61-
24062B00K;24062B00-
24062B08-;24062B08-
24062B09K;24062B091
24062B10K;24062B100
24062B10L;24062B100
24062B11K;24062B11-
24062B122;24062B122
24062B132;24062B132
24062B19K;24062B191
24062B19L;24062B191
24062B27K;24062B27-
24062B30K;24062B300
24062B32K;24062B32-
24062B33K;24062B33-
24062B33L;24062B33-
24062B35K;24062B352
24062B37K;24062B37-
24062B39K;24062B391
24062C00K;24062C00-
24062C01-;24062C01-
24062C02K;24062C02-
24062C03K;24062C03-
24062C04K;24062C04-
24062C05K;24062C05-
24062C05L;24062C05-
24062C0AK;24062C0AJ
24062C10K;24062C10-
24062C11K;24062C11-
24062C12-;24062C12-
24062C13K;24062C13-
24062C13L;24062C13-
24062C14K;24062C14-
24062C2MK;24062C2MA
24062C32-;24062C32-
24062C39K;24062C39-
24062C40-;24062C40-
24062C41K;24062C41-
24062C41L;24062C41-
24062C41M;24062C41-
24062C42K;24062C42-
24062C43K;24062C43-
24062C43L;24062C43-
24062C43M;24062E742
24062C44K;24062C44-
24062C44L;24062C44-
24062C44M;24062C44-
24062C50K;24062C50-
24062C50L;24062C50-
24062C51K;24062C51-
24062C52K;24062C52-
24062C61K;24062C61-
24062C68K;24062C68-
24062D00-;24062D00-
24062D01K;24062D01-
24062D02K;24062D02-
24062D03K;24062D03-
24062D03L;24062D03-
24062D03M;24062D03-
24062D04K;24062D04-
24062D05K;24062D05-
24062D10K;24062D10-
24062D11K;24062D11-
24062D19K;24062D19-
24062D21-;24062D21-
24062D22K;24062D22-
24062D22L;24062D22-
24062D29K;24062D290
24062D31K;24062D310
24062D39K;24062D390
24062D410;24062D410
24062D51K;24062D512
24062D59K;24062D591
24062D60K;24062D60-
24062D61K;24062D61-
24062D62K;24062D622
24062D62L;24062D622
24062D63K;24062D633
24062D64K;24062D644
24062D64L;24062D644
24062D64M;24062D644
24062E71K;24062E710
24062E72K;24062E72-
24062E73K;24062E732
24062E73L;24062E732
24062E77K;24062E774
24062E79K;24062D209
24062E79L;24062E790
24062F40K;24062F40-
24062F40L;24062F40-
24062F41K;24062F412
24062F49K;24062F491
24066A00K;24066A00-
24066A01K;24066A01-
24066A09K;24066A09-
24066A09L;24066A09-
24066A100;24066A100
24066A112;24066A112
24066A19K;24066A191
24066A19L;24066A191
24066B00-;24066B00-
24066B01-;24066B01-
24066B08-;24066B08-
24066B09-;24066B09-
24066C002;24066C002
24066C091;24066C091
24066C19-;24066C19-
24066C29-;24066C29-
24066D00-;24066D00-
24066D012;24066D012
24066D02K;24066D022
24066D03K;24066D033
24066D08K;24066D081
24066D091;24066D091
24066D10-;24066D10-
24066D19-;24066D19-
24086A000;24086A000
24086A01K;24086A012
24086A023;24086A023
24086A09K;24086A091
24086B002;24086B002
24086B09K;24086B091
24086B09L;24086B091
24086C000;24086C000
24086C012;24086C012
24086C091;24086C091
24086C0AA;24086C0AA
24086C0PA;24086C0PA
24086D00-;24086D00-
24086D01K;24086D012
24086D02K;24086D023
24086D0PN;24086D0PN
24086D19-;24086D19-
24086E00K;24086E000
24086E012;24086E012
24086E083;24086E083
24086E091;24086E091
24094A00-;24094A00-
24094A01-;24094A01-
24094A02K;24094A022
24094A02L;24094A022
24094A091;24094A091
24094A0MC;24094A0MC
24094A0QC;24094A0QC
24094A1AA;24094A1AA
24094A1BB;24094A1BB
24094A1PA;24094A1PA
24094A1QK;24094A1QB
24094A1QL;24094A1QB
24094A20-;24094A20-
24094A21-;24094A21-
24094A222;24094A222
24094A28-;24094A28-
24094A291;24094A291
24094A39-;24094A39-
24094B00-;24094B00-
24094B010;24094B010
24094B08-;24094B08-
24094B09-;24094B09-
24094B192;24094B192
24094C000;24094C000
24094C01-;24094C01-
24094C022;24094C022
24094C080;24094C080
24094C0AA;24094C0AA
24094C0PA;24094C0PA
24094C183;24094C183
24094C19-;24094C19-
24104A001;24104A001
24104A01K;24104A011
24104A021;24104A021
24104A03-;24104A03-
24104A042;24104A042
24104A05K;24104A052
24104A08-;24104A08-
24104A091;24104A091
24104A11-;24104A11-
24104A20-;24104A20-
24104A211;24104A211
24104A222;24104A222
24104A300;24104A300
24104A31-;24104A31-
24104A322;24104A322
24104A391;24104A391
24104A412;24104A412
24104A423;24104A423
24104A432;24104A432
24104B00-;24104B00-
24104B010;24104B010
24104B02-;24104B02-
24104B032;24104B032
24104B043;24104B043
24104B084;24104B084
24104B091;24104B091
24104B112;24104B112
24104B191;24104B191
24104C00K;24104C00-
24104C01K;24104C010
24104C022;24104C022
24104C09K;24104C091
24104C0AA;24104C0AA
24104C0PA;24104C0PA
24104C19-;24104C19-
24107A00-;24107A00-
24107A01K;24107A01-
24107A01L;24107A01-
24107A02K;24107A02-
24107A03K;24107A03-
24107A03L;24107A03-
24107A04-;24107A04-
24107A05K;24107A05-
24107A05L;24107A05-
24107A07-;24107A07-
24107A10-;24107A10-
24107A11K;24107A11-
24107A19-;24107A19-
24107A21-;24107A21-
24107A22-;24107A22-
24107A29-;24107A29-
24107A30-;24107A30-
24107A311;24107A311
24107A322;24107A322
24107A333;24107A333
24107A39-;24107A39-
24107A40-;24107A40-
24107A49-;24107A49-
24107A50K;24107A50-
24107A50L;24107A50-
24107A51-;24107A51-
24107B00-;24107B00-
24107B083;24107B083
24107B091;24107B091
24107B231;24107B231
24107B282;24107B282
24107C00K;24107C000
24107C010;24107C010
24107C02K;24107C023
24107C09K;24107C091
24107D00K;24107D00-
24107D01-;24107D01-
24107D020;24107D020
24107D09K;24107D090
24107D09L;24107D090
24107D191;24107D191
24107D29-;24107D29-
24107E00K;24107E00-
24107E01K;24107E012
24107E091;24107E091
24107E100;24107E100
24107E190;24107E190
24107F00-;24107F00-
24107F09-;24107F09-
24107F191;24107F191
24107F482;24107F482
24107G00-;24107G00-
24107G01-;24107G01-
24107G022;24107G022
24107G08-;24107G08-
24107G091;24107G091
24107G183;24107G183
24107G19-;24107G19-
24107H000;24107H000
24107H010;24107H010
24107H090;24107H090
24107H19-;24107H19-
24107J00-;24107J00-
24107J091;24107J091
24107J19-;24107J19-
24107J29-;24107J29-
24109A00-;24109A00-
24109A012;24109A012
24109A021;24109A021
24109A032;24109A032
24109A091;24109A091
24109A0AA;24109A0AA
24109A0PA;24109A0PA
24109A19-;24109A19-
24109A21K;24109A21-
24109A21L;24109A21-
24109B00K;24109B00-
24109B00L;24109B00-
24109B01K;24109B01-
24109B01L;24109B01-
24109B09K;24109B09-
24109B09L;24109B09-
24109B11-;24109B11-
24109B184;24109B184
24130A00-;24130A00-
24130A09K;24130A09-
24130A09L;24130A09-
24130A19-;24130A19-
24130B082;24130B082
24130B091;24130B091
24130C00-;24130C00-
24130C09-;24130C09-
24130C19-;24130C19-
24130D00-;24130D00-
24130D09-;24130D09-
24130E00K;24130E00-
24130E01K;24130E012
24130E09K;24130E091
24130E09L;24130E091
24130E19-;24130E19-
24130E29-;24130E29-
24133A00-;24133A00-
24133A09-;24133A09-
24133B00K;24133B00-
24133B081;24133B081
24133B09-;24133B09-
24133B102;24133B102
24133C00K;24133C000
24133C09K;24133C090
24133C09L;24133C090
24133D00-;24133D00-
24133D09-;24133D09-
24133E00-;24133E00-
24133E08-;24133E08-
24133E09-;24133E09-
24133F00-;24133F00-
24133F09-;24133F09-
24133G00-;24133G00-
24133G09-;24133G09-
24134A00-;24134A00-
24134A011;24134A011
24134A01K;24134A012
24134A01L;24134A012
24134A023;24134A023
24134A092;24134A092
24134A09K;24134A091
24134A10K;24134A10-
24134A10L;24134A10-
24134A114;24134A114
24134A191;24134A191
24134A192;24134A192
24134B00-;24134B00-
24134B091;24134B091
24134B092;24134B092
24134B10K;24134B10-
24134B19K;24134B19-
24134B20K;24134B201
24134B20L;24134B202
24134B212;24134B212
24134B291;24134B291
24134B31-;24134B31-
24134C001;24134C001
24134C002;24134C002
24134C09K;24134C09-
24134C09L;24134C09-
24134D001;24134D001
24134D002;24134D002
24134D01-;24134D01-
24134D022;24134D022
24134D091;24134D091
24134D112;24134D112
24134D19K;24134D191
24134D19L;24134D191
24134E00K;24134E00-
24134E00L;24134E00-
24134E01K;24134E014
24134E08-;24134E08-
24134E091;24134E091
24134E092;24134E092
24134E093;24134E093
24134F00K;24134F003
24134F09K;24134F092
24135A001;24135A001
24135A012;24135A012
24135A09K;24135A091
24135A09L;24135A091
24135A11-;24135A11-
24135A122;24135A122
24135A20K;24135A201
24135A212;24135A212
24135A29K;24135A29-
24135A29L;24135A29-
24135B00K;24135B00-
24135B09K;24135B09-
24135B10K;24135B100
24135B19K;24135B190
24135C000;24135C000
24135C012;24135C012
24135C080;24135C080
24135C091;24135C091
24135C190;24135C190
24135D00-;24135D00-
24135D012;24135D012
24135D023;24135D023
24135D0AA;24135D0AA
24135D0PK;24135D0PA
24135D0PL;24135D0PA
24137A00K;24137A00-
24137A09-;24137A09-
24137A10-;24137A10-
24137A19-;24137A19-
24137A28-;24137A28-
24137B00-;24137B00-
24137B09-;24137B09-
24137B10K;24137B10-
24137B19K;24137B19-
24137C000;24137C000
24137C012;24137C012
24137C081;24137C081
24137C091;24137C091
24137C191;24137C191
24137D000;24137D000
24137D090;24137D090
25005A00K;25005A001
25005A012;25005A012
25005A090;25005A090
25005A10-;25005A10-
25005A19K;25005A190
25005A19L;25005A190
25005B00K;25005B00-
25005B01-;25005B01-
25005B09K;25005B099
25005C00K;25005C00-
25005C01K;25005C01-
25005C08K;25005C082
25005C09K;25005C091
25005D00K;25005D00-
25005D01-;25005D01-
25005D09-;25005D09-
25005E00K;25005E001
25005E01K;25005E012
25005E09K;25005E090
25005E09L;25005E090
25005E09M;25005E090
25005E10-;25005E10-
25005E19-;25005E19-
2501410PQ;2501410PQ
25014A00-;25014A00-
25014A01-;25014A01-
25014A02K;25014A020
25014A03K;25014A031
25014A03L;25014A031
25014A04-;25014A04-
25014A05-;25014A05-
25014A082;25014A082
25014A09K;25014A091
25014A09L;25014A091
25014A100;25014A100
25014A11-;25014A11-
25014A120;25014A120
25014A13-;25014A13-
25014A141;25014A141
25014A150;25014A150
25014A180;25014A180
25014A191;25014A191
25014A21-;25014A21-
25014A22-;25014A22-
25014A2PN;25014A2PN
25014A400;25014A400
25014A410;25014A410
25014A42-;25014A42-
25014A431;25014A431
25014A442;25014A442
25014A491;25014A491
25014A50K;25014A501
25014A50L;25014A501
25014A52K;25014A522
25014A52L;25014A522
25014A572;25014A572
25014A57K;25014A57-
25014A610;25014A610
25014A622;25014A622
25014A632;25014A632
25014A683;25014A683
25014A691;25014A691
25014A694;25014A694
25014A70-;25014A70-
25014A71-;25014A71-
25014A812;25014A812
25014A823;25014A823
25014A914;25014A914
25014B00K;25014B001
25014B012;25014B012
25014B023;25014B023
25014B034;25014B034
25014B04K;25014B042
25014B053;25014B053
25014B09K;25014B091
25014B09L;25014B091
25014B09M;25014B091
25014B100;25014B100
25014C00K;25014C00-
25014C010;25014C010
25014C022;25014C022
25014C08K;25014C081
25014C091;25014C091
25014C10K;25014C10-
25014C11K;25014C113
25014C182;25014C182
25014C191;25014C191
25014C213;25014C213
25014C91K;25014C912
25015A00K;25015A00-
25015A01K;25015A011
25015A01L;25015A011
25015A02-;25015A02-
25015A03-;25015A03-
25015A08K;25015A08-
25015A09-;25015A09-
25015A10K;25015A10-
25015A11K;25015A11-
25015A12K;25015A121
25015A12L;25015A121
25015A132;25015A132
25015A14K;25015A142
25015A18K;25015A18-
25015A191;25015A191
25015A29K;25015A29-
25015B00K;25015B00-
25015B00L;25015B00-
25015B01K;25015B010
25015B0QK;25015B0QP
25015B10K;25015B101
25015B110;25015B110
25015B172;25015B172
25015B18K;25015B180
25018A000;25018A000
25018A01-;25018A01-
25018A082;25018A082
25018A08K;25018A085
25018A09K;25018A091
25018A10-;25018A10-
25018A11K;25018A110
25018A12K;25018A120
25018A13K;25018A133
25018A13L;25018A133
25018A13M;25018A133
25018A144;25018A144
25018A191;25018A191
25018B00-;25018B00-
25018B010;25018B010
25018B09-;25018B09-
25018B10-;25018B10-
25018B11-;25018B11-
25018B191;25018B191
25018B312;25018B312
25018C000;25018C000
25018C01-;25018C01-
25018C020;25018C020
25018C08K;25018C080
25018C091;25018C091
25018C112;25018C112
25018C193;25018C193
25018C294;25018C294
25018D00-;25018D00-
25018D082;25018D082
25018D091;25018D091
25018E000;25018E000
25018E01-;25018E01-
25018E02-;25018E02-
25018E032;25018E032
25018E08K;25018E081
25018E112;25018E112
25018F00-;25018F00-
25018F09K;25018F09-
25023A001;25023A001
25023A011;25023A011
25023A022;25023A022
25023A073;25023A073
25023A082;25023A082
25023A091;25023A091
25023A10K;25023A100
25023A10L;25023A100
25023A1AA;25023A1AA
25023A1PK;25023A1PA
25023A200;25023A200
25023A28-;25023A28-
25023A291;25023A291
25023A2AK;25023A2AB
25023A2PK;25023A2PB
25023A30-;25023A30-
25023A31K;25023A310
25023A38K;25023A382
25023A391;25023A391
25023A40-;25023A40-
25023A483;25023A483
25023A492;25023A492
25023A499;25023A499
25023A512;25023A512
25023A610;25023A610
25031A00K;25031A00-
25031A01-;25031A01-
25031B000;25031B000
25031B08K;25031B082
25031B09K;25031B091
25031B11K;25031B11-
25031B122;25031B122
25031B133;25031B133
25031B191;25031B191
25031B2AJ;25031B2AJ
25031B31K;25031B31-
25031C00-;25031C00-
25031C01-;25031C01-
25031C09K;25031C09-
25031C11K;25031C11-
25031C19K;25031C19-
25031C20K;25031C20-
25031D00-;25031D00-
25031D09-;25031D09-
25031E00K;25031E000
25031E00L;25031E000
25031E01K;25031E01-
25031E02-;25031E02-
25031E08K;25031E082
25031E09K;25031E091
25031E11-;25031E11-
25031E19K;25031E191
25031E292;25031E292
25031F00K;25031F000
25031F01-;25031F01-
25031F02K;25031F022
25031F08-;25031F08-
25031F09K;25031F091
25031G00K;25031G00-
25031G013;25031G013
25031G08K;25031G082
25031G09K;25031G091
25031G11-;25031G11-
25031G19K;25031G19-
25031G214;25031G214
25031H00-;25031H00-
25031H08K;25031H089
25031H09K;25031H09-
25031H10-;25031H10-
25031H110;25031H110
25031H120;25031H120
25031H132;25031H132
25031H210;25031H210
25031H29-;25031H29-
25037A00K;25037A001
25037A012;25037A012
25037A023;25037A023
25037A09K;25037A091
25037A18-;25037A18-
25037A199;25037A199
25037A282;25037A282
25037A29K;25037A291
25037A30-;25037A30-
25037A39K;25037A39-
25037A39L;25037A39-
25037A41-;25037A41-
25037A500;25037A500
25037A59K;25037A590
25037A60K;25037A600
25037A68-;25037A68-
25037A691;25037A691
25037A71K;25037A71-
25037A782;25037A782
25037A79K;25037A793
25037B00-;25037B00-
25037B01-;25037B01-
25037B02K;25037B02-
25037B09K;25037B091
25037B10K;25037B109
25037B29K;25037B299
25037C001;25037C001
25037C012;25037C012
25037C090;25037C090
25037C10K;25037C10-
25037C190;25037C190
25037C21-;25037C21-
25037C29K;25037C290
25037C29L;25037C290
25037D00-;25037D00-
25037D091;25037D091
25037D10-;25037D10-
25037D19K;25037D19-
25037D20K;25037D20-
25037D21-;25037D21-
25037D222;25037D222
25037D29K;25037D29-
25037E001;25037E001
25037E012;25037E012
25037E082;25037E082
25037E09K;25037E091
25037E193;25037E193
25037E294;25037E294
25043A00K;25043A00-
25043A01-;25043A01-
25043A022;25043A022
25043A09K;25043A091
25043B00K;25043B000
25043B080;25043B080
25043B09K;25043B09-
25043B19-;25043B19-
25043C00-;25043C00-
25043C09-;25043C09-
25043C10-;25043C10-
25043C19-;25043C19-
25043D00-;25043D00-
25043D09-;25043D09-
25043D19-;25043D19-
25043E001;25043E001
25043E01-;25043E01-
25043E082;25043E082
25043E091;25043E091
25043E092;25043E092
25043E100;25043E100
25043E122;25043E122
25043E183;25043E183
25043E19K;25043E19-
25043E19L;25043E19-
25044A00-;25044A00-
25044A01-;25044A01-
25044A033;25044A033
25044A08K;25044A082
25044A091;25044A091
25044A11-;25044A11-
25044A19-;25044A19-
25044A200;25044A200
25044A290;25044A290
25044A39K;25044A39-
25044A47-;25044A47-
25044A49-;25044A49-
25044A69K;25044A691
25044B00-;25044B00-
25044B08K;25044B08-
25044B08L;25044B08-
25044B09-;25044B09-
25044C00-;25044C00-
25044C01-;25044C01-
25044C081;25044C081
25044C091;25044C091
25044C10-;25044C10-
25044C19K;25044C19-
25048A00-;25048A00-
25048A01-;25048A01-
25048A02-;25048A02-
25048A03-;25048A03-
25048A04-;25048A04-
25048A08K;25048A081
25048A09-;25048A09-
25048A19-;25048A19-
25048A20-;25048A20-
25048A29K;25048A29-
25048A29L;25048A29-
25048B00-;25048B00-
25048B01K;25048B01-
25048B09K;25048B099
25048C00-;25048C00-
25048C082;25048C082
25048C091;25048C091
25048D00K;25048D00-
25048D09K;25048D09-
25048D191;25048D191
25048E00-;25048E00-
25048E08-;25048E08-
25048E099;25048E099
25048F00-;25048F00-
25048F01-;25048F01-
25048F02-;25048F02-
25048F09K;25048F099
25048F100;25048F100
25048F190;25048F190
25048G000;25048G000
25048G09-;25048G09-
25048H00K;25048H00-
25048H09K;25048H090
25048H10-;25048H10-
25048H182;25048H182
25048H191;25048H191
25048J00-;25048J00-
25048J090;25048J090
25048J10-;25048J10-
25048J190;25048J190
25048K009;25048K009
25048K099;25048K099
25048K10-;25048K10-
25050A00-;25050A00-
25050A01K;25050A010
25050A01L;25050A010
25050A02-;25050A02-
25050A041;25050A041
25050A052;25050A052
25050A09K;25050A099
25050A100;25050A100
25050A29K;25050A29-
25050A31-;25050A31-
25050A320;25050A320
25050A413;25050A413
25068A00K;25068A001
25068A00L;25068A001
25068A01K;25068A012
25068A01L;25068A012
25068A01M;25068A012
25068A082;25068A082
25068A09K;25068A091
25068A09L;25068A091
25068A09M;25068A091
25068A19-;25068A19-
25068B00K;25068B000
25068B09K;25068B091
25068B09L;25068B091
25068C00-;25068C00-
25068C01K;25068C010
25068C08K;25068C082
25068C09K;25068C091
25068C100;25068C100
25068C11K;25068C113
25068C11L;25068C113
25068C19-;25068C19-
25072A001;25072A001
25072A01-;25072A01-
25072A02-;25072A02-
25072A03-;25072A03-
25072A042;25072A042
25072A100;25072A100
25072A11-;25072A11-
25072A12-;25072A12-
25072A17K;25072A17-
25072A20K;25072A20-
25072A20L;25072A20-
25072A213;25072A213
25072A224;25072A224
25072A28K;25072A285
25072A29K;25072A29-
25072A30-;25072A30-
25072A31K;25072A311
25072A324;25072A324
25072A382;25072A382
25072A39K;25072A391
25072A39L;25072A391
25072A400;25072A400
25072A410;25072A410
25072A430;25072A430
25072A5MK;25072A5MJ
25072B000;25072B000
25072B01K;25072B019
25072B03K;25072B032
25072B08K;25072B081
25072B090;25072B090
25072C00-;25072C00-
25072C09K;25072C09-
25072D00-;25072D00-
25072D09K;25072D09-
25072E002;25072E002
25072E091;25072E091
25084A00K;25084A000
25084A00L;25084A000
25084A01-;25084A01-
25084A02K;25084A020
25084A03K;25084A03-
25084A072;25084A072
25084A08K;25084A089
25084A08L;25084A089
25084A09K;25084A091
25084B00-;25084B00-
25084B01-;25084B01-
25084B02-;25084B02-
25084B091;25084B091
25084B19K;25084B19-
25084C00K;25084C000
25084C012;25084C012
25084C083;25084C083
25084C09K;25084C091
25084D00-;25084D00-
25084D01-;25084D01-
25084D099;25084D099
25084D100;25084D100
25084E000;25084E000
25084E090;25084E090
25084E199;25084E199
25091A00-;25091A00-
25091A01K;25091A01-
25091A01L;25091A01-
25091A02K;25091A02-
25091A031;25091A031
25091A09K;25091A091
25091A101;25091A101
25091A11-;25091A11-
25091A122;25091A122
25091A20K;25091A20-
25091A20L;25091A20-
25091A20M;25091A20-
25091A20O;25091A20-
25091A212;25091A212
25091A222;25091A222
25091B00-;25091B00-
25091B01K;25091B01-
25091B01L;25091B01-
25091B02-;25091B02-
25091B101;25091B101
25091B112;25091B112
25091B12-;25091B12-
25091C001;25091C001
25091C01K;25091C012
25091C023;25091C023
25091C091;25091C091
25091C112;25091C112
25091C18K;25091C183
25105A00K;25105A000
25105A011;25105A011
25105A02K;25105A021
25105A02L;25105A021
25105A041;25105A041
25105A05K;25105A05-
25105A072;25105A072
25105A08K;25105A082
25105A08L;25105A082
25105A09K;25105A091
25105A10K;25105A10-
25105A112;25105A112
25105A18K;25105A181
25105A18L;25105A181
25105A19K;25105A190
25105A202;25105A202
25105A213;25105A213
25105A22K;25105A222
25105A22L;25105A271
25105A27K;25105A271
25105A30K;25105A301
25105A30L;25105A301
25105A312;25105A312
25105A32K;25105A322
25105A383;25105A383
25105A39K;25105A394
25105A39L;25105A394
25105B00K;25105B001
25105B09K;25105B090
25105B100;25105B100
25105B190;25105B190
25105C00-;25105C00-
25105C01K;25105C010
25105C02K;25105C02-
25105C03-;25105C03-
25105C07K;25105C072
25105C08-;25105C08-
25105C091;25105C091
25105D00-;25105D00-
25105D010;25105D010
25105D022;25105D022
25105D08K;25105D082
25105D09K;25105D091
25105D09L;25105D091
25105D191;25105D191
25107A00-;25107A00-
25107A01-;25107A01-
25107A022;25107A022
25107A081;25107A081
25107A09K;25107A09-
25107A09L;25107A09-
25107B00K;25107B009
25107B110;25107B110
25107B21K;25107B210
25107B310;25107B310
25107B32K;25107B322
25107B390;25107B390
25107C00-;25107C00-
25107C09-;25107C09-
25107C092;25107C092
25107C199;25107C199
25107D001;25107D001
25107D08K;25107D08-
25107D09K;25107D09-
25107D10K;25107D10-
25107D112;25107D112
25107D19K;25107D19-
25107D19L;25107D19-
25107D210;25107D210
25107E00-;25107E00-
25107E01K;25107E01-
25107E091;25107E091
25107E10K;25107E10-
25107E11-;25107E11-
25107E19-;25107E19-
25107E212;25107E212
25110A00-;25110A00-
25110A01K;25110A01-
25110A021;25110A021
25110A03-;25110A03-
25110A040;25110A040
25110A10-;25110A10-
25110A111;25110A111
25110A12-;25110A12-
25110A13-;25110A13-
25110A18K;25110A180
25110A191;25110A191
25110A192;25110A192
25110A1MJ;25110A1MJ
25110A20-;25110A20-
25110A210;25110A210
25110A22-;25110A22-
25110A23K;25110A233
25110A23L;25110A233
25110A290;25110A290
25110A31K;25110A315
25110A32K;25110A322
25110A32L;25110A322
25110A332;25110A332
25110A391;25110A391
25110A401;25110A401
25110A412;25110A412
25110A421;25110A421
25110A423;25110A423
25110A434;25110A434
25110A44K;25110A442
25110A44L;25110A442
25110A61-;25110A61-
25110A62-;25110A62-
25110A631;25110A631
25110A692;25110A692
25112A001;25112A001
25112A011;25112A011
25112A022;25112A022
25112A032;25112A032
25112A10K;25112A100
25112A11-;25112A11-
25112A122;25112A122
25112A132;25112A132
25112A19K;25112A191
25112A201;25112A201
25112A21K;25112A21-
25112A22K;25112A222
25112A22L;25112A222
25112A2AK;25112A2AJ
25112A2AL;25112A2AJ
25112A30K;25112A301
25112A31-;25112A31-
25112A32-;25112A32-
25112A33K;25112A332
25112A380;25112A380
25112A39K;25112A390
25112A4MC;25112A4MC
25112A4PC;25112A4PC
25112A5AA;25112A5AA
25112A5BB;25112A5BB
25112A5MA;25112A5MA
25112A5PK;25112A5PB
25112A5PL;25112A5PB
25112B00-;25112B00-
25112B01-;25112B01-
25112B023;25112B023
25112B074;25112B074
25112B082;25112B082
25112B091;25112B091
25112B10K;25112B101
25112B112;25112B112
25112B12K;25112B12-
25112B13K;25112B133
25112B200;25112B200
25112B290;25112B290
25112B30K;25112B302
25112C001;25112C001
25112C01K;25112C010
25112C022;25112C022
25112C03K;25112C031
25112C042;25112C042
25112C052;25112C052
25112C091;25112C091
25112C10K;25112C10-
25112C11K;25112C113
25112C18K;25112C182
25112C19K;25112C191
25112C20K;25112C20-
25112C210;25112C210
25112C282;25112C282
25112C2AK;25112C2AV
25112C2AL;25112C2AV
25112C310;25112C310
25112C322;25112C322
25112C39K;25112C391
25112C40K;25112C404
25117A00-;25117A00-
25117A011;25117A011
25117A090;25117A090
25117A101;25117A101
25117A112;25117A112
25117A122;25117A122
25117A190;25117A190
25117A20-;25117A20-
25117A29K;25117A291
25117B001;25117B001
25117B022;25117B022
25117B033;25117B033
25117B08K;25117B082
25117B08L;25117B082
25117B09K;25117B091
25117B10K;25117B100
25117C00K;25117C00-
25117C09K;25117C091
25117D00K;25117D001
25117D02K;25117D022
25117D09K;25117D099
25118A00K;25118A001
25118A00L;25118A001
25118A012;25118A012
25118A082;25118A082
25118A09K;25118A091
25118B00K;25118B00-
25118B09-;25118B09-
25118B10-;25118B10-
25118B19-;25118B19-
25118C00-;25118C00-
25118C082;25118C082
25118C091;25118C091
25119A000;25119A000
25119A01K;25119A01-
25119A02K;25119A022
25119A09K;25119A090
25119A100;25119A100
25119A110;25119A110
25119A190;25119A190
25119A21K;25119A210
25119A31K;25119A310
25119A320;25119A320
25119A382;25119A382
25119A40K;25119A400
25119A49K;25119A491
25119B00K;25119B00-
25119B01K;25119B012
25119B09K;25119B099
25119B10K;25119B101
25119B112;25119B112
25119B19K;25119B190
25119B21K;25119B21-
25119C00-;25119C00-
25119C010;25119C010
25119C09K;25119C090
25119C09L;25119C090
25119C11K;25119C110
25119C19K;25119C190
25119D001;25119D001
25119D01K;25119D010
25119D02-;25119D02-
25119D03K;25119D032
25119D04K;25119D042
25119D05K;25119D052
25119D083;25119D083
25119D09K;25119D091
25119D10K;25119D10-
25119D11K;25119D111
25119D12K;25119D122
25119D19K;25119D190
25119D20K;25119D200
25119D20L;25119D200
25119D31K;25119D310
25119D31L;25119D310
25119D412;25119D412
25119D491;25119D491
25119E001;25119E001
25119E022;25119E022
25119E032;25119E032
25119E09K;25119E099
25120A001;25120A001
25120A012;25120A012
25120A09K;25120A099
25120A09L;25120A099
25120A10-;25120A10-
25120A190;25120A190
25120A20-;25120A20-
25120B00-;25120B00-
25120B09K;25120B099
25120B09L;25120B099
25120B10-;25120B10-
25120B292;25120B292
25120C00-;25120C00-
25120C01K;25120C010
25120C082;25120C082
25120C09K;25120C099
25120C29K;25120C293
25120D00K;25120D00-
25120D09K;25120D09-
25120E00-;25120E00-
25120F00-;25120F00-
25120F09-;25120F09-
25120F109;25120F109
25120F19-;25120F19-
25120G00-;25120G00-
25120G01-;25120G01-
25120G080;25120G080
25120G090;25120G090
25121A00-;25121A00-
25121A02-;25121A02-
25121A07K;25121A070
25121A07L;25121A070
25121A10K;25121A10-
25121A10L;25121A10-
25121A10M;25121A10-
25121A11K;25121A11-
25121A120;25121A120
25121A13-;25121A13-
25121A14K;25121A141
25121A18K;25121A189
25121A20-;25121A20-
25121A212;25121A212
25121A291;25121A291
25121A30K;25121A301
25121A30L;25121A301
25121A31K;25121A31-
25121A322;25121A322
25121A38K;25121A381
25121A39K;25121A391
25121A39L;25121D282
25121A40K;25121A402
25121A503;25121A503
25121A514;25121A514
25121A525;25121A525
25121A53K;25121A536
25121A577;25121A577
25121A608;25121A608
25121A6AJ;25121A6AJ
25121A70K;25121A703
25121A71K;25121A713
25121A724;25121A724
25121A73K;25121A735
25121A80K;25121A806
25121A912;25121A912
25121B00-;25121B00-
25121B01-;25121B01-
25121B0PK;25121B0PN
25121B0PL;25121B0PN
25121B0PM;25121B0PN
25121B10K;25121B101
25121B10L;25121B101
25121B11K;25121B110
25121B122;25121B122
25121B181;25121B181
25121B19K;25121B191
25121B19L;25121B191
25121B19M;25121B191
25121B21K;25121B212
25121B312;25121B312
25121C00K;25121C001
25121C00L;25121C001
25121C02K;25121C02-
25121C072;25121C072
25121C101;25121C101
25121C11K;25121C112
25121C19K;25121C19-
25121C29K;25121C291
25121C2AK;25121C2AJ
25121C31K;25121C310
25121C32K;25121C323
25121C392;25121C392
25121D20K;25121D200
25121D20L;25121D200
25121D27K;25121D272
25121D28K;25121D285
25121D29K;25121D291
25122A00-;25122A00-
25122A09-;25122A09-
25122A10-;25122A10-
25122B00-;25122B00-
25122B01-;25122B01-
25122B082;25122B082
25122B091;25122B091
25122C00-;25122C00-
25122C08K;25122C089
25122C090;25122C090
25122C20-;25122C20-
25122C29K;25122C290
25122D00K;25122D001
25122D022;25122D022
25122D082;25122D082
25122D091;25122D091
25122D11-;25122D11-
25122E00-;25122E00-
25122E09-;25122E09-
25122F00-;25122F00-
25122F01-;25122F01-
25122F099;25122F099
25122F10K;25122F10-
25122F20K;25122F20-
25122F29K;25122F29-
25122G00-;25122G00-
25122G01-;25122G01-
25122G09-;25122G09-
25123A00K;25123A00-
25123A00L;25123A00-
25123A01K;25123A01-
25123A082;25123A082
25123A09K;25123A091
25123A11-;25123A11-
25123A19-;25123A19-
25123A29-;25123A29-
25123A39-;25123A39-
25123B00K;25123B00-
25123B01K;25123B01-
25123B022;25123B022
25123B081;25123B081
25123B09K;25123B091
25123B112;25123B112
25123C00K;25123C00-
25123C01-;25123C01-
25123C04K;25123C043
25123C07-;25123C07-
25123C082;25123C082
25123C091;25123C091
25123C10K;25123C10-
25123C10L;25123C10-
25123C19K;25123C19-
25123D02-;25123D02-
25123D08K;25123D080
25123D09K;25123D093
25124A00K;25124A001
25124A01K;25124A012
25124A090;25124A090
25124A10-;25124A10-
25124A19-;25124A19-
25124A20-;25124A20-
25124A29-;25124A29-
25124B00-;25124B00-
25124B010;25124B010
25124B02K;25124B02-
25124B082;25124B082
25124B091;25124B091
25124B11K;25124B11-
25124B19K;25124B19-
25124B19L;25124B19-
25124C00K;25124C000
25124C01-;25124C01-
25124C02-;25124C02-
25124C082;25124C082
25124C091;25124C091
25124C11-;25124C11-
25124C19-;25124C19-
31003A00K;31003A001
31003A01K;31003A012
31003A09K;31003A09-
31003A10K;31003A10-
31003A11K;31003A11-
31003A11L;31003A11-
31003A18K;31003A18-
31003A18L;31003A18-
31003A19K;31003A19-
31003B00K;31003B000
31003B01K;31003B011
31003B02K;31003B02-
31003B03-;31003B03-
31003B08K;31003B082
31003B09K;31003B091
31003B10K;31003B10-
31003B19K;31003B19-
31003B212;31003B212
31003B293;31003B293
31003C00K;31003C000
31003C01K;31003C01-
31003C08K;31003C082
31003C09K;31003C091
31004A00K;31004A00-
31004A00L;31004A00-
31004A01K;31004A01-
31004A01L;31004A01-
31004A01M;31004A01-
31004A02K;31004A02-
31004A03K;31004A03-
31004A04K;31004A04-
31004A05K;31004A051
31004A082;31004A082
31004A11K;31004A11-
31004A11L;31004A11-
31004A12K;31004A12-
31004A12L;31004A12-
31004B00K;31004B00-
31004B01K;31004B01-
31004B01L;31004B01-
31004B02K;31004B02-
31004B02L;31004B02-
31004B03K;31004B03-
31004B03L;31004B03-
31004B04K;31004B042
31004B05K;31004B053
31004B0MK;31004B0MA
31004B0PK;31004B0PA
31004B11K;31004B114
31004X0JQ;31004X0JQ
3100514MK;3100514MQ
3100597MQ;3100597MQ
31005A001;31005A001
31005A012;31005A012
31005A023;31005A023
31005A101;31005A101
31005A11-;31005A11-
31005A122;31005A122
31005A201;31005A201
31005A21K;31005A211
31005A22-;31005A22-
31005A232;31005A232
31005A242;31005A242
31005A2MK;31005A2MA
31005A2PA;31005A2PA
31005A30K;31005A301
31005A30L;31005A301
31005A312;31005A312
31005A32K;31005A323
31005A334;31005A334
31005A342;31005A342
31005A37K;31005A37-
31005A37L;31005A37-
31005A391;31005A391
31005A401;31005A401
31005A412;31005A412
31005A423;31005A423
31005A501;31005A501
31005A512;31005A512
31005A60-;31005A60-
31005A61-;31005A61-
31005A67K;31005A671
31005A67L;31005A671
31005A701;31005A701
31005A712;31005A712
31005A723;31005A723
31005B00K;31005B00-
31005B01K;31005B01-
31005B08K;31005B080
31005B09K;31005B092
31005B09L;31005B092
31005B09M;31005B092
31005B09O;31005B092
31005B400;31005B400
31005B410;31005B410
31005B42-;31005B42-
31005B47K;31005B479
31005B50-;31005B50-
31005B57K;31005B571
31005B57L;31005B571
31005B70-;31005B70-
31005B771;31005B771
31005B7MK;31005B7MA
31005B7PK;31005B7PA
31005B7PL;31005B7PA
31005C00K;31005C00-
31005C01K;31005C01-
31005C09K;31005C091
31005C0PK;31005C0PA
31005C112;31005C112
31005D00K;31005D00-
31005D011;31005D011
31005D09K;31005D09-
31005D09L;31005D09-
31005D11K;31005D112
31005E00K;31005E001
31005E01K;31005E01-
31005E02K;31005E021
31005E03K;31005E030
31005E042;31005E042
31005E05K;31005E052
31005E091;31005E091
31005E10K;31005E100
31005E11K;31005E112
31005E12K;31005E123
31005E194;31005E194
31005E20K;31005E20-
31005E30K;31005E301
31005E31K;31005E312
31005F001;31005F001
31005F01K;31005F011
31005F022;31005F022
31005F033;31005F033
31005F08K;31005F082
31005F09K;31005F090
31005F09L;31005F090
31005F09M;31005F090
31005F101;31005F101
31005F182;31005F182
31005F20-;31005F20-
31005F21K;31005F210
31005F22K;31005F22-
31005F30K;31005F301
31005F311;31005F311
31005F32K;31005F322
31005F332;31005F332
31005F40K;31005F401
31005F412;31005F412
31005F51K;31005F510
31005G001;31005G001
31005G01K;31005G010
31005G099;31005G099
31005G17-;31005G17-
31005G20K;31005G201
31005G21K;31005G212
31005G283;31005G283
31005G311;31005G311
31005G32K;31005G322
31005G33-;31005G33-
31005G349;31005G349
31005G402;31005G402
31005G41-;31005G41-
31005G42K;31005G423
31005G4MK;31005G4MJ
31005H00K;31005H001
31005H011;31005H011
31005H02K;31005H021
31005H042;31005H042
31005H052;31005H052
31005H083;31005H083
31005H0PK;31005H0PN
31005H10K;31005H101
31005H11-;31005H11-
31005H12K;31005H122
31005H133;31005H133
31005H14K;31005H142
31005H170;31005H170
31005H190;31005H190
31005H20K;31005H201
31005H210;31005H210
31005H382;31005H382
31005H391;31005H391
31005H490;31005H490
31005X0JQ;31005X0JQ
31006A00-;31006A00-
31006A082;31006A082
31006A099;31006A099
31006A183;31006A183
31006B40K;31006B40-
31006B49K;31006B495
31006C00-;31006C00-
31006C01K;31006C012
31006C099;31006C099
31006C10K;31006C10-
31006D00K;31006D00-
31006D099;31006D099
31006E00-;31006E00-
31006E0PN;31006E0PN
31006E10-;31006E10-
31006E19-;31006E19-
31006F00-;31006F00-
31006F01-;31006F01-
31006F02-;31006F02-
31006F03K;31006F03-
31006F08K;31006F082
31006F08L;31006F082
31006F091;31006F091
31012A00K;31012A00-
31012A01K;31012A01-
31012A01L;31012A01-
31012A02K;31012A02-
31012A02L;31012A02-
31012A03K;31012A030
31012A03L;31012A030
31012A04K;31012A04-
31012A09K;31012A091
31012A09L;31012A091
31012A0JK;31012A0JA
31012A0JL;31012A0JA
31012A0PK;31012A0PA
31012A0PL;31012A0PA
31012A0PM;31012A0PA
31012A0PO;31012A0PA
31012A0PY;31012A0PA
31012A0PZ;31012A0PA
31012B00K;31012B00-
31012B01K;31012B01-
31012B08K;31012B082
31012B08L;31012B082
31012B08M;31012B082
31012B09K;31012B091
31012B09L;31012B091
31012C00K;31012C00-
31012C09K;31012C09-
31012C09L;31012C09-
31012C09M;31012C09-
31012D00K;31012D00-
31012D02K;31012D02-
31012D02L;31012D02-
31012D02M;31012D02-
31012D03K;31012D03-
31012D04K;31012D043
31012D08K;31012D082
31012D08L;31012D082
31012D09K;31012D091
31012D09L;31012D091
31012D09M;31012D091
31012D09O;31012D091
31012D09Z;31012D091
31012D0AK;31012D0AP
31012E00K;31012E000
31012E08K;31012E08-
31012E09K;31012E091
31012E11K;31012E113
31012E18K;31012E182
31012E18L;31012E182
31012E18M;31012E182
31022A000;31022A000
31022A011;31022A011
31022A02K;31022A02-
31022A03K;31022A03-
31022A04-;31022A04-
31022A053;31022A053
31022A072;31022A072
31022A08K;31022A082
31022A08L;31022A082
31022A09K;31022A091
31022A09L;31022A091
31022A09M;31022A091
31022A10-;31022A10-
31022A1MA;31022A1MA
31022A1PA;31022A1PA
31022A20-;31022A20-
31022A21K;31022A21-
31022A413;31022A413
31022A42-;31022A42-
31022A48K;31022A484
31022A4MA;31022A4MA
31022A4PK;31022A4PA
31022B00-;31022B00-
31022B012;31022B012
31022B091;31022B091
31022C00-;31022C00-
31022C010;31022C010
31022C02-;31022C02-
31022C03-;31022C03-
31022C08-;31022C08-
31022C090;31022C090
31022C10-;31022C10-
31022C19-;31022C19-
31022D001;31022D001
31022D012;31022D012
31022D09K;31022D09-
31022D09L;31022D09-
31033A001;31033A001
31033A011;31033A011
31033A02-;31033A02-
31033A03-;31033A03-
31033A041;31033A041
31033A052;31033A052
31033A072;31033A072
31033A09-;31033A09-
31033A10-;31033A10-
31033A111;31033A111
31033A122;31033A122
31033A132;31033A132
31033A182;31033A182
31033A191;31033A191
31033A201;31033A201
31033A21-;31033A21-
31033A22-;31033A22-
31033A232;31033A232
31033A29-;31033A29-
31033A31-;31033A31-
31033A39-;31033A39-
31033A40-;31033A40-
31033A411;31033A411
31033A42-;31033A42-
31033A482;31033A482
31033A501;31033A501
31033A592;31033A592
31033A60-;31033A60-
31033A69-;31033A69-
31033B300;31033B300
31033B322;31033B322
31033B33-;31033B33-
31040A00K;31040A001
31040A01K;31040A01-
31040A02K;31040A022
31040A03K;31040A032
31040A089;31040A089
31040A09K;31040A091
31040A09L;31040A091
31040A09M;31040A091
31040A09O;31040A091
31040A10K;31040A10-
31040A11K;31040A111
31040A12K;31040A12-
31040A13K;31040A132
31040A13L;31040A132
31040B00K;31040B00-
31040B00L;31040B00-
31040B01K;31040B01-
31040B02K;31040B021
31040B03K;31040B032
31040B08K;31040B082
31040B09K;31040B091
31040B09L;31040B091
31040B192;31040B192
31040C00K;31040C000
31040C01K;31040C01-
31040C08K;31040C082
31040C09K;31040C091
31040C09L;31040C091
31040C09M;31040C091
31040D001;31040D001
31040D01K;31040D012
31040D02K;31040D023
31040D09K;31040D091
31040D09L;31040D091
31040D09M;31040D091
31040D192;31040D192
31040D21-;31040D21-
31042A00K;31042A00-
31042A091;31042A091
31042A112;31042A112
31042B00-;31042B00-
31042B09-;31042B09-
31042C00-;31042C00-
31042C09-;31042C09-
31042D00K;31042D00-
31042D091;31042D091
31042D112;31042D112
31043A00-;31043A00-
31043A01K;31043A01-
31043A021;31043A021
31043A03K;31043A03-
31043A04K;31043A04-
31043A052;31043A052
31043A09K;31043A090
31043A10-;31043A10-
31043A11-;31043A11-
31043A12-;31043A12-
31043A13-;31043A13-
31043A14-;31043A14-
31043A15K;31043A15-
31043A20-;31043A20-
31043A210;31043A210
31043A30-;31043A30-
31043A39-;31043A39-
31043B00K;31043B00-
31043B01-;31043B01-
31043B02-;31043B02-
31043B03-;31043B03-
31043B04-;31043B04-
31043B08-;31043B08-
31043B0PK;31043B0PN
31043B0PL;31043B0PN
31043B10-;31043B10-
31043B20-;31043B20-
31043B21-;31043B21-
31043B22-;31043B22-
31043B23-;31043B23-
31043B30K;31043B302
31043B31K;31043B31-
31043C00K;31043C00-
31043C09K;31043C099
31043D00K;31043D00-
31043D01K;31043D01-
31043D02K;31043D02-
31043D03K;31043D03-
31043D0MK;31043D0MA
31043D0PK;31043D0PA
31043X0JK;31043X0JQ
31043X0JL;31043X0JQ
32003A001;32003A001
32003A01K;32003A01-
32003A02K;32003A021
32003A03-;32003A03-
32003A042;32003A042
32003A053;32003A053
32003A07K;32003A072
32003A09K;32003A091
32003A10K;32003A10-
32003A11K;32003A11-
32003A12K;32003A12-
32003A19-;32003A19-
32003A20K;32003A20-
32003A29K;32003A29-
32003A29L;32003A29-
32003A31K;32003A312
32003B000;32003B000
32003B090;32003B090
32003B11-;32003B11-
32003B19-;32003B19-
32003C00K;32003C00-
32003C08K;32003C08-
32003C09-;32003C09-
32003D00K;32003D000
32003D08-;32003D08-
32003D09K;32003D090
32003E00K;32003E00-
32003E09-;32003E09-
32003F00K;32003F00-
32003F01K;32003F01-
32003F08K;32003F081
32003F09K;32003F091
32003G00K;32003G00-
32003G099;32003G099
32003H099;32003H099
32003J099;32003J099
32003K00-;32003K00-
32003K09-;32003K09-
32003L00-;32003L00-
32003L09-;32003L09-
32003L19-;32003L19-
32003M00K;32003M00-
32003M08-;32003M08-
32003M09-;32003M09-
32003N09-;32003N09-
32006A001;32006A001
32006A01K;32006A01-
32006A022;32006A022
32006A089;32006A089
32006A099;32006A099
32006A111;32006A111
32006A299;32006A299
32006B00K;32006B00-
32006B012;32006B012
32006B081;32006B081
32006B09-;32006B09-
32006B19-;32006B19-
32006C082;32006C082
32006C092;32006C092
32006C10-;32006C10-
32006D00-;32006D00-
32006D012;32006D012
32006D091;32006D091
32006D10K;32006D10-
32006D19-;32006D19-
32010A001;32010A001
32010A010;32010A010
32010A020;32010A020
32010A032;32010A032
32010A043;32010A043
32010A0AB;32010A0AB
32010A0MA;32010A0MA
32010A0PA;32010A0PA
32010A0QB;32010A0QB
32010A10-;32010A10-
32010A19-;32010A19-
32010A21-;32010A21-
32010A262;32010A262
32010B00-;32010B00-
32010B002;32010B002
32010B01-;32010B01-
32010B091;32010B091
32010C00-;32010C00-
32010C09-;32010C09-
32011A001;32011A001
32011A013;32011A013
32011A02-;32011A02-
32011A03-;32011A03-
32011A042;32011A042
32011A052;32011A052
32011A08-;32011A08-
32011A091;32011A091
32011A10-;32011A10-
32011A110;32011A110
32011A28-;32011A28-
32011A314;32011A314
32011B00-;32011B00-
32011B01-;32011B01-
32011B082;32011B082
32011B091;32011B091
32011B10-;32011B10-
32011B19-;32011B19-
32011B28-;32011B28-
32011C00-;32011C00-
32011C09-;32011C09-
32011C19-;32011C19-
32011D00-;32011D00-
32011D01-;32011D01-
32011D023;32011D023
32011D082;32011D082
32011D091;32011D091
32030A00K;32030A00-
32030A082;32030A082
32030A09K;32030A091
32030B00K;32030B00-
32030B08-;32030B08-
32030B09-;32030B09-
32030C00-;32030C00-
32030C081;32030C081
32030C09-;32030C09-
32030C182;32030C182
32030D00K;32030D00-
32030D08-;32030D08-
32030D09K;32030D091
32030D182;32030D182
33011A001;33011A001
33011A011;33011A011
33011A02-;33011A02-
33011A032;33011A032
33011A082;33011A082
33011A09K;33011A091
33011A09L;33011A091
33011A101;33011A101
33011A112;33011A112
33011A121;33011A121
33011A182;33011A182
33011A19K;33011A193
33011A201;33011A201
33011A219;33011A219
33011A222;33011A222
33011A30K;33011A301
33011A312;33011A312
33011A32K;33011A322
33011A33K;33011A331
33011A37K;33011A373
33011A400;33011A400
33011A412;33011A412
33011A421;33011A421
33011A47K;33011A471
33011A492;33011A492
33011B00-;33011B00-
33011B091;33011B091
33011B222;33011B222
33011C00K;33011C000
33011C010;33011C010
33011C090;33011C090
33011D00K;33011D00-
33011D01-;33011D01-
33011D08K;33011D089
33011D08L;33011D089
33011D08M;33011D089
33011D099;33011D099
33011E00-;33011E00-
33011E012;33011E012
33011E091;33011E091
33011F00K;33011F001
33011F09-;33011F09-
33011G00K;33011G001
33011G01K;33011G012
33011G09K;33011G09-
33011G19-;33011G19-
33011G20K;33011G20-
33011G29K;33011G29-
33011H00-;33011H00-
33011H09-;33011H09-
33011J00-;33011J00-
33011J09-;33011J09-
33011J10-;33011J10-
33011J19-;33011J19-
33011K00-;33011K00-
33011K09-;33011K09-
33011L00K;33011L000
33011L012;33011L012
33011L081;33011L081
33011L091;33011L091
33011L192;33011L192
33016A00K;33016A00-
33016A08-;33016A08-
33016A09-;33016A09-
33021A00-;33021A00-
33021A011;33021A011
33021A021;33021A021
33021A03K;33021A031
33021A041;33021A041
33021A052;33021A052
33021A073;33021A073
33021A08K;33021A082
33021A09K;33021A091
33021A09L;33021A091
33021A10-;33021A10-
33021A190;33021A190
33021A29-;33021A29-
33021A312;33021A312
33021A323;33021A323
33021A33K;33021A332
33021A412;33021A412
33021A42K;33021A424
33021A433;33021A433
33021A47K;33021A473
33021A49K;33021A494
33021B00-;33021B00-
33021B08K;33021B082
33021B091;33021B091
33021B19-;33021B19-
33021C00K;33021C000
33021C09K;33021C090
33021D00K;33021D00-
33021D08K;33021D089
33021E00-;33021E00-
33021E08K;33021E089
33021E10-;33021E10-
33021E190;33021E190
33021F00K;33021F000
33021F090;33021F090
33021F19-;33021F19-
33021F20-;33021F20-
33021F29-;33021F29-
33029A00-;33029A00-
33029A01-;33029A01-
33029A02K;33029A02-
33029A03-;33029A03-
33029A04K;33029A04-
33029A05K;33029A05-
33029A05L;33029A05-
33029A07K;33029A072
33029A09K;33029A091
33029A10K;33029A10-
33029A113;33029A113
33029A20-;33029A20-
33029A21-;33029A21-
33029A30-;33029A30-
33029A39-;33029A39-
33029B001;33029B001
33029B012;33029B012
33029B023;33029B023
33029B032;33029B032
33029B043;33029B043
33029B091;33029B091
33029B19-;33029B19-
33037A00K;33037A00-
33037A00L;33037A00-
33037A011;33037A011
33037A022;33037A022
33037A032;33037A032
33037A081;33037A081
33037A09K;33037A091
33037A183;33037A183
33037A283;33037A283
33037A2AK;33037A2AJ
33037B001;33037B001
33037B012;33037B012
33037B022;33037B022
33037B033;33037B033
33037B081;33037B081
33037B091;33037B091
33037B112;33037B112
33037C00K;33037C00-
33037C083;33037C083
33037C091;33037C091
33037C112;33037C112
33037D00-;33037D00-
33037D01-;33037D01-
33037D082;33037D082
33037D091;33037D091
33037E00-;33037E00-
33037E09-;33037E09-
33039A00-;33039A00-
33039A082;33039A082
33039A091;33039A091
33039B00K;33039B000
33039B090;33039B090
33039B19-;33039B19-
33039B210;33039B210
33039C002;33039C002
33039C091;33039C091
33039D00-;33039D00-
33039D082;33039D082
33039D091;33039D091
33039E00K;33039E00-
33039E082;33039E082
33039E091;33039E091
33039E183;33039E183
33039F00-;33039F00-
33039F082;33039F082
33039F091;33039F091
33039G00K;33039G00-
33039G08-;33039G08-
33039G09-;33039G09-
33039G19-;33039G19-
33039H20-;33039H20-
33039H290;33039H290
33040A001;33040A001
33040A012;33040A012
33040A02K;33040A023
33040A09K;33040A09-
33040A10K;33040A10-
33040A18-;33040A18-
33040A19K;33040A19-
33040A200;33040A200
33040A21-;33040A21-
33040A29K;33040A290
33040A29L;33040A290
33040B00-;33040B00-
33040B09-;33040B09-
33040C00K;33040C00-
33040C081;33040C081
33040C09K;33040C09-
33040C19-;33040C19-
33040C212;33040C212
33041A00K;33041A00-
33041A08-;33041A08-
33041A09-;33041A09-
33041B000;33041B000
33041B09-;33041B09-
33041C00K;33041C00-
33041C010;33041C010
33041C080;33041C080
33041C09-;33041C09-
34002A001;34002A001
34002A01-;34002A01-
34002A02K;34002A022
34002A08K;34002A082
34002A10-;34002A10-
34002A182;34002A182
34002A191;34002A191
34002B002;34002B002
34002B091;34002B091
34002C00K;34002C00-
34002C082;34002C082
34002C091;34002C091
34002D00-;34002D00-
34002D08-;34002D08-
34002D09-;34002D09-
34002E00K;34002E00-
34002E012;34002E012
34002E08K;34002E083
34002E091;34002E091
34002E112;34002E112
34002E191;34002E191
34002F001;34002F001
34002F011;34002F011
34002F02-;34002F02-
34002F032;34002F032
34002F04K;34002F042
34002F052;34002F052
34002F08-;34002F08-
34002F0AA;34002F0AA
34002F0PA;34002F0PA
34002F193;34002F193
34003A00-;34003A00-
34003A011;34003A011
34003A021;34003A021
34003A03K;34003A03-
34003A04K;34003A04-
34003A052;34003A052
34003A072;34003A072
34003A081;34003A081
34003A09-;34003A09-
34003A10-;34003A10-
34003A19-;34003A19-
34003A282;34003A282
34003B00-;34003B00-
34003B09-;34003B09-
34003C00-;34003C00-
34003C004;34003C004
34003C013;34003C013
34003C082;34003C082
34003C091;34003C091
34003D00K;34003D00-
34003D012;34003D012
34003D09K;34003D091
34003E00-;34003E00-
34003E012;34003E012
34003E09K;34003E091
34003E09L;34003E091
34009A00K;34009A001
34009A01K;34009A01-
34009A01L;34009A01-
34009A02K;34009A022
34009A02L;34009A022
34009A02M;34009A022
34009A02O;34009A022
34009A03K;34009A033
34009A03L;34009A033
34009A04K;34009A042
34009A04L;34009A042
34009A072;34009A072
34009A081;34009A081
34009A0MA;34009A0MA
34009A0PK;34009A0PA
34009A0PL;34009A0PA
34009A0PM;34009A0PA
34009A10K;34009A100
34009A19K;34009A19-
34009A20K;34009A20-
34009A21K;34009A21-
34009A29K;34009A29-
34009A31K;34009A31-
34009A393;34009A393
34013A001;34013A001
34013A010;34013A010
34013A021;34013A021
34013A032;34013A032
34013A043;34013A043
34013A052;34013A052
34013A072;34013A072
34013A091;34013A091
34013A101;34013A101
34013A112;34013A112
34013A201;34013A201
34013A212;34013A212
34013A29-;34013A29-
34013A30-;34013A30-
34013A401;34013A401
34013A47K;34013A472
34013A50K;34013A501
34013A511;34013A511
34013A572;34013A572
34013A591;34013A591
34013A672;34013A672
34013B001;34013B001
34013B012;34013B012
34013B033;34013B033
34013B082;34013B082
34013B091;34013B091
34013B110;34013B110
34013C001;34013C001
34013C01-;34013C01-
34013C02-;34013C02-
34013C032;34013C032
34013C04K;34013C042
34013C091;34013C091
34022A00-;34022A00-
34022A01-;34022A01-
34022A021;34022A021
34022A03-;34022A03-
34022A04-;34022A04-
34022A051;34022A051
34022A101;34022A101
34022A111;34022A111
34022A12-;34022A12-
34022A122;34022A122
34022A132;34022A132
34022A143;34022A143
34022A152;34022A152
34022A172;34022A172
34022A173;34022A173
34022A201;34022A201
34022A211;34022A211
34022A232;34022A232
34022A242;34022A242
34022A243;34022A243
34022A252;34022A252
34022A291;34022A291
34022A30-;34022A30-
34022A311;34022A311
34022A32-;34022A32-
34022A33-;34022A33-
34022A341;34022A341
34022A352;34022A352
34022A401;34022A401
34022A41-;34022A41-
34022A42-;34022A42-
34022A432;34022A432
34022A472;34022A472
34022A50-;34022A50-
34022A51-;34022A51-
34022A521;34022A521
34022A532;34022A532
34022A54-;34022A54-
34022A553;34022A553
34022A601;34022A601
34022A612;34022A612
34022A62-;34022A62-
34022A701;34022A701
34022A712;34022A712
34022A723;34022A723
34022A732;34022A732
34022A783;34022A783
34022A7MA;34022A7MA
34022A7PA;34022A7PA
34022A800;34022A800
34022A890;34022A890
34022A904;34022A904
34022A91-;34022A91-
34022B001;34022B001
34022B012;34022B012
34022B021;34022B021
34022B030;34022B030
34022B032;34022B032
34022B043;34022B043
34022B052;34022B052
34022B071;34022B071
34022B080;34022B080
34022B091;34022B091
34022B111;34022B111
34022B112;34022B112
34022B122;34022B122
34022B201;34022B201
34022B223;34022B223
34022B30-;34022B30-
34022B313;34022B313
34022B40-;34022B40-
34022B492;34022B492
34022C001;34022C001
34022C022;34022C022
34022C033;34022C033
34022C094;34022C094
34022C112;34022C112
34022C1AN;34022C1AN
34022D00-;34022D00-
34022D011;34022D011
34022D021;34022D021
34022D03-;34022D03-
34022D08-;34022D08-
34022D092;34022D092
34022D0MN;34022D0MN
34022D121;34022D121
34022D132;34022D132
34022D142;34022D142
34022D193;34022D193
34022D210;34022D210
34022D22-;34022D22-
34022E001;34022E001
34022E01-;34022E01-
34022E02-;34022E02-
34022E032;34022E032
34022E042;34022E042
34022E083;34022E083
34022E091;34022E091
34022F001;34022F001
34022F012;34022F012
34022F090;34022F090
34022F10-;34022F10-
34022F19-;34022F19-
34022F210;34022F210
34022G001;34022G001
34022G01-;34022G01-
34022G02-;34022G02-
34022G032;34022G032
34022G043;34022G043
34022G080;34022G080
34022G09-;34022G09-
34022H00-;34022H00-
34022H09-;34022H09-
34023A001;34023A001
34023A01-;34023A01-
34023A021;34023A021
34023A032;34023A032
34023A042;34023A042
34023A053;34023A053
34023A091;34023A091
34023A20-;34023A20-
34023A21K;34023A21-
34023A222;34023A222
34023A233;34023A233
34023A29K;34023A294
34023A314;34023A314
34023A370;34023A370
34023A40-;34023A40-
34025A00K;34025A001
34025A01K;34025A011
34025A01L;34025A011
34025A02K;34025A022
34025A03K;34025A032
34025A04K;34025A043
34025A05K;34025A053
34025A08-;34025A08-
34025A09K;34025A091
34025A09L;34025A091
34025A10K;34025A100
34025A29K;34025A292
34027A00-;34027A00-
34027A01-;34027A01-
34027A021;34027A021
34027A03-;34027A03-
34027A04-;34027A04-
34027A052;34027A052
34027A07K;34027A072
34027A0AA;34027A0AA
34027A0MK;34027A0MA
34027A0PK;34027A0PA
34027A101;34027A101
34027A11K;34027A11-
34027A121;34027A121
34027A132;34027A132
34027A1PP;34027A1PP
34027A201;34027A201
34027A21K;34027A211
34027A21L;34027A211
34027A222;34027A222
34027A233;34027A233
34027A244;34027A244
34027A29K;34027A290
34027A301;34027A301
34027A31K;34027A312
34027A411;34027A411
34027A42K;34027A421
34027A432;34027A432
34027A492;34027A492
34027B001;34027B001
34027B01-;34027B01-
34027B032;34027B032
34027B043;34027B043
34027B0MK;34027B0MA
34027B0PA;34027B0PA
34027B0QN;34027B0QN
34027B0RN;34027B0RN
34027B10-;34027B10-
34027B11-;34027B11-
34027B124;34027B124
34027B210;34027B210
34027B22K;34027B222
34027C001;34027C001
34027C01-;34027C01-
34027C02-;34027C02-
34027C032;34027C032
34027C08-;34027C08-
34027C091;34027C091
34027C101;34027C101
34027C112;34027C112
34027C191;34027C191
34027C1PA;34027C1PA
3404010PQ;3404010PQ
34040A001;34040A001
34040A012;34040A012
34040A02-;34040A02-
34040A031;34040A031
34040A033;34040A033
34040A043;34040A043
34040A052;34040A052
34040A071;34040A071
34040A081;34040A081
34040A10K;34040A10-
34040A1MA;34040A1MA
34040A1NB;34040A1NB
34040A1PA;34040A1PA
34040A1QB;34040A1QB
34040A201;34040A201
34040A212;34040A212
34040A222;34040A222
34040A291;34040A291
34040A302;34040A302
34040A313;34040A313
34040A322;34040A322
34040A392;34040A392
34040A40-;34040A40-
34040A411;34040A411
34040A422;34040A422
34040A473;34040A473
34040A491;34040A491
34040B000;34040B000
34040B01-;34040B01-
34040B02-;34040B02-
34040B072;34040B072
34040B08-;34040B08-
34040B0PP;34040B0PP
34040B10-;34040B10-
34040C001;34040C001
34040C01-;34040C01-
34040C02K;34040C022
34040C081;34040C081
34040C091;34040C091
34040C0MN;34040C0MN
34040C192;34040C192
34040D001;34040D001
34040D010;34040D010
34040D032;34040D032
34040D042;34040D042
34040D080;34040D080
34040D0AP;34040D0AP
34040D0PN;34040D0PN
3404120PK;3404120PQ
34041A001;34041A001
34041A011;34041A011
34041A021;34041A021
34041A032;34041A032
34041A040;34041A040
34041A052;34041A052
34041A071;34041A071
34041A0PK;34041A0PP
34041A0QK;34041A0QP
34041A10K;34041A101
34041A124;34041A124
34041A1PK;34041A1PN
34041A201;34041A201
34041A210;34041A210
34041A222;34041A222
34041A233;34041A233
34041A29-;34041A29-
34041A311;34041A311
34041A392;34041A392
34041A412;34041A412
34041A423;34041A423
34041A4PP;34041A4PP
34041B000;34041B000
34041B02-;34041B02-
34041B03-;34041B03-
34041B042;34041B042
34041B052;34041B052
34041B07K;34041B07-
34041B08K;34041B080
34041B0AN;34041B0AN
34041B0PA;34041B0PA
34041B111;34041B111
34041C00K;34041C00-
34041C00L;34041C00-
34041C01K;34041C01-
34041C021;34041C021
34041C03-;34041C03-
34041C042;34041C042
34041C052;34041C052
34041C081;34041C081
34041C091;34041C091
34041C19-;34041C19-
34041C27K;34041C272
34042A00-;34042A00-
34042A010;34042A010
34042A021;34042A021
34042A031;34042A031
34042A04-;34042A04-
34042A05-;34042A05-
34042A07-;34042A07-
34042A091;34042A091
34042A10K;34042A100
34042A180;34042A180
34042A19-;34042A19-
34042A200;34042A200
34042A212;34042A212
34042A222;34042A222
34042A30-;34042A30-
34042A402;34042A402
34042B00K;34042B00-
34042B08-;34042B08-
34042B09-;34042B09-
34042C00-;34042C00-
34042C01-;34042C01-
34042C02-;34042C02-
34042C032;34042C032
34042C042;34042C042
34042C081;34042C081
34042C091;34042C091
34042D00-;34042D00-
34042D012;34042D012
34042D022;34042D022
34042D081;34042D081
34042D091;34042D091
34042D114;34042D114
34042D313;34042D313
34042E00-;34042E00-
34042E012;34042E012
34042E083;34042E083
34042E091;34042E091
34042E114;34042E114
34043A00-;34043A00-
34043A01-;34043A01-
34043A09-;34043A09-
34043B00K;34043B00-
34043B09-;34043B09-
35002A00-;35002A00-
35002A01-;35002A01-
35002A02-;35002A02-
35002A09-;35002A09-
35002A101;35002A101
35002A122;35002A122
35002A131;35002A131
35002A172;35002A172
35002A18-;35002A18-
35002A1AK;35002A1AA
35002A1BA;35002A1BA
35002A1PA;35002A1PA
35002A20-;35002A20-
35002A21-;35002A21-
35002A22-;35002A22-
35002A23K;35002A232
35002A29-;35002A29-
35002A311;35002A311
35002A322;35002A322
35002X0JQ;35002X0JQ
35005A00K;35005A00-
35005A01-;35005A01-
35005A020;35005A020
35005A03K;35005A031
35005A04-;35005A04-
35005A052;35005A052
35005A07K;35005A072
35005A081;35005A081
35005A09K;35005A091
35005A202;35005A202
35005A212;35005A212
35005A283;35005A283
35005A29K;35005A293
35005A393;35005A393
35005B00-;35005B00-
35005B011;35005B011
35005B09-;35005B09-
35005B112;35005B112
35005C00-;35005C00-
35005C01K;35005C012
35005C099;35005C099
35005D00K;35005D000
35005D010;35005D010
35005D08-;35005D08-
35005D090;35005D090
35006A00-;35006A00-
35006A01-;35006A01-
35006A02-;35006A02-
35006A032;35006A032
35006A043;35006A043
35006A09K;35006A091
35006A10-;35006A10-
35006A11-;35006A11-
35006A12-;35006A12-
35006A19K;35006A190
35006A211;35006A211
35006A22-;35006A22-
35006A282;35006A282
35006A291;35006A291
35006B001;35006B001
35006B01-;35006B01-
35006B02-;35006B02-
35006B032;35006B032
35006B042;35006B042
35006B052;35006B052
35006B081;35006B081
35006B091;35006B091
35006B110;35006B110
35006B21-;35006B21-
35006C00-;35006C00-
35006C09-;35006C09-
35011A00-;35011A00-
35011A011;35011A011
35011A02-;35011A02-
35011A031;35011A031
35011A040;35011A040
35011A052;35011A052
35011A08K;35011A080
35011A08L;35011A080
35011A09-;35011A09-
35011A210;35011A210
35011A260;35011A260
35011A3JA;35011A3JA
35011A3MA;35011A3MA
35011A3PA;35011A3PA
35011B00K;35011B002
35011B091;35011B091
35011B11-;35011B11-
35011B122;35011B122
35011B191;35011B191
35011C00K;35011C001
35011C01-;35011C01-
35011C02K;35011C022
35011C032;35011C032
35011C08-;35011C08-
35011C091;35011C091
35011D00-;35011D00-
35011D099;35011D099
35011E00K;35011E00-
35011E09-;35011E09-
35011F00-;35011F00-
35011F09-;35011F09-
35011G000;35011G000
35011G09-;35011G09-
35011G112;35011G112
35011G191;35011G191
35011H00-;35011H00-
35011H012;35011H012
35011H091;35011H091
35011H11-;35011H11-
35011H12K;35011H121
35011H18K;35011H182
35011H20-;35011H20-
35011H21-;35011H21-
35011J00-;35011J00-
35011J01-;35011J01-
35011J08-;35011J08-
35011J0JJ;35011J0JJ
35011X0JK;35011X0JQ
35011X0JL;35011X0JQ
35011X0JM;35011X0JQ
35013A001;35013A001
35013A01-;35013A01-
35013A02-;35013A02-
35013A03-;35013A03-
35013A041;35013A041
35013A052;35013A052
35013A10K;35013A10-
35013A13K;35013A13-
35013A13L;35013A13-
35013A19K;35013A19-
35013A19L;35013A19-
35013A21K;35013A211
35013A23K;35013A232
35013A24K;35013A242
35013A24L;35013A242
35013A42-;35013A42-
35013A43K;35013A43-
35013A44-;35013A44-
35013A50K;35013A501
35013A50L;35013A501
35013A51K;35013A511
35013A51L;35013A511
35013A52K;35013A522
35013A52L;35013A522
35013A52M;35013A522
35013A532;35013A532
35013A543;35013A543
35013A59K;35013A59-
35013A59L;35013A59-
35013A61K;35013A611
35013A622;35013A622
35013A752;35013A752
35013B07K;35013B079
35013B07L;35013B079
35013B30K;35013B301
35013B33K;35013B332
35013B33L;35013B332
35013B37K;35013B37-
35013B38-;35013B38-
35013B39-;35013B39-
35013C00K;35013C00-
35013C01K;35013C010
35013C02K;35013C022
35013C07K;35013C07-
35013C08K;35013C08-
35013C09K;35013C099
35013C179;35013C179
35013C19-;35013C19-
35013D30-;35013D30-
35013D311;35013D311
35013D32K;35013D32-
35013D372;35013D372
35013D51K;35013D511
35013D52K;35013D522
35013D53K;35013D533
35013D54K;35013D542
35013D54L;35013D542
35013D55K;35013D552
35013E00K;35013E000
35013E01K;35013E010
35013E02K;35013E02-
35013E09K;35013E099
35013E09L;35013E099
35013E400;35013E400
35013E41K;35013E411
35013E41L;35013E411
35013E42K;35013E42-
35013F20K;35013F200
35013F28K;35013F280
35013F28L;35013F280
35013F29K;35013F299
35013F60K;35013F600
35013F70K;35013F700
35013F70L;35013F700
35013F71K;35013F71-
35013F721;35013F721
35013F73K;35013F733
35013F749;35013F749
35013F78K;35013F780
35013F78L;35013F780
35013F90K;35013F900
35013F92-;35013F92-
35013F9MK;35013F9MJ
35013X0JK;35013X0JQ
35013X0JL;35013X0JQ
35013X0JM;35013X0JQ
35013X0JO;35013X0JQ
35013X0JZ;35013X0JQ
35014A00-;35014A00-
35014A010;35014A010
35014A02-;35014A02-
35014A03-;35014A03-
35014A04-;35014A04-
35014A052;35014A052
35014A081;35014A081
35014A090;35014A090
35014A19-;35014A19-
35014A29-;35014A29-
35014B00-;35014B00-
35014B08-;35014B08-
35014B09-;35014B09-
35014C00-;35014C00-
35014C013;35014C013
35014C082;35014C082
35014C091;35014C091
35014C11-;35014C11-
35014C21-;35014C21-
35014D00-;35014D00-
35014D011;35014D011
35014D022;35014D022
35014D081;35014D081
35014D091;35014D091
35014D112;35014D112
35029A00K;35029A00-
35029A0JA;35029A0JA
35029A0PK;35029A0PA
35029A10-;35029A10-
35029A11-;35029A11-
35029A12K;35029A12-
35029A12L;35029A12-
35029A13K;35029A132
35029A18-;35029A18-
35029A20-;35029A20-
35029B00K;35029B000
35029B09K;35029B090
35029B10-;35029B10-
35029B19K;35029B19-
35029C00-;35029C00-
35029C01K;35029C01-
35029C02-;35029C02-
35029C08-;35029C08-
35029C09K;35029C091
35029C112;35029C112
35029X0JK;35029X0JQ
35029X0JL;35029X0JQ
35029X0JM;35029X0JQ
36006A001;36006A001
36006A012;36006A012
36006A023;36006A023
36006A032;36006A032
36006A091;36006A091
36006A10-;36006A10-
36006A200;36006A200
36006A210;36006A210
36006A290;36006A290
36006B000;36006B000
36006B011;36006B011
36006B022;36006B022
36006B032;36006B032
36006B081;36006B081
36006B091;36006B091
36006B182;36006B182
36006B193;36006B193
36007A001;36007A001
36007A01-;36007A01-
36007A02-;36007A02-
36007A03-;36007A03-
36007A042;36007A042
36007A05K;36007A053
36007A08K;36007A080
36007A08L;36007A080
36007A0MA;36007A0MA
36007A0PK;36007A0PA
36007A0PL;36007A0PA
36007A10-;36007A10-
36007A111;36007A111
36007A120;36007A120
36007A13-;36007A13-
36007A143;36007A143
36007A152;36007A152
36007A191;36007A191
36007A1AB;36007A1AB
36007A1BB;36007A1BB
36007A1PB;36007A1PB
36007A294;36007A294
3600810PQ;3600810PQ
3600812PQ;3600812PQ
3600812QQ;3600812QQ
36008A001;36008A001
36008A01-;36008A01-
36008A021;36008A021
36008A03-;36008A03-
36008A052;36008A052
36008A07-;36008A07-
36008A091;36008A091
36008A101;36008A101
36008A112;36008A112
36008A122;36008A122
36008A200;36008A200
36008A211;36008A211
36008A221;36008A221
36008A232;36008A232
36008A242;36008A242
36008A301;36008A301
36008A31-;36008A31-
36008A32-;36008A32-
36008A332;36008A332
36008A333;36008A333
36008A382;36008A382
36008A391;36008A391
36008A41-;36008A41-
36008A50-;36008A50-
36008A51-;36008A51-
36008A59-;36008A59-
36008A612;36008A612
36008A613;36008A613
36008B000;36008B000
36008B01-;36008B01-
36008B0PN;36008B0PN
36010A00K;36010A000
36010A01-;36010A01-
36010A02-;36010A02-
36010A03-;36010A03-
36010A080;36010A080
36010A09-;36010A09-
36010B00K;36010B00-
36010B09-;36010B09-
36010C001;36010C001
36010C01-;36010C01-
36010C02-;36010C02-
36010C03K;36010C032
36010C04K;36010C043
36010C082;36010C082
36010C091;36010C091
36011A001;36011A001
36011A012;36011A012
36011A021;36011A021
36011A033;36011A033
36011A04-;36011A04-
36011A050;36011A050
36011A08-;36011A08-
36011A090;36011A090
36011A180;36011A180
36011A19-;36011A19-
36011A28-;36011A28-
36011A292;36011A292
36011A311;36011A311
36011A372;36011A372
36011A39-;36011A39-
36012A001;36012A001
36012A01-;36012A01-
36012A022;36012A022
36012A033;36012A033
36012A082;36012A082
36012A091;36012A091
36012A10-;36012A10-
36012A19-;36012A19-
36012A212;36012A212
36012A291;36012A291
36012B001;36012B001
36012B010;36012B010
36012B021;36012B021
36012B08-;36012B08-
36012B090;36012B090
36015A00K;36015A001
36015A00L;36015A001
36015A00M;36015A001
36015A01K;36015A01-
36015A02K;36015A02-
36015A02L;36015A02-
36015A03K;36015A03-
36015A03L;36015A03-
36015A04K;36015A042
36015A07K;36015A072
36015A07L;36015A072
36015A10K;36015A101
36015A11K;36015A111
36015A11L;36015A111
36015A122;36015A122
36015A132;36015A132
36015A143;36015A143
36015A15K;36015A154
36015A17K;36015A172
36015A1AK;36015A1AA
36015A1AL;36015A1AA
36015A1PK;36015A1PA
36015A1PL;36015A1PA
36015A20K;36015A20-
36015A20L;36015A20-
36015A20M;36015A20-
36015A21K;36015A211
36015A30K;36015A301
36015A31K;36015A312
36015A40K;36015A401
36015A40L;36015A401
36015A40M;36015A401
36015A41K;36015A410
36015A42K;36015A42-
36015A43K;36015A432
36015A49K;36015A490
36015A50K;36015A50-
36015A50L;36015A50-
36015A51K;36015A510
36015A51L;36015A510
36015A52K;36015A521
36015A53K;36015A532
36015A54K;36015A540
36015A59K;36015A59-
36015A59L;36015A59-
36015A60K;36015A60-
36015A60L;36015A60-
36015A61K;36015A610
36015A61L;36015A610
36015A61M;36015A610
36015A62K;36015A621
36015A63K;36015A632
36015A64K;36015A642
36015A64L;36015A642
36015A67K;36015A679
36015A67L;36015A679
36015A67M;36015A679
36015A69K;36015A691
36015A69L;36015A691
36015A70K;36015A701
36015A70L;36015A701
36015A71K;36015A711
36015A71L;36015A711
36015A72K;36015A72-
36015A74K;36015A742
36015A75K;36015A753
36015A77K;36015A772
36015A79K;36015A790
36015A79L;36015A790
36015A79M;36015A790
36015A81K;36015A811
36015A81L;36015A811
36015A822;36015A822
36015A83-;36015A83-
36015B00K;36015B00-
36015B01K;36015B01-
36015B02K;36015B023
36015B08K;36015B082
36015B09K;36015B091
36015C00K;36015C001
36015C00L;36015C001
36015C01K;36015C011
36015C02K;36015C020
36015C02L;36015C020
36015C03K;36015C030
36015C04K;36015C042
36015C04L;36015C042
36015C05K;36015C055
36015C05L;36015C055
36015C07K;36015C072
36015C0AK;36015C0AA
36015C0AL;36015C0AA
36015C0PK;36015C0PA
36015C0PL;36015C0PA
36015C10K;36015C10-
36015C11K;36015C110
36015C11L;36015C110
36015C18K;36015C182
36015C19K;36015C191
36015C20K;36015C20-
36015C28K;36015C28-
36015C29K;36015C29-
36015C29L;36015C29-
36015C3MK;36015C3MV
36015C3PK;36015C3PV
36015C3PL;36015C3PV
36015C41K;36015C414
36019A001;36019A001
36019A011;36019A011
36019A022;36019A022
36019A033;36019A033
36019A042;36019A042
36019A082;36019A082
36019A091;36019A091
36019A102;36019A102
36019A18-;36019A18-
36019A191;36019A191
36019B00-;36019B00-
36019B01-;36019B01-
36019B022;36019B022
36019B083;36019B083
36019B091;36019B091
36019B19-;36019B19-
36019C00-;36019C00-
36019C082;36019C082
36019C091;36019C091
36019C11-;36019C11-
37002A000;37002A000
37002A01-;37002A01-
37002A08-;37002A08-
37002A090;37002A090
37002B00-;37002B00-
37002B012;37002B012
37002B091;37002B091
37002B19-;37002B19-
37002C000;37002C000
37002C012;37002C012
37002C08K;37002C083
37002C08L;37002C083
37002C091;37002C091
37002C19-;37002C19-
37002C29-;37002C29-
37002D000;37002D000
37002D01-;37002D01-
37002D02-;37002D02-
37002D033;37002D033
37002D08K;37002D082
37002D08L;37002D082
37002D091;37002D091
37007A00-;37007A00-
37007A01-;37007A01-
37007A021;37007A021
37007A03-;37007A03-
37007A04-;37007A04-
37007A052;37007A052
37007A081;37007A081
37007A091;37007A091
37007A100;37007A100
37007A19-;37007A19-
37007A20-;37007A20-
37007A21-;37007A21-
37007A292;37007A292
37007A30-;37007A30-
37007A39-;37007A39-
37007A413;37007A413
37007A512;37007A512
37007A5MA;37007A5MA
37007A5PA;37007A5PA
37010A001;37010A001
37010A01-;37010A01-
37010A02-;37010A02-
37010A032;37010A032
37010A042;37010A042
37010A08-;37010A08-
37010A091;37010A091
37010A10-;37010A10-
37010A11-;37010A11-
37010A182;37010A182
37010A191;37010A191
37011A001;37011A001
37011A01-;37011A01-
37011A022;37011A022
37011A032;37011A032
37011A081;37011A081
37011A091;37011A091
37011A19-;37011A19-
37011A29-;37011A29-
37011A392;37011A392
37011B00-;37011B00-
37011B01-;37011B01-
37011B02K;37011B022
37011B08-;37011B08-
37011B091;37011B091
37011B193;37011B193
37012A00K;37012A001
37012A01K;37012A012
37012A03K;37012A032
37012A0MA;37012A0MA
37012A0PK;37012A0PA
37012A10K;37012A10-
37012A18K;37012A182
37012A191;37012A191
37012A20-;37012A20-
37012A29-;37012A29-
37012A39-;37012A39-
37015A00-;37015A00-
37015A01-;37015A01-
37015A02-;37015A02-
37015A03-;37015A03-
37015A04-;37015A04-
37015A082;37015A082
37015A0MA;37015A0MA
37015A0PA;37015A0PA
37015A10-;37015A10-
37015A11-;37015A11-
37015A201;37015A201
37015A21-;37015A21-
37015A222;37015A222
37015A31-;37015A31-
37015A322;37015A322
37015A371;37015A371
37015A411;37015A411
37015A422;37015A422
37015A470;37015A470
37015A493;37015A493
37015B000;37015B000
37015B09-;37015B09-
37015C00K;37015C00-
37015C09-;37015C09-
37015D001;37015D001
37015D01-;37015D01-
37015D022;37015D022
37015D08-;37015D08-
37015D09-;37015D09-
3701710PQ;3701710PQ
3701710QQ;3701710QQ
3701710RQ;3701710RQ
37017A00-;37017A00-
37017A01-;37017A01-
37017A02-;37017A02-
37017A03K;37017A034
37017A04K;37017A043
37017A09K;37017A091
37017A0WN;37017A0WN
37017B00K;37017B001
37017B01K;37017B01-
37017B02K;37017B022
37017B073;37017B073
37017B084;37017B084
37017B0PK;37017B0PN
37017B19K;37017B192
37017C00-;37017C00-
37017C01-;37017C01-
37017C021;37017C021
37017C032;37017C032
37017C08-;37017C08-
37017C0PN;37017C0PN
37017C19-;37017C19-
37018A00K;37018A00-
37018A00L;37018A00-
37018A01-;37018A01-
37018A022;37018A022
37018A08K;37018A083
37018A09K;37018A091
37018A10-;37018A10-
37018A19-;37018A19-
37018A201;37018A201
37018A282;37018A282
37018A29-;37018A29-
37018A300;37018A300
37018A39K;37018A391
37018A39L;37018A391
37018A3MA;37018A3MA
37018A3PA;37018A3PA
37018A49-;37018A49-
37018B00K;37018B00-
37018B00L;37018B00-
37018B01K;37018B010
37018B08K;37018B08-
37018B091;37018B091
37018B10K;37018B10-
37018B11-;37018B11-
37018B18K;37018B182
37018B19K;37018B190
37018B29-;37018B29-
37020A00-;37020A00-
37020A01-;37020A01-
37020A022;37020A022
37020A033;37020A033
37020A081;37020A081
37020A0MA;37020A0MA
37020A0NA;37020A0NA
37020A0PA;37020A0PA
37020A184;37020A184
37020A212;37020A212
37020A315;37020A315
37020B00-;37020B00-
37020B09-;37020B09-
38002A00-;38002A00-
38002A01-;38002A01-
38002A089;38002A089
38002A099;38002A099
38002A181;38002A181
38002A282;38002A282
38002B00-;38002B00-
38002B09-;38002B09-
38002C00-;38002C00-
38002C09-;38002C09-
38002D000;38002D000
38002D090;38002D090
38002E00-;38002E00-
38002E09-;38002E09-
38002F00-;38002F00-
38002F09-;38002F09-
38002G00-;38002G00-
38002G082;38002G082
38002G091;38002G091
38002G11-;38002G11-
38008A01K;38008A010
38008A02K;38008A02-
38008A03K;38008A03-
38008A04K;38008A04-
38008A05K;38008A052
38008A08K;38008A081
38008A10K;38008A10-
38008A10L;38008A10-
38008A11K;38008A11-
38008A12K;38008A12-
38008A19K;38008A19-
38008B00K;38008B001
38008B01K;38008B01-
38008B02K;38008B02-
38008B08K;38008B08-
38008B08L;38008B08-
38008B08M;38008B08-
38008B08O;38008B08-
38008B091;38008B091
38008B18K;38008B189
38008B19K;38008B19-
38008X0JQ;38008X0JQ
38014A00K;38014A00-
38014A00L;38014A00-
38014A01K;38014A01-
38014A08K;38014A08-
38014A09K;38014A09-
38014A10K;38014A10-
38014A10L;38014A10-
38014A11K;38014A11-
38014A12K;38014A12-
38014A12L;38014A12-
38014A12M;38014A12-
38014A19-;38014A19-
38014A20K;38014A20-
38014A21K;38014A21-
38014A21L;38014A21-
38014A22K;38014A22-
38014A22L;38014A22-
38014A22M;38014A22-
38014A23-;38014A23-
38014B00K;38014B00-
38014B01-;38014B01-
38014B02-;38014B02-
38014B03-;38014B03-
38014B041;38014B041
38014B062;38014B062
38014B09K;38014B090
38014B10K;38014B10-
38014B10L;38014B10-
38014B11K;38014B11-
38014B11L;38014B11-
38014B11M;38014B11-
38014B11O;38014B11-
38014B18-;38014B18-
38014B191;38014B191
38014B21-;38014B21-
38014B262;38014B262
38014B39K;38014B39-
38014C00K;38014C00-
38014C01-;38014C01-
38014C09K;38014C090
38014X0JK;38014X0JQ
38014X0JL;38014X0JQ
38016A00K;38016A001
38016A02K;38016A02-
38016A03K;38016A03-
38016A09K;38016A091
38016A0MA;38016A0MA
38016A0PA;38016A0PA
38016A10K;38016A10-
38016A10L;38016A10-
38016A11K;38016A11-
38016A11L;38016A11-
38016A12K;38016A12-
38016A12L;38016A12-
38016A12M;38016A12-
38016A18K;38016A18-
38016A20-;38016A20-
38016A292;38016A292
38016A31K;38016A31-
38016A39K;38016A39-
38016A41K;38016A412
38016A41L;38016A412
38016A41M;38016A412
38016A42K;38016A42-
38016B00K;38016B00-
38016B08K;38016B08-
38016B0MK;38016B0MA
38016C00K;38016C00-
38016C09K;38016C09-
38016X0JQ;38016X0JQ
38016X1JQ;38016X1JQ
38025A00-;38025A00-
38025A02-;38025A02-
38025A03K;38025A030
38025A040;38025A040
38025A05K;38025A05-
38025A07K;38025A07-
38025A09K;38025A099
38025A10K;38025A10-
38025A11K;38025A11-
38025A180;38025A180
38025A19K;38025A19-
38025A19L;38025A19-
38025A31K;38025A311
38025A32K;38025A322
38025A37K;38025A370
38025A48K;38025A489
38025B00K;38025B002
38025B091;38025B091
38025C00-;38025C00-
38025C09-;38025C09-
38025D00-;38025D00-
38025D099;38025D099
38025E09-;38025E09-
38025F00K;38025F000
38025F082;38025F082
38025F0MK;38025F0MA
38025F0PK;38025F0PA
38025G00K;38025G000
38025G09-;38025G09-
38025H00K;38025H009
38025H01-;38025H01-
38025H099;38025H099
38025J00K;38025J00-
38025J09-;38025J09-
38025K099;38025K099
41002A00-;41002A00-
41002A011;41002A011
41002A012;41002A012
41002A031;41002A031
41002A072;41002A072
41002A089;41002A089
41002A111;41002A111
41002A121;41002A121
41002A132;41002A132
41002A180;41002A180
41002A20-;41002A20-
41002A212;41002A212
41002A221;41002A221
41002A23-;41002A23-
41002A24-;41002A24-
41002A25-;41002A25-
41002A2AA;41002A2AA
41002A2PA;41002A2PA
41002A31-;41002A31-
41002A32-;41002A32-
41002A331;41002A331
41002A332;41002A332
41002A341;41002A341
41002A35-;41002A35-
41002A373;41002A373
41002A382;41002A382
41002A39-;41002A39-
41002A421;41002A421
41002A472;41002A472
41002A50-;41002A50-
41002A51-;41002A51-
41002A52-;41002A52-
41002A532;41002A532
41002A542;41002A542
41002A571;41002A571
41002A583;41002A583
41002A61-;41002A61-
41002A62-;41002A62-
41002A632;41002A632
41002A64-;41002A64-
41002A71-;41002A71-
41002A721;41002A721
41002A730;41002A730
41002A802;41002A802
41002A811;41002A811
41002A822;41002A822
41002A833;41002A833
41002A84-;41002A84-
41002A884;41002A884
41002A89-;41002A89-
41002B001;41002B001
41002B010;41002B010
41002B03-;41002B03-
41002B041;41002B041
41002B072;41002B072
41002B0AA;41002B0AA
41002B0PA;41002B0PA
41002B10-;41002B10-
41002B11-;41002B11-
41002B120;41002B120
41002B191;41002B191
41002B2AB;41002B2AB
41002B2PB;41002B2PB
41002C00-;41002C00-
41002C01-;41002C01-
41002C02-;41002C02-
41002C032;41002C032
41002C043;41002C043
41002C08K;41002C08-
41002C08L;41002C08-
41002C091;41002C091
41002D00-;41002D00-
41002D01-;41002D01-
41002D02-;41002D02-
41002D03-;41002D03-
41002D042;41002D042
41002D081;41002D081
41002D09-;41002D09-
41002E00-;41002E00-
41002E010;41002E010
41002E02-;41002E02-
41002E03-;41002E03-
41002E04-;41002E04-
41002E080;41002E080
41002E09-;41002E09-
41002E20-;41002E20-
41002E21-;41002E21-
41002E22-;41002E22-
41002E23-;41002E23-
41002E29-;41002E29-
41002F00-;41002F00-
41002F01-;41002F01-
41002F02-;41002F02-
41002F08-;41002F08-
41002F09-;41002F09-
41002F19-;41002F19-
41002G000;41002G000
41002G010;41002G010
41002G020;41002G020
41002G03-;41002G03-
41002G04-;41002G04-
41002G050;41002G050
41002G061;41002G061
41002G08-;41002G08-
41002G092;41002G092
41002G19-;41002G19-
41002H000;41002H000
41002H01-;41002H01-
41002H03-;41002H03-
41002H07-;41002H07-
41002H09-;41002H09-
41002H101;41002H101
41002H11-;41002H11-
41002H120;41002H120
41002H132;41002H132
41002H143;41002H143
41002H18-;41002H18-
41002H190;41002H190
41002H301;41002H301
41002H310;41002H310
41002H379;41002H379
41002H380;41002H380
41002J000;41002J000
41002J01-;41002J01-
41002J020;41002J020
41002J032;41002J032
41002J08K;41002J081
41002J08L;41002J081
41002J091;41002J091
41002J100;41002J100
41002J11-;41002J11-
41002J20-;41002J20-
41002J29-;41002J29-
41002J312;41002J312
41011A00-;41011A00-
41011A01-;41011A01-
41011A02-;41011A02-
41011A032;41011A032
41011A042;41011A042
41011A071;41011A071
41011A08K;41011A081
41011A08L;41011A081
41011A091;41011A091
41011A10-;41011A10-
41011A112;41011A112
41011A19-;41011A19-
41011A21-;41011A21-
41011A303;41011A303
41011A314;41011A314
41011B000;41011B000
41011B0PN;41011B0PN
41011B193;41011B193
41011B21-;41011B21-
41011C00-;41011C00-
41011C01-;41011C01-
41011C02-;41011C02-
41011C03K;41011C032
41011C09K;41011C091
41011C09L;41011C091
41011C11-;41011C11-
41011C19-;41011C19-
41011C313;41011C313
41018A00-;41018A00-
41018A010;41018A010
41018A02-;41018A02-
41018A04-;41018A04-
41018A05-;41018A05-
41018A09-;41018A09-
41018A10-;41018A10-
41018A110;41018A110
41018A20-;41018A20-
41018A30-;41018A30-
41018B001;41018B001
41018B01-;41018B01-
41018B022;41018B022
41018B072;41018B072
41018B09K;41018B091
41018B09L;41018B091
41018C000;41018C000
41018C01-;41018C01-
41018C08K;41018C080
41018C08L;41018C080
41018C09-;41018C09-
41018C11-;41018C11-
41018C21-;41018C21-
41018C22-;41018C22-
41018D001;41018D001
41018D01-;41018D01-
41018D022;41018D022
41018D033;41018D033
41018D042;41018D042
41018D081;41018D081
41018D09-;41018D09-
41018D101;41018D101
41018D11-;41018D11-
41018D172;41018D172
41018D18-;41018D18-
41018D19-;41018D19-
41018E00-;41018E00-
41018E01-;41018E01-
41018E08-;41018E08-
41018E091;41018E091
41018E110;41018E110
41018E122;41018E122
41018F00-;41018F00-
41018F08-;41018F08-
41018F09-;41018F09-
41018G00-;41018G00-
41018G01-;41018G01-
41018G072;41018G072
41018G089;41018G089
41018G091;41018G091
41018H001;41018H001
41018H01-;41018H01-
41018H022;41018H022
41018H08-;41018H08-
41018H09-;41018H09-
41018H19-;41018H19-
41018J001;41018J001
41018J022;41018J022
41018J08-;41018J08-
41018J091;41018J091
41018J112;41018J112
41018K00-;41018K00-
41018K012;41018K012
41018K08K;41018K08-
41018K08L;41018K08-
41018K091;41018K091
41018L000;41018L000
41018L090;41018L090
41018M00-;41018M00-
41018M01-;41018M01-
41018M09K;41018M09-
41018M09L;41018M09-
41018M10-;41018M10-
41018M19K;41018M19-
41018M19L;41018M19-
41018M29-;41018M29-
41018N002;41018N002
41018N09K;41018N091
41018N09L;41018N091
41018P002;41018P002
41018P091;41018P091
41018R00-;41018R00-
41018R01-;41018R01-
41018R02-;41018R02-
41018R08K;41018R08-
41018R09-;41018R09-
41018R100;41018R100
41018R190;41018R190
41018S00-;41018S00-
41018S08-;41018S08-
41018S09-;41018S09-
41018S19-;41018S19-
41024A00-;41024A00-
41024A01-;41024A01-
41024A02-;41024A02-
41024A032;41024A032
41024A081;41024A081
41024A0AA;41024A0AA
41024A0PA;41024A0PA
41024A11-;41024A11-
41024A200;41024A200
41024A21-;41024A21-
41024A29-;41024A29-
41024A30-;41024A30-
41024A412;41024A412
41024A491;41024A491
41024B001;41024B001
41024B01-;41024B01-
41024B022;41024B022
41024B08K;41024B08-
41024B09-;41024B09-
41024B10-;41024B10-
41024B19-;41024B19-
41024B20-;41024B20-
41024B29-;41024B29-
41024B30-;41024B30-
41024B31-;41024B31-
41024B32-;41024B32-
41024B39K;41024B39-
41024C00-;41024C00-
41024C01-;41024C01-
41024C02-;41024C02-
41024C032;41024C032
41024C08K;41024C08-
41024C08L;41024C08-
41024C091;41024C091
41024D001;41024D001
41024D012;41024D012
41024D022;41024D022
41024D081;41024D081
41024D09-;41024D09-
41027A00K;41027A00-
41027A00L;41027A00-
41027A01K;41027A01-
41027A02K;41027A020
41027A02L;41027A020
41027A08K;41027A08-
41027A09K;41027A09-
41027A11K;41027A11-
41027B00K;41027B000
41027B01K;41027B011
41027B02-;41027B02-
41027B03-;41027B03-
41027B04K;41027B042
41027B08K;41027B080
41027B09-;41027B09-
41027C00K;41027C00-
41027C01-;41027C01-
41027C02-;41027C02-
41027C09K;41027C099
41027C09L;41027C099
41027D00K;41027D00-
41027D08K;41027D08-
41027D09-;41027D09-
41027E00-;41027E00-
41027E082;41027E082
41027E091;41027E091
41027F00K;41027F00-
41027F08-;41027F08-
41027F09-;41027F09-
41027G00K;41027G00-
41027G01-;41027G01-
41027G08-;41027G08-
41027G10-;41027G10-
41027G29K;41027G29-
41027H00K;41027H001
41027H02-;41027H02-
41027H08-;41027H08-
41027H09-;41027H09-
41027H10-;41027H10-
41027H199;41027H199
41027H29-;41027H29-
41027H39K;41027H39-
41034A00-;41034A00-
41034A01-;41034A01-
41034A02-;41034A02-
41034A03-;41034A03-
41034A04-;41034A04-
41034A080;41034A080
41034A09-;41034A09-
41034A10-;41034A10-
41034A19-;41034A19-
41034A20-;41034A20-
41034A210;41034A210
41034A22-;41034A22-
41034A232;41034A232
41034A242;41034A242
41034A281;41034A281
41034A291;41034A291
41034A39-;41034A39-
41034A410;41034A410
41034A42-;41034A42-
41034B00-;41034B00-
41034B012;41034B012
41034B091;41034B091
41034C00-;41034C00-
41034C08-;41034C08-
41034C09-;41034C09-
41034C31-;41034C31-
41034C39-;41034C39-
41034D000;41034D000
41034D01-;41034D01-
41034D080;41034D080
41034D09-;41034D09-
41034E00-;41034E00-
41034E032;41034E032
41034E043;41034E043
41034E091;41034E091
41034E18-;41034E18-
41034E19-;41034E19-
41034E21-;41034E21-
41048A001;41048A001
41048A01-;41048A01-
41048A022;41048A022
41048A04-;41048A04-
41048A05-;41048A05-
41048A07-;41048A07-
41048A08-;41048A08-
41048A10-;41048A10-
41048A110;41048A110
41048A180;41048A180
41048A191;41048A191
41048A30-;41048A30-
41048A31-;41048A31-
41048A401;41048A401
41048A412;41048A412
41048A43-;41048A43-
41048B00-;41048B00-
41048B01-;41048B01-
41048B08-;41048B08-
41048B09-;41048B09-
41048C000;41048C000
41048C010;41048C010
41048C02-;41048C02-
41048C03-;41048C03-
41048C042;41048C042
41048C072;41048C072
41048C081;41048C081
41048C091;41048C091
41048C100;41048C100
41048C11K;41048C11-
41048C19K;41048C191
41048C212;41048C212
41048C222;41048C222
41048C291;41048C291
41048D00-;41048D00-
41048D09K;41048D09-
41048D09L;41048D09-
41048E002;41048E002
41048E091;41048E091
41048F00-;41048F00-
41048F01-;41048F01-
41048F02-;41048F02-
41048F03-;41048F03-
41048F08-;41048F08-
41048F09-;41048F09-
41048F19-;41048F19-
41048F29-;41048F29-
41048G00-;41048G00-
41048G08-;41048G08-
41048G09-;41048G09-
41048H00-;41048H00-
41048H022;41048H022
41048H081;41048H081
41048H0AA;41048H0AA
41048H0PA;41048H0PA
41048H10-;41048H10-
41048H18-;41048H18-
41048H19-;41048H19-
41048H29-;41048H29-
41048J001;41048J001
41048J01-;41048J01-
41048J022;41048J022
41048J08-;41048J08-
41048J09-;41048J09-
41048K001;41048K001
41048K022;41048K022
41048K08-;41048K08-
41048K09-;41048K09-
41048K19-;41048K19-
41048K29-;41048K29-
41048L00-;41048L00-
41048L01-;41048L01-
41048L08-;41048L08-
41048L09-;41048L09-
41048L19-;41048L19-
41048M000;41048M000
41048M01-;41048M01-
41048M020;41048M020
41048M032;41048M032
41048M081;41048M081
41048M090;41048M090
41048M102;41048M102
41048M19K;41048M191
41048M19L;41048M191
41048M20-;41048M20-
41048M29-;41048M29-
41063A001;41063A001
41063A01-;41063A01-
41063A02-;41063A02-
41063A032;41063A032
41063A043;41063A043
41063A052;41063A052
41063A08K;41063A081
41063A08L;41063A081
41063A09-;41063A09-
41063A282;41063A282
41063A292;41063A292
41063B00-;41063B00-
41063B01-;41063B01-
41063B02-;41063B02-
41063B09K;41063B099
41063B09L;41063B099
41063C00-;41063C00-
41063C01-;41063C01-
41063C08K;41063C08-
41063C08L;41063C08-
41063C09-;41063C09-
41063C19-;41063C19-
41063D00-;41063D00-
41063D01-;41063D01-
41063D020;41063D020
41063D08-;41063D08-
41063D090;41063D090
41063D21-;41063D21-
41063D282;41063D282
41063D291;41063D291
41063E00-;41063E00-
41063E010;41063E010
41063E099;41063E099
41081A00-;41081A00-
41081A01-;41081A01-
41081A02-;41081A02-
41081A03-;41081A03-
41081A04-;41081A04-
41081B00-;41081B00-
41081B09-;41081B09-
41081B19-;41081B19-
41081B20-;41081B20-
41081B21-;41081B21-
41081B281;41081B281
41081B291;41081B291
41081C001;41081C001
41081C01-;41081C01-
41081C021;41081C021
41081C032;41081C032
41081C042;41081C042
41081C09-;41081C09-
41081D00-;41081D00-
41081D01-;41081D01-
41081D072;41081D072
41081D081;41081D081
41081D099;41081D099
41081D112;41081D112
41081E000;41081E000
41081E01-;41081E01-
41081E08-;41081E08-
41081E090;41081E090
41081F00-;41081F00-
41081F01-;41081F01-
41081F02-;41081F02-
41081F033;41081F033
41081F08-;41081F08-
41081F091;41081F091
41081F192;41081F192
41081G00-;41081G00-
41081G09-;41081G09-
41081H000;41081H000
41081H020;41081H020
41081H091;41081H091
41081H111;41081H111
41081H112;41081H112
41081H12-;41081H12-
41081H132;41081H132
41081H29-;41081H29-
41081J00-;41081J00-
41081J01-;41081J01-
41081J02-;41081J02-
41081J032;41081J032
41081J08-;41081J08-
41081J091;41081J091
41081J20-;41081J20-
41081J28-;41081J28-
41081J29-;41081J29-
41081K000;41081K000
41081K011;41081K011
41081K092;41081K092
41081K18-;41081K18-
41081K192;41081K192
41081K292;41081K292
41082A00-;41082A00-
41082A01-;41082A01-
41082A02-;41082A02-
41082A032;41082A032
41082A043;41082A043
41082A081;41082A081
41082A09-;41082A09-
41082A10-;41082A10-
41082A19-;41082A19-
41082A28-;41082A28-
41082A29-;41082A29-
41082B00K;41082B00-
41082B02-;41082B02-
41082B032;41082B032
41082B072;41082B072
41082B08K;41082B081
41082B08L;41082B081
41082B091;41082B091
41082B100;41082B100
41082B11-;41082B11-
41082B12-;41082B12-
41082B18-;41082B18-
41082B19-;41082B19-
41082B20-;41082B20-
41082B21-;41082B21-
41082B29-;41082B29-
41082B38-;41082B38-
41082B48-;41082B48-
41082C001;41082C001
41082C01-;41082C01-
41082C022;41082C022
41082C081;41082C081
41082C09-;41082C09-
41082C182;41082C182
41082C19-;41082C19-
41082D00-;41082D00-
41082D01-;41082D01-
41082D02K;41082D022
41082D08K;41082D081
41082D09-;41082D09-
41082E00-;41082E00-
41082E01K;41082E010
41082E02-;41082E02-
41082E032;41082E032
41082E08K;41082E081
41082E08L;41082E081
41082E09-;41082E09-
41082F000;41082F000
41082F072;41082F072
41082F091;41082F091
41082F19-;41082F19-
41082G002;41082G002
41082G091;41082G091
41082H001;41082H001
41082H01-;41082H01-
41082H022;41082H022
41082H09K;41082H099
41082H09L;41082H099
41082H17-;41082H17-
42003A00K;42003A001
42003A01K;42003A011
42003A02K;42003A022
42003A02L;42003A022
42003A033;42003A033
42003A04K;42003A042
42003A08K;42003A08-
42003A09K;42003A09-
42003A10K;42003A10-
42003A11K;42003A112
42003A16K;42003A163
42003A19K;42003A191
42003A29K;42003A29-
42003B00K;42003B00-
42003B09K;42003B09-
42003B10-;42003B10-
42003C00K;42003C001
42003C02K;42003C022
42003C02L;42003C022
42003C03K;42003C033
42003C04K;42003C044
42003C081;42003C081
42003C09K;42003C091
42003C10-;42003C10-
42003C11K;42003C112
42003C11L;42003C112
42003C162;42003C162
42003C21K;42003C21-
42004A00K;42004A001
42004A012;42004A012
42004A021;42004A021
42004A033;42004A033
42004A042;42004A042
42004A080;42004A080
42004A0AA;42004A0AA
42004A0PK;42004A0PA
42004A0PL;42004A0PA
42004A11-;42004A11-
42004A12-;42004A12-
42004A132;42004A132
42004A19-;42004A19-
42004A1AK;42004A1AB
42004A1MB;42004A1MB
42004A1PK;42004A1PB
42004A1PL;42004A1PB
42004A20-;42004A20-
42004A212;42004A212
42004A2PN;42004A2PN
42004A30-;42004A30-
42004A312;42004A312
42004A393;42004A393
42004A41K;42004A41-
42006A00K;42006A001
42006A011;42006A011
42006A02K;42006A02-
42006A02L;42006A02-
42006A03K;42006A032
42006A042;42006A042
42006A109;42006A109
42006A191;42006A191
42006A20K;42006A20-
42006A21K;42006A212
42006A21L;42006A212
42006A22K;42006A220
42006A290;42006A290
42006A2AK;42006A2AJ
42006B00-;42006B00-
42006B01K;42006B011
42006B022;42006B022
42006B09K;42006B09-
42006C001;42006C001
42006C01-;42006C01-
42006C02K;42006C02-
42006C02L;42006C02-
42006C032;42006C032
42006C04K;42006C042
42006C04L;42006C042
42006C091;42006C091
42006C10K;42006C100
42006C10L;42006C100
42006C10M;42006C100
42006C11-;42006C11-
42006C18-;42006C18-
42006C19-;42006C19-
42006C20-;42006C20-
42006C27-;42006C27-
42006C2AK;42006C2AJ
42006C2AL;42006C2AJ
42006D001;42006D001
42006D02-;42006D02-
42006D03K;42006D032
42006D03L;42006D032
42006D042;42006D042
42006D052;42006D052
42006D091;42006D091
42006D10K;42006D10-
42006D1AK;42006D1AA
42006D1PK;42006D1PA
42006D211;42006D211
42006D222;42006D222
42006E001;42006E001
42006E02K;42006E021
42006E02L;42006E021
42006E032;42006E032
42006E042;42006E042
42006E072;42006E072
42006E08-;42006E08-
42006E102;42006E102
42006E191;42006E191
42006E201;42006E201
42006E303;42006E303
42006F001;42006F001
42006F011;42006F011
42006F022;42006F022
42006F032;42006F032
42006F073;42006F073
42006F08-;42006F08-
42006F09-;42006F09-
42006F11-;42006F11-
42006G00-;42006G00-
42006G09-;42006G09-
42006H00-;42006H00-
42006H07-;42006H07-
42006H08-;42006H08-
42006H09-;42006H09-
42008A001;42008A001
42008A011;42008A011
42008A02-;42008A02-
42008A032;42008A032
42008A043;42008A043
42008A052;42008A052
42008A072;42008A072
42008A08-;42008A08-
42008A09K;42008A091
42008A09L;42008A091
42008A10-;42008A10-
42008A11-;42008A11-
42008A12-;42008A12-
42008A19-;42008A19-
42008A202;42008A202
42008A28-;42008A28-
42008A29K;42008A291
42008A29L;42008A291
42008A303;42008A303
42008A314;42008A314
42008A325;42008A325
42008A40K;42008A40-
42008A501;42008A501
42008A512;42008A512
42008B001;42008B001
42008B012;42008B012
42008B02K;42008B023
42008B062;42008B062
42008B091;42008B091
42008B101;42008B101
42008B112;42008B112
42008B19-;42008B19-
42010A001;42010A001
42010A01-;42010A01-
42010A02-;42010A02-
42010A03-;42010A03-
42010A042;42010A042
42010A053;42010A053
42010A082;42010A082
42010A0MA;42010A0MA
42010A0PA;42010A0PA
42010A19-;42010A19-
42010B001;42010B001
42010B012;42010B012
42010B023;42010B023
42010B034;42010B034
42010B08-;42010B08-
42010B09-;42010B09-
42010B199;42010B199
42010B21-;42010B21-
42010B22-;42010B22-
42010B23-;42010B23-
42010B24-;42010B24-
42011A001;42011A001
42011A011;42011A011
42011A021;42011A021
42011A030;42011A030
42011A042;42011A042
42011A052;42011A052
42011A091;42011A091
42011A10-;42011A10-
42011A112;42011A112
42011A19-;42011A19-
42011A20-;42011A20-
42011A212;42011A212
42011A223;42011A223
42011A291;42011A291
42011A31K;42011A312
42011B00K;42011B00-
42011B01-;42011B01-
42011B09-;42011B09-
42011C001;42011C001
42011C012;42011C012
42011C08-;42011C08-
42011C09-;42011C09-
42023A001;42023A001
42023A01-;42023A01-
42023A022;42023A022
42023A032;42023A032
42023A063;42023A063
42023A081;42023A081
42023A091;42023A091
42023A0PN;42023A0PN
42023A10K;42023A100
42023A18-;42023A18-
42023A20K;42023A200
42023A21-;42023A21-
42023A290;42023A290
42023A39-;42023A39-
42023A41-;42023A41-
42025A001;42025A001
42025A011;42025A011
42025A022;42025A022
42025A041;42025A041
42025A050;42025A050
42025A082;42025A082
42025A091;42025A091
42025A100;42025A100
42025A190;42025A190
42025A201;42025A201
42025A21-;42025A21-
42025A222;42025A222
42025A232;42025A232
42025A273;42025A273
42025A28K;42025A281
42025A30-;42025A30-
42025A39K;42025A399
42025A39L;42025A399
42025A40-;42025A40-
42025A51K;42025A51-
42025A601;42025A601
42025A61K;42025A612
42025A672;42025A672
42025A6MA;42025A6MA
42025A6PA;42025A6PA
42025A712;42025A712
42025A72-;42025A72-
42025A733;42025A733
42025A74K;42025A742
42025A75-;42025A75-
42025A799;42025A799
42025A80-;42025A80-
42025A812;42025A812
42025A821;42025A821
42025B00-;42025B00-
42025B01-;42025B01-
42025B022;42025B022
42025B083;42025B083
42025B0AA;42025B0AA
42025B0PA;42025B0PA
42025C00-;42025C00-
42025C09-;42025C09-
42026A00-;42026A00-
42026A010;42026A010
42026A07-;42026A07-
42026A080;42026A080
42026A09-;42026A09-
42026A19-;42026A19-
42026B00-;42026B00-
42026B01-;42026B01-
42026B09-;42026B09-
42026B19-;42026B19-
42026C001;42026C001
42026C012;42026C012
42026C023;42026C023
42026C081;42026C081
42026C082;42026C082
42026C09K;42026C090
42026C09L;42026C090
42026C100;42026C100
42026C190;42026C190
42028A001;42028A001
42028A01-;42028A01-
42028A021;42028A021
42028A031;42028A031
42028A041;42028A041
42028A051;42028A051
42028A072;42028A072
42028A090;42028A090
42028A0AA;42028A0AA
42028A0PA;42028A0PA
42028A10-;42028A10-
42028A11-;42028A11-
42028A1PN;42028A1PN
42028A1PP;42028A1PP
42028A20K;42028A202
42028A212;42028A212
42028A222;42028A222
42028A2PK;42028A2PN
42028A302;42028A302
42028A312;42028A312
42028A412;42028A412
42028A432;42028A432
43002A001;43002A001
43002A01-;43002A01-
43002A020;43002A020
43002A032;43002A032
43002A08K;43002A080
43002A08L;43002A080
43002A08M;43002A080
43002A09-;43002A09-
43002B000;43002B000
43002B090;43002B090
43002C000;43002C000
43002C090;43002C090
43002C11-;43002C11-
43002C20-;43002C20-
43002C29-;43002C29-
43002D00K;43002D00-
43002D082;43002D082
43002D091;43002D091
43002D11-;43002D11-
43005A00-;43005A00-
43005A01-;43005A01-
43005A022;43005A022
43005A03-;43005A03-
43005A041;43005A041
43005A050;43005A050
43005A072;43005A072
43005A081;43005A081
43005A091;43005A091
43005A101;43005A101
43005A172;43005A172
43005A18-;43005A18-
43005A19-;43005A19-
43005A282;43005A282
43005A292;43005A292
43005A303;43005A303
43005A31-;43005A31-
43005A32-;43005A32-
43005A374;43005A374
43005A401;43005A401
43005A412;43005A412
43007A001;43007A001
43007A012;43007A012
43007A09-;43007A09-
43007A10-;43007A10-
43007B00-;43007B00-
43007B022;43007B022
43007B091;43007B091
43007B113;43007B113
4301010PQ;4301010PQ
43010A001;43010A001
43010A01-;43010A01-
43010A021;43010A021
43010A03-;43010A03-
43010A053;43010A053
43010A073;43010A073
43010A08-;43010A08-
43010A091;43010A091
43010A092;43010A092
43010A101;43010A101
43010A112;43010A112
43010A19-;43010A19-
43010A201;43010A201
43010A212;43010A212
43010A29-;43010A29-
43010A30K;43010A30-
43010A39K;43010A39-
43010A402;43010A402
43010A413;43010A413
43010A422;43010A422
43010A430;43010A430
43010A444;43010A444
43010B00-;43010B00-
43010B09-;43010B09-
43010B11-;43010B11-
43010C00-;43010C00-
43010C011;43010C011
43010C022;43010C022
43010C03-;43010C03-
43010C040;43010C040
43010C052;43010C052
43010C07K;43010C073
43010C08K;43010C081
43010C090;43010C090
43010C10-;43010C10-
43010C114;43010C114
43010C191;43010C191
43014A00-;43014A00-
43014A08-;43014A08-
43014A09-;43014A09-
43014A19-;43014A19-
43014B00-;43014B00-
43014B09-;43014B09-
43014B19-;43014B19-
43014C002;43014C002
43014C091;43014C091
43014C10-;43014C10-
43014D00-;43014D00-
43014D09-;43014D09-
43014E000;43014E000
43014E090;43014E090
43014E11-;43014E11-
43018A001;43018A001
43018A01K;43018A012
43018A01L;43018A012
43018A02K;43018A020
43018A02L;43018A020
43018A02M;43018A020
43018A03K;43018A033
43018A04K;43018A044
43018A04L;43018A044
43018A04M;43018A044
43018A05K;43018A052
43018A05L;43018A052
43018A073;43018A073
43018A08K;43018A081
43018A10K;43018A101
43018A11K;43018A111
43018A12K;43018A12-
43018A13K;43018A13-
43018A14K;43018A142
43018A17K;43018A172
43018A19K;43018A19-
43018A19L;43018A19-
43018A19M;43018A19-
43018A219;43018A219
44001A001;44001A001
44001A01-;44001A01-
44001A022;44001A022
44001A03-;44001A03-
44001A04-;44001A04-
44001A052;44001A052
44001A07-;44001A07-
44001A081;44001A081
44001A091;44001A091
44001A10-;44001A10-
44001A11-;44001A11-
44001A18-;44001A18-
44001A19-;44001A19-
44001A212;44001A212
44001A282;44001A282
44001A291;44001A291
44001A30-;44001A30-
44001A39-;44001A39-
44001B000;44001B000
44001B01-;44001B01-
44001B08K;44001B080
44001B08L;44001B080
44001B09-;44001B09-
44001C000;44001C000
44001C090;44001C090
44001D00-;44001D00-
44001D09-;44001D09-
44011A000;44011A000
44011A01-;44011A01-
44011A02-;44011A02-
44011A03K;44011A03-
44011A04-;44011A04-
44011A062;44011A062
44011A07K;44011A07-
44011A08-;44011A08-
44011A091;44011A091
44011B000;44011B000
44011B012;44011B012
44011B022;44011B022
44011B033;44011B033
44011B081;44011B081
44011B091;44011B091
44011B11-;44011B11-
44011C000;44011C000
44011C01-;44011C01-
44011C02-;44011C02-
44011C030;44011C030
44011C05-;44011C05-
44011C07-;44011C07-
44011C083;44011C083
44011C0AA;44011C0AA
44011C0PA;44011C0PA
44011C172;44011C172
44011D00-;44011D00-
44011D09-;44011D09-
44011E00-;44011E00-
44011E012;44011E012
44011E091;44011E091
44011F00-;44011F00-
44011F099;44011F099
44011G00-;44011G00-
44011G09-;44011G09-
44011H00-;44011H00-
44011H012;44011H012
44011H091;44011H091
44011J00K;44011J000
44011J09-;44011J09-
44011K000;44011K000
44011K01K;44011K012
44011K08-;44011K08-
44011K09K;44011K091
44011K100;44011K100
44011K172;44011K172
44011K183;44011K183
44011K191;44011K191
44011L000;44011L000
44011L08-;44011L08-
44011L090;44011L090
44012A00K;44012A00-
44012A01K;44012A011
44012A01L;44012A011
44012A01M;44012A011
44012A01O;44012A011
44012A01Y;44012A011
44012A01Z;44012A011
44012A02K;44012A022
44012A03K;44012A033
44012A03L;44012A033
44012A04K;44012A042
44012A04L;44012A042
44012A091;44012A091
44012A0AK;44012A0AA
44012B00K;44012B00-
44012B01K;44012B01-
44012B02K;44012B022
44012B08K;44012B081
44012B09K;44012B09-
44012B10K;44012B10-
44013A00K;44013A00-
44013A02K;44013A022
44013A03K;44013A033
44013A042;44013A042
44013A08K;44013A08-
44013A09K;44013A09-
44013A10K;44013A10-
44013A1MK;44013A1MA
44013A1PK;44013A1PA
44013A20K;44013A201
44013A21K;44013A212
44013A21L;44013A212
44013A21M;44013A212
44013B00K;44013B000
44013B01K;44013B01-
44013B02K;44013B020
44013B03K;44013B031
44013B04K;44013B042
44013B09K;44013B091
44013B0PN;44013B0PN
44013B112;44013B112
44013B191;44013B191
44013B31K;44013B312
44013B392;44013B392
44019A00-;44019A00-
44019A010;44019A010
44019A023;44019A023
44019A034;44019A034
44019A082;44019A082
44019A091;44019A091
44019A10-;44019A10-
44019A190;44019A190
44019A20-;44019A20-
44019A29-;44019A29-
44019A300;44019A300
44019A390;44019A390
44019A40-;44019A40-
44019A490;44019A490
44019A51-;44019A51-
44019B001;44019B001
44019B01-;44019B01-
44019B02-;44019B02-
44019B032;44019B032
44019B042;44019B042
44019B091;44019B091
44019C001;44019C001
44019C010;44019C010
44019C020;44019C020
44019C032;44019C032
44019C043;44019C043
44019C08-;44019C08-
44019C09K;44019C090
44019C09L;44019C090
44019C09M;44019C090
44019C101;44019C101
44019C172;44019C172
44019C200;44019C200
44019C21-;44019C21-
44019C222;44019C222
44019C29K;44019C291
44019C29L;44019C291
44020A00-;44020A00-
44020A012;44020A012
44020A023;44020A023
44020A08K;44020A08-
44020A08L;44020A08-
44020A09K;44020A091
44020B000;44020B000
44020B081;44020B081
44020B08K;44020B083
44020B09K;44020B090
44020B11-;44020B11-
44020C00-;44020C00-
44020C09-;44020C09-
44020D00-;44020D00-
44020D01-;44020D01-
44020D09-;44020D09-
44020D19-;44020D19-
44020E00-;44020E00-
44020E01K;44020E012
44020E09K;44020E091
44020E0PK;44020E0PP
44020E18-;44020E18-
44020E19-;44020E19-
44020F00-;44020F00-
44020F010;44020F010
44020F09K;44020F091
44020F09L;44020F091
44020F10K;44020F10-
44020F11K;44020F112
44020F122;44020F122
44020F171;44020F171
44021A00-;44021A00-
44021A01-;44021A01-
44021A02-;44021A02-
44021A03K;44021A03-
44021A04K;44021A040
44021A04L;44021A040
44021A05-;44021A05-
44021A10-;44021A10-
44021A13-;44021A13-
44021A20K;44021A20-
44021A21-;44021A21-
44021A22K;44021A221
44021A23K;44021A23-
44021A24K;44021A24-
44021A31K;44021A31-
44021A32K;44021A321
44021A33K;44021A33-
44021A33L;44021A33-
44021A34K;44021A342
44021A35K;44021A35-
44021A40K;44021A40-
44021A40L;44021A40-
44021A41K;44021A410
44021A41L;44021A410
44021A41M;44021A410
44021A42K;44021A42-
44021A45-;44021A45-
44021A46-;44021A46-
44021A48K;44021A485
44021A48L;44021A485
44021A49K;44021A492
44021A49L;44021A492
44021A50K;44021A50-
44021A50L;44021A50-
44021A50M;44021A50-
44021A51K;44021A51-
44021A521;44021A521
44021A531;44021A531
44021A542;44021A542
44021A60K;44021A60-
44021A60L;44021A60-
44021A62K;44021A62-
44021A62L;44021A62-
44021A63-;44021A63-
44021A64-;44021A64-
44021A71K;44021A711
44021A71L;44021A711
44021A72K;44021A722
44021A72L;44021A722
44021A72M;44021A722
44021A731;44021A731
44021A742;44021A742
44021A801;44021A801
44021A812;44021A812
44021A87K;44021A873
44021A87L;44021A873
44021A87M;44021A873
44021A90K;44021L121
44021A90L;44021M173
44021A90M;44021M102
44021A90O;44021M102
44021B12-;44021B12-
44021B30K;44021B301
44021B312;44021B312
44021B32K;44021B321
44021B33K;44021B331
44021B342;44021B342
44021B35K;44021B354
44021B41K;44021B411
44021B41L;44021B411
44021B42K;44021B422
44021B43K;44021B433
44021B44K;44021B443
44021B452;44021B452
44021B472;44021B472
44021C71K;44021C710
44021C71L;44021C710
44021C71M;44021C710
44021C72-;44021C72-
44021C772;44021C772
44021C80K;44021C800
44021C80L;44021C800
44021C811;44021C811
44021C832;44021C832
44021C870;44021C870
44021D00K;44021D001
44021D01K;44021D012
44021D02K;44021D023
44021D032;44021D032
44021D08K;44021D084
44021D091;44021D091
44021D10K;44021D10-
44021D18K;44021D181
44021D18L;44021D181
44021D19K;44021D190
44021D19L;44021D190
44021D212;44021D212
44021D41K;44021D41-
44021D41L;44021D41-
44021D471;44021D471
44021D50K;44021D50-
44021D58K;44021D58-
44021D59K;44021D59-
44021D59L;44021D59-
44021D60-;44021D60-
44021D610;44021D610
44021D670;44021D670
44021D69-;44021D69-
44021D77-;44021D77-
44021E00K;44021E00-
44021E00L;44021E00-
44021E00M;44021E00-
44021E01K;44021E01-
44021E01L;44021E01-
44021E021;44021E021
44021E03K;44021E031
44021E03L;44021E031
44021E04K;44021E042
44021E04L;44021E042
44021E05K;44021E052
44021E10-;44021E10-
44021E19-;44021E19-
44021E20K;44021E201
44021E22K;44021E222
44021E22L;44021E222
44021E283;44021E283
44021E29K;44021E29-
44021E31-;44021E31-
44021E32K;44021E32-
44021E32L;44021E32-
44021E33K;44021E331
44021F00K;44021F001
44021F00L;44021F001
44021F00M;44021F001
44021F01K;44021F01-
44021F01L;44021F01-
44021F07K;44021F072
44021F09K;44021F091
44021F11K;44021F110
44021F11L;44021F110
44021F12K;44021F121
44021F12L;44021F121
44021F13K;44021F132
44021F13L;44021F132
44021F17K;44021F172
44021F17L;44021F172
44021F17M;44021F172
44021G00K;44021G00-
44021G01K;44021G01-
44021G02K;44021G022
44021G02L;44021G022
44021G03K;44021G031
44021G03L;44021G031
44021G042;44021G042
44021G10K;44021G101
44021G10L;44021G101
44021G11K;44021G112
44021G123;44021G123
44021G20K;44021G200
44021G20L;44021G200
44021G20M;44021G200
44021H00K;44021H001
44021H01K;44021H01-
44021H020;44021H020
44021H04K;44021H042
44021H05K;44021H053
44021H09K;44021H091
44021H09L;44021H091
44021H0MJ;44021H0MJ
44021H11K;44021H111
44021H171;44021H171
44021H19K;44021H196
44021H210;44021H210
44021H220;44021H220
44021H31K;44021H310
44021H32K;44021H325
44021H39K;44021H394
44021J00-;44021J00-
44021J01K;44021J010
44021J01L;44021J010
44021J02K;44021J022
44021J08K;44021J081
44021J091;44021J091
44021J10K;44021J100
44021J10L;44021J100
44021J10M;44021J100
44021J11K;44021J11-
44021J172;44021J172
44021J197;44021J197
44021J20K;44021J200
44021J28K;44021J280
44021J290;44021J290
44021K001;44021K001
44021K011;44021K011
44021K022;44021K022
44021K081;44021K081
44021K10-;44021K10-
44021K11K;44021K11-
44021K12-;44021K12-
44021K132;44021K132
44021K143;44021K143
44021K171;44021K171
44021K18K;44021K180
44021K19K;44021K191
44021K19L;44021K191
44021K20K;44021K201
44021K21-;44021K21-
44021K220;44021K220
44021K23K;44021K232
44021K28-;44021K28-
44021K29K;44021K291
44021K39K;44021K392
44021K39L;44021K392
44021K40-;44021K40-
44021K48-;44021K48-
44021K49-;44021K49-
44021K512;44021K512
44021K523;44021K523
44021K534;44021K534
44021K543;44021K543
44021K613;44021K613
44021K622;44021K622
44021K630;44021K630
44021K632;44021K632
44021K682;44021K682
44021K691;44021K691
44021K794;44021K794
44021L00K;44021L00-
44021L011;44021L011
44021L01K;44021M112
44021L02K;44021L02-
44021L03-;44021L03-
44021L04-;44021L04-
44021L051;44021L051
44021L072;44021L072
44021L09K;44021L09-
44021L11K;44021L112
44021L30K;44021L30-
44021L391;44021L391
44021M00K;44021M00-
44021M01K;44021M01-
44021M01L;44021M01-
44021M02K;44021M020
44021M03K;44021M03-
44021M04K;44021M040
44021M052;44021M052
44021M071;44021M071
44021M080;44021M080
44021M27-;44021M27-
44021M37K;44021M37-
44021M37L;44021M37-
44021M472;44021M472
44021M49-;44021M49-
44021M57-;44021M57-
44029A00-;44029A00-
44029A08-;44029A08-
44029A090;44029A090
44029A190;44029A190
44029B00-;44029B00-
44029B082;44029B082
44029B091;44029B091
44034A000;44034A000
44034A01-;44034A01-
44034A022;44034A022
44034A033;44034A033
44034A044;44034A044
44034A09K;44034A091
44034A09L;44034A091
44034A09M;44034A091
44034A10-;44034A10-
44034A190;44034A190
44034A215;44034A215
44034A316;44034A316
44034B00-;44034B00-
44034B013;44034B013
44034B099;44034B099
44034B112;44034B112
44034C00-;44034C00-
44034C091;44034C091
44034C112;44034C112
44034C213;44034C213
44034D001;44034D001
44034D010;44034D010
44034D02-;44034D02-
44034D032;44034D032
44034D08-;44034D08-
44034D09-;44034D09-
44034D19-;44034D19-
44036A00K;44036A00-
44036A01K;44036A01-
44036A02K;44036A022
44036A02L;44036A022
44036A08K;44036A081
44036A09K;44036A091
44036A09L;44036A091
44036A09M;44036A091
44036A10K;44036A102
44036A29-;44036A29-
44036B00K;44036B00-
44036B09K;44036B091
44040A001;44040A001
44040A022;44040A022
44040A03K;44040A033
44040A03L;44040A033
44040A082;44040A082
44040A09K;44040A091
44040A09L;44040A091
44040A101;44040A101
44040A12K;44040A122
44040A13K;44040A133
44040A13L;44040A133
44040A1AK;44040A1AP
44040A20K;44040A200
44040A21K;44040A213
44040B00-;44040B00-
44040B09K;44040B091
44043A00K;44043A000
44043A00L;44043A000
44043A00M;44043A000
44043A02-;44043A02-
44043A08K;44043A081
44043A08L;44043A081
44043A0MK;44043A0MA
44043A0SA;44043A0SA
44043A112;44043A112
44043A191;44043A191
44043A201;44043A201
44043A21-;44043A21-
44043A212;44043A212
44043A272;44043A272
44043A30K;44043A302
44043A3MK;44043A3MB
44043A3PK;44043A3PB
44043A3PL;44043A3PB
44043B00K;44043B00-
44043B09K;44043B091
44043C000;44043C000
44043C01-;44043C01-
44043C090;44043C090
44043D00-;44043D00-
44043D012;44043D012
44043D081;44043D081
44043D091;44043D091
44043E00-;44043E00-
44043E081;44043E081
44043E09-;44043E09-
44045A001;44045A001
44045A02-;44045A02-
44045A042;44045A042
44045A08-;44045A08-
44045A09-;44045A09-
44045A101;44045A101
44045A112;44045A112
44045A19-;44045A19-
44045A20-;44045A20-
44045A29-;44045A29-
44045A38-;44045A38-
44045A39-;44045A39-
44048A00K;44048A00-
44048A00L;44048A00-
44048A00M;44048A00-
44048A00O;44048A00-
44048A00Y;44048A00-
44048A00Z;44048A00-
44048A01-;44048A01-
44048A07K;44048A072
44048A08K;44048A08-
44048A08L;44048A08-
44048A09K;44048A091
44048A09L;44048A091
44048A10K;44048A10-
44048A29-;44048A29-
44048B00K;44048B000
44048B00L;44048B000
44048B00M;44048B000
44048B01K;44048B01-
44048B02K;44048B02-
44048B033;44048B033
44048B04K;44048B044
44048B04L;44048B044
44048B09K;44048B090
44048B09L;44048B092
44048B0AK;44048B0AJ
44048B0AL;44048B0AJ
44048B0AM;44048B0AJ
44048B17K;44048B172
44048B285;44048B285
44049A001;44049A001
44049A011;44049A011
44049A022;44049A022
44049A08-;44049A08-
44049A090;44049A090
44049A19-;44049A19-
44049A282;44049A282
44049A29-;44049A29-
44049B00-;44049B00-
44049B09-;44049B09-
44049C00-;44049C00-
44049C012;44049C012
44049C091;44049C091
44049C10-;44049C10-
44049C19K;44049C19-
44049C19L;44049C19-
44049D00-;44049D00-
44049D082;44049D082
44049D091;44049D091
44049D19-;44049D19-
44049E001;44049E001
44049E01-;44049E01-
44049E022;44049E022
44049E033;44049E033
44049E08-;44049E08-
44049E09-;44049E09-
44049F00-;44049F00-
44049F012;44049F012
44049F091;44049F091
44052A00K;44052A00-
44052A01K;44052A01-
44052A09K;44052A09-
44052A09L;44052A09-
44052A10-;44052A10-
44052A19-;44052A19-
44052B00-;44052B00-
44052B08-;44052B08-
44052B09-;44052B09-
44052B18-;44052B18-
44052B19-;44052B19-
44052B28-;44052B28-
44052B29-;44052B29-
44052B38-;44052B38-
44052C001;44052C001
44052C012;44052C012
44052C022;44052C022
44052C091;44052C091
44052C19-;44052C19-
44052C21-;44052C21-
44052D00-;44052D00-
44052D00K;44052D002
44052D00L;44052D002
44052D091;44052D091
44052E002;44052E002
44052E091;44052E091
44052F00-;44052F00-
44052F09-;44052F09-
44064A00-;44064A00-
44064A01-;44064A01-
44064A02-;44064A02-
44064A03-;44064A03-
44064A04-;44064A04-
44064A052;44064A052
44064A081;44064A081
44064A09-;44064A09-
44064A10-;44064A10-
44064B00-;44064B00-
44064B01-;44064B01-
44064B02K;44064B02-
44064B032;44064B032
44064B08K;44064B081
44064B09-;44064B09-
44072A00K;44072A001
44072A01K;44072A012
44072A02K;44072A02-
44072A03K;44072A03-
44072A04K;44072A043
44072A09K;44072A09-
44072A09L;44072A09-
44072A09M;44072A09-
44072A11K;44072A112
44072A31K;44072A31-
44072A31L;44072A31-
44072A32K;44072A32-
44073A000;44073A000
44073A01-;44073A01-
44073A02-;44073A02-
44073A03-;44073A03-
44073A04K;44073A04-
44073A053;44073A053
44073A091;44073A091
44073A0AA;44073A0AA
44073A0PA;44073A0PA
44073A100;44073A100
44073A114;44073A114
44073A190;44073A190
44073A29-;44073A29-
44080A00K;44080A001
44080A00L;44080A001
44080A02K;44080A022
44080A03K;44080A033
44080A03L;44080A033
44080A04K;44080A042
44080A09K;44080A091
44080A10K;44080A10-
44080A19K;44080A193
44080B00K;44080B00-
44080B09K;44080B091
44080C00K;44080C000
44080C09K;44080C090
44081A00-;44081A00-
44081A01-;44081A01-
44081A022;44081A022
44081A033;44081A033
44081A044;44081A044
44081A055;44081A055
44081A09K;44081A091
44081A09L;44081A091
44081A176;44081A176
44081B001;44081B001
44081B012;44081B012
44081B023;44081B023
44081B032;44081B032
44081B08K;44081B08-
44081B09K;44081B091
44081C00-;44081C00-
44081C01-;44081C01-
44081C022;44081C022
44081C032;44081C032
44081C081;44081C081
44081C091;44081C091
44081C193;44081C193
45017A001;45017A001
45017A01-;45017A01-
45017A022;45017A022
45017A09-;45017A09-
45017A19-;45017A19-
45017A20-;45017A20-
45017A29-;45017A29-
45017A30-;45017A30-
45017A39-;45017A39-
45017A40-;45017A40-
45017A572;45017A572
45017A591;45017A591
45017B01K;45017B011
45017B082;45017B082
45017B092;45017B092
45017C00-;45017C00-
45017C08-;45017C08-
45017C09-;45017C09-
45017D00-;45017D00-
45017D08-;45017D08-
45017D09-;45017D09-
45035A001;45035A001
45035A011;45035A011
45035A021;45035A021
45035A022;45035A022
45035A030;45035A030
45035A042;45035A042
45035A072;45035A072
45035A101;45035A101
45035A110;45035A110
45035A192;45035A192
45035A201;45035A201
45035A212;45035A212
45035A283;45035A283
45035A294;45035A294
45035A30-;45035A30-
45035A312;45035A312
45035A391;45035A391
45035A40-;45035A40-
45035A410;45035A410
45035A49-;45035A49-
45035A50-;45035A50-
45035A51-;45035A51-
45035A59-;45035A59-
45035A601;45035A601
45035A61-;45035A61-
45035A620;45035A620
45035A632;45035A632
45035A642;45035A642
45035A673;45035A673
45035A681;45035A681
45035A69-;45035A69-
45035A701;45035A701
45035A702;45035A702
45035A711;45035A711
45035A732;45035A732
45035A772;45035A772
45035A780;45035A780
45035A790;45035A790
45035A892;45035A892
45035B00-;45035B00-
45035B010;45035B010
45035B09-;45035B09-
45035C00-;45035C00-
45035C091;45035C091
45035D000;45035D000
45035D08-;45035D08-
45035D09-;45035D09-
45035D19-;45035D19-
45035E00-;45035E00-
45035E01-;45035E01-
45035E081;45035E081
45035E091;45035E091
45035E192;45035E192
45035E1MA;45035E1MA
45035E1PA;45035E1PA
45035F002;45035F002
45035F091;45035F091
45041A00K;45041A00-
45041A00L;45041A00-
45041A01K;45041A011
45041A01L;45041A011
45041A02K;45041A02-
45041A03K;45041A03-
45041A03L;45041A03-
45041A04-;45041A04-
45041A05K;45041A051
45041A072;45041A072
45041A082;45041A082
45041A101;45041A101
45041A12K;45041A12-
45041A12L;45041A12-
45041A12M;45041A123
45041A171;45041A171
45041A182;45041A182
45041A192;45041A192
45041A29-;45041A29-
45041A30-;45041A30-
45041A312;45041A312
45041A323;45041A323
45041A32K;45041A321
45041A32L;45041A321
45041A331;45041A331
45041A340;45041A340
45041A350;45041A350
45041A392;45041A392
45041A400;45041A400
45041A49-;45041A49-
45041A50-;45041A50-
45041A51-;45041A51-
45041A582;45041A582
45041A591;45041A591
45041A60K;45041A60-
45041A60L;45041A60-
45041A61K;45041A61-
45041A620;45041A620
45041A69K;45041A69-
45041A70-;45041A70-
45041A712;45041A712
45041A723;45041A723
45041A791;45041A791
45041A81K;45041A813
45057A000;45057A000
45057A01-;45057A01-
45057A020;45057A020
45057A0PN;45057A0PN
45057B001;45057B001
45057B012;45057B012
45057B09-;45057B09-
45057C00-;45057C00-
45057C091;45057C091
45057C112;45057C112
45057C191;45057C191
45057C29-;45057C29-
45059A00-;45059A00-
45059A01-;45059A01-
45059A10-;45059A10-
45059A112;45059A112
45059A191;45059A191
45059A20-;45059A20-
45059A212;45059A212
45059A22-;45059A22-
45059A281;45059A281
45059A29-;45059A29-
45059B00-;45059B00-
45059B010;45059B010
45059B080;45059B080
45059B09-;45059B09-
45059C00-;45059C00-
45059C082;45059C082
45059C091;45059C091
45059D00-;45059D00-
45059D023;45059D023
45059D082;45059D082
45059D091;45059D091
45059D18-;45059D18-
45059E00K;45059E00-
45059E01K;45059E012
45059E081;45059E081
45059E09-;45059E09-
45059E191;45059E191
45059E280;45059E280
45059E291;45059E291
45059F00-;45059F00-
45059F012;45059F012
45059F091;45059F091
45059G00-;45059G00-
45059G01-;45059G01-
45059G09-;45059G09-
45060A00-;45060A00-
45060A010;45060A010
45060A022;45060A022
45060A033;45060A033
45060A074;45060A074
45060A085;45060A085
45060A09K;45060A091
45060B001;45060B001
45060B010;45060B010
45060B02-;45060B02-
45060B03K;45060B032
45060B073;45060B073
45060B09-;45060B09-
45060C00-;45060C00-
45060C01-;45060C01-
45060C09-;45060C09-
45060D00-;45060D00-
45060D091;45060D091
45061A00-;45061A00-
45061A01-;45061A01-
45061A022;45061A022
45061A082;45061A082
45061A091;45061A091
45061B00-;45061B00-
45061B010;45061B010
45061B080;45061B080
45061B09-;45061B09-
45061C002;45061C002
45061C091;45061C091
45061C800;45061C800
45061C813;45061C813
45061C891;45061C891
45061D000;45061D000
45061D080;45061D080
45061D091;45061D091
45061D112;45061D112
45062A00-;45062A00-
45062A01-;45062A01-
45062A02-;45062A02-
45062A08-;45062A08-
45062A09-;45062A09-
45062B00-;45062B00-
45062B09-;45062B09-
45063A00K;45063A00-
45063A01K;45063A01-
45063A08-;45063A08-
45063A09K;45063A09-
45063A100;45063A100
45063A11K;45063A112
45063A18-;45063A18-
45063A19K;45063A191
45063B00-;45063B00-
45063B08K;45063B08-
45063C00K;45063C00-
45063C09K;45063C099
45063C10-;45063C10-
45063D00K;45063D000
45063D01-;45063D01-
45063D09K;45063D090
45063D19-;45063D19-
45064A00-;45064A00-
45064A01-;45064A01-
45064A02-;45064A02-
45064A08-;45064A08-
45064A09-;45064A09-
45064A102;45064A102
45064A191;45064A191
45064B00-;45064B00-
45064B01-;45064B01-
45064B082;45064B082
45064B09-;45064B09-
45064B112;45064B112
45064B191;45064B191
45064C00-;45064C00-
45064C01-;45064C01-
45064C09-;45064C09-
45064D00-;45064D00-
45064D09-;45064D09-
45064D19-;45064D19-
45065A00-;45065A00-
45065A01-;45065A01-
45065A08-;45065A08-
45065A09-;45065A09-
45065B002;45065B002
45065B091;45065B091
45065C00-;45065C00-
45065C09-;45065C09-
45065D002;45065D002
45065D091;45065D091
45065E002;45065E002
45065E091;45065E091
45065F002;45065F002
45065F091;45065F091
45065G000;45065G000
45065G090;45065G090
45065H00-;45065H00-
45065H09-;45065H09-
45065J00K;45065J00-
45065J09K;45065J09-
45065K00-;45065K00-
45065K01-;45065K01-
45065K09-;45065K09-
45065L000;45065L000
45065L011;45065L011
45065L082;45065L082
45065L09-;45065L09-
45065M00-;45065M00-
45065M08-;45065M08-
45065M090;45065M090
45065M192;45065M192
46003A001;46003A001
46003A011;46003A011
46003A03K;46003A032
46003A043;46003A043
46003A04K;46003A042
46003A071;46003A071
46003A10K;46003A100
46003A11K;46003A112
46003A190;46003A190
46003A20K;46003A200
46003A21K;46003A213
46003A224;46003A224
46003A24K;46003A242
46003A281;46003A281
46003A291;46003A291
46003A30K;46003A301
46003A31K;46003A312
46003A32K;46003A322
46003B00K;46003B00-
46003B011;46003B011
46003B02K;46003B022
46003B032;46003B032
46003B081;46003B081
46003B091;46003B091
46003B092;46003B092
46003C00K;46003C00-
46003C01K;46003C011
46003C072;46003C072
46003C081;46003C081
46003C091;46003C091
46003C182;46003C182
46003C272;46003C272
46003D00K;46003D000
46003D01K;46003D012
46003D073;46003D073
46003D08K;46003D081
46003D09-;46003D09-
46003D19-;46003D19-
46003E000;46003E000
46003E072;46003E072
46003E081;46003E081
46003E091;46003E091
46003E182;46003E182
46003E1MJ;46003E1MJ
46003F00K;46003F00-
46003F01K;46003F012
46003F07K;46003F079
46003F084;46003F084
46003F183;46003F183
46003G00K;46003G00-
46003G01-;46003G01-
46003G02K;46003G021
46003G03K;46003G032
46003G04K;46003G042
46003G073;46003G073
46003G081;46003G081
46003G11-;46003G11-
46003G18-;46003G18-
46003G19-;46003G19-
46003H000;46003H000
46003H012;46003H012
46003H023;46003H023
46003H034;46003H034
46003H08K;46003H081
46003H08L;46003H081
46003H091;46003H091
46003H11K;46003H112
46013A00K;46013A001
46013A01-;46013A01-
46013A02K;46013A022
46013A02L;46013A022
46013A03K;46013A032
46013A04K;46013A043
46013A04L;46013A043
46013A08-;46013A08-
46013A0MK;46013A0MV
46013A0PK;46013A0PV
46013B00K;46013B000
46013B010;46013B010
46013B02K;46013B022
46013B032;46013B032
46013B043;46013B043
46013B081;46013B081
46013B09K;46013B091
46013C001;46013C001
46013C012;46013C012
46013C022;46013C022
46013C091;46013C091
4601410PQ;4601410PQ
4601412QQ;4601412QQ
46014A001;46014A001
46014A01-;46014A01-
46014A021;46014A021
46014A032;46014A032
46014A042;46014A042
46014A053;46014A053
46014A0MW;46014A0MW
46014A0PW;46014A0PW
46014A10-;46014A10-
46014A112;46014A112
46014A181;46014A181
46014A191;46014A191
46014A20-;46014A20-
46014A212;46014A212
46014A281;46014A281
46014A29K;46014A291
46014A29L;46014A291
46014A2PN;46014A2PN
46014A30-;46014A30-
46014A312;46014A312
46014A32K;46014A323
46014A391;46014A391
46014A402;46014A402
46014A413;46014A413
46014A474;46014A474
46014A495;46014A495
46014A501;46014A501
46014A51-;46014A51-
46014A522;46014A522
46014A532;46014A532
46014A60-;46014A60-
46014A611;46014A611
46014A622;46014A622
46014A632;46014A632
46014A691;46014A691
46014A701;46014A701
46014A712;46014A712
46014A723;46014A723
46014A734;46014A734
46014A803;46014A803
46014A813;46014A813
46014B00K;46014B00-
46014B01K;46014B01-
46014B09-;46014B09-
46014B0PP;46014B0PP
46014B10K;46014B10-
46014B19K;46014B19-
46014B1AA;46014B1AA
46014B1PA;46014B1PA
46014C00-;46014C00-
46014C010;46014C010
46014C09K;46014C091
46014C09L;46014C091
46014C412;46014C412
46020A001;46020A001
46020A01K;46020A01-
46020A02K;46020A022
46020A03K;46020A033
46020A04K;46020A044
46020A04L;46020A044
46020A08K;46020A081
46020A09-;46020A09-
46020A10K;46020A100
46020A164;46020A164
46020A18K;46020A180
46020A19K;46020A19-
46020A215;46020A215
46020A222;46020A222
46020A28K;46020A283
46020A31K;46020A31-
46020A482;46020A482
46020B001;46020B001
46020B01K;46020B012
46020B023;46020B023
46020B06K;46020B062
46020B09K;46020B091
46020C00K;46020C000
46020C08K;46020C08-
46020C090;46020C090
46020C11-;46020C11-
46020C182;46020C182
46020C191;46020C191
46020D00K;46020D001
46020D00L;46020D001
46020D012;46020D012
46020D022;46020D022
46020D081;46020D081
46020D09K;46020D091
46020D11-;46020D11-
46020D12K;46020D123
46020D133;46020D133
46020D134;46020D134
46020E08K;46020E084
46020E093;46020E093
46020E195;46020E195
4602122MK;4602122MQ
46021A001;46021A001
46021A01K;46021A011
46021A021;46021A021
46021A031;46021A031
46021A032;46021A032
46021A041;46021A041
46021A052;46021A052
46021A070;46021A070
46021A10K;46021A101
46021A10L;46021A101
46021A11K;46021A111
46021A14K;46021A142
46021A152;46021A152
46021A18K;46021A181
46021A20-;46021A20-
46021A211;46021A211
46021A232;46021A232
46021A243;46021A243
46021A28-;46021A28-
46021A290;46021A290
46021A2MK;46021A2MN
46021A382;46021A382
46021A3AK;46021A3AC
46021A3MK;46021A3MB
46021A3PK;46021A3PB
46021A40K;46021A401
46021A412;46021A412
46021A512;46021A512
46021A522;46021A522
46021A533;46021A533
46021A60-;46021A60-
46021A670;46021A670
46021A6MA;46021A6MA
46021A6PK;46021A6PA
46021A70K;46021A701
46021A70L;46021A701
46021A71K;46021A712
46021A723;46021A723
46021A73K;46021A732
46021A78-;46021A78-
46021A801;46021A801
46021A81K;46021A812
46021A82K;46021A822
46021A831;46021A831
46021A84K;46021A842
46021A89K;46021A893
46021B00-;46021B00-
46021B01K;46021B011
46021B022;46021B022
46021B09K;46021B099
46021B09L;46021B099
46021B112;46021B112
46021C001;46021C001
46021C012;46021C012
46021C023;46021C023
46021C03K;46021C036
46021C04K;46021C042
46021C055;46021C055
46021C084;46021C084
46021C091;46021C091
46021C10K;46021C101
46021C10L;46021C101
46021C11K;46021C112
46021C19K;46021C191
46021C20-;46021C20-
46021C282;46021C282
46021C291;46021C291
46021D00K;46021D00-
46021D01-;46021D01-
46021D02K;46021D022
46021D032;46021D032
46021D09K;46021D091
46021D0PN;46021D0PN
46024A00-;46024A00-
46024A02-;46024A02-
46024A03-;46024A03-
46024A04-;46024A04-
46024A052;46024A052
46024A0MA;46024A0MA
46024A0PA;46024A0PA
46024A10-;46024A10-
46024A11K;46024A11-
46024A191;46024A191
46024A1JK;46024A1JN
46024A20-;46024A20-
46024A211;46024A211
46024A221;46024A221
46024A232;46024A232
46024A241;46024A241
46024A262;46024A262
46024A282;46024A282
46024A313;46024A313
46024A411;46024A411
46024A483;46024A483
46024A492;46024A492
46024B000;46024B000
46024B010;46024B010
46024B081;46024B081
46024B090;46024B090
46024B112;46024B112
46024B161;46024B161
46024B223;46024B223
46024C10K;46024C10-
46024C112;46024C112
46024C19K;46024C191
46025A00K;46025A001
46025A01K;46025A012
46025A01L;46025A012
46025A02K;46025A022
46025A04K;46025A042
46025A04L;46025A042
46025A07K;46025A07-
46025A07L;46025A07-
46025A09K;46025A091
46025A0PA;46025A0PA
46025A10K;46025A101
46025A11K;46025A112
46025A17K;46025A171
46025A18K;46025A182
46025A18L;46025A182
46025A20K;46025A20-
46025A29K;46025A291
46025A312;46025A312
46025B00K;46025B00-
46025B01K;46025B011
46025B01L;46025B011
46025B02K;46025B022
46025B07K;46025B072
46025B09K;46025B091
46025B09L;46025B091
46025C00K;46025C001
46025C01K;46025C012
46025C09K;46025C091
46025C09L;46025C091
46025C0MN;46025C0MN
46025C0PN;46025C0PN
46025C193;46025C193
46025D00K;46025D000
46025D01K;46025D012
46025D083;46025D083
46025D0AK;46025D0AA
46025D0PK;46025D0PA
46025D0PL;46025D0PA
5100420PQ;5100420PQ
5100450PQ;5100450PQ
5100450QQ;5100450QQ
5100451PQ;5100451PQ
51004A00-;51004A00-
51004A01-;51004A01-
51004A040;51004A040
51004A08K;51004A081
51004A08L;51004A081
51004A10K;51004A101
51004A10L;51004A101
51004A10M;51004A101
51004A11K;51004A112
51004A11L;51004A112
51004A12K;51004A122
51004A20K;51004A201
51004A20L;51004A201
51004A21K;51004A212
51004A27K;51004A273
51004A301;51004A301
51004A31K;51004A312
51004A323;51004A323
51004A33K;51004A33-
51004A34K;51004A34-
51004A34L;51004A34-
51004A39K;51004A392
51004B00K;51004B00-
51004B09K;51004B09-
51004C00K;51004C00-
51004C01K;51004C01-
51004C09K;51004C09-
51004C1PP;51004C1PP
51004D00K;51004D00-
51004D01-;51004D01-
51004D082;51004D082
51004D0PN;51004D0PN
51004D19-;51004D19-
51004E00K;51004E00-
51004E072;51004E072
51004E0PK;51004E0PP
51004E10-;51004E10-
51004E19-;51004E19-
51004F00-;51004F00-
51004F072;51004F072
51004F091;51004F091
51004F0PN;51004F0PN
51004G00-;51004G00-
51004G0PN;51004G0PN
51004H00K;51004H00-
51004H01-;51004H01-
51004H09K;51004H09-
51004H09L;51004H09-
51004J00K;51004J00-
51004J0AK;51004J0AP
51004K00K;51004K00-
51004K01K;51004K01-
51004K02K;51004K02-
51004K03K;51004K03-
51004K08K;51004K082
51004L09K;51004L090
51004L0OK;51004L0OP
51004L10-;51004L10-
51004L1PN;51004L1PN
51004M00-;51004M00-
51004M01-;51004M01-
51004M0PK;51004M0PN
51004N00-;51004N00-
51004N09-;51004N09-
51004P00-;51004P00-
51004P09-;51004P09-
51004P11K;51004P11-
51004P29K;51004P29-
51004P39K;51004P399
51004R00-;51004R00-
51004R01-;51004R01-
51004R080;51004R080
51004R0PP;51004R0PP
51004S001;51004S001
51004S09K;51004S090
51004T00-;51004T00-
51004T08K;51004T082
51004T09K;51004T091
51004T10K;51004T10-
51004T19K;51004T19-
51004T28-;51004T28-
51004U00-;51004U00-
51004U09K;51004U09-
51004U19K;51004U19-
51004V00-;51004V00-
51004V09-;51004V09-
51008A00-;51008A00-
51008A01-;51008A01-
51008A090;51008A090
51008A10-;51008A10-
51008A190;51008A190
51008B00K;51008B00-
51008B09K;51008B09-
51008B10K;51008B101
51008B11-;51008B11-
51008B12K;51008B122
51008B19K;51008B19-
51008C00-;51008C00-
51008C011;51008C011
51008C02-;51008C02-
51008C03K;51008C032
51008C044;51008C044
51008C082;51008C082
51008C091;51008C091
51008C193;51008C193
51008D00-;51008D00-
51008D01-;51008D01-
51008D021;51008D021
51008D031;51008D031
51008D042;51008D042
51008D052;51008D052
51008D08-;51008D08-
51008D091;51008D091
51008D112;51008D112
51008D193;51008D193
51008E00-;51008E00-
51008E082;51008E082
51008E091;51008E091
51008F00-;51008F00-
51008F09-;51008F09-
51008G00-;51008G00-
51008G09-;51008G09-
51008H00K;51008H00-
51008H01-;51008H01-
51008H02K;51008H02-
51008H08K;51008H082
51008H09K;51008H091
51008H09L;51008H091
51008H10-;51008H10-
51008H190;51008H190
51008J00-;51008J00-
51008J09K;51008J09-
51009A00-;51009A00-
51009A01-;51009A01-
51009A02-;51009A02-
51009A03K;51009A032
51009A08K;51009A081
51009A091;51009A091
51009A10-;51009A10-
51009A191;51009A191
51009A202;51009A202
51009A282;51009A282
51009B00-;51009B00-
51009B01-;51009B01-
51009B08K;51009B082
51009B08L;51009B082
51009B09K;51009B091
51009B09L;51009B091
51009B10-;51009B10-
51009B290;51009B290
51009B381;51009B381
51009B392;51009B392
51009B493;51009B493
51009C00-;51009C00-
51009C01-;51009C01-
51009C02-;51009C02-
51009C08-;51009C08-
51009C091;51009C091
51009C192;51009C192
5101211PQ;5101211PQ
51012A001;51012A001
51012A01K;51012A01-
51012A02-;51012A02-
51012A032;51012A032
51012A08K;51012A082
51012A08L;51012A082
51012A091;51012A091
51012B00K;51012B00-
51012B0PP;51012B0PP
51012C00K;51012C00-
51012C082;51012C082
51012C0PN;51012C0PN
51012D000;51012D000
51012D09K;51012D09-
51012D11-;51012D11-
51012D1PK;51012D1PN
51012E000;51012E000
51012E01-;51012E01-
51012E0PK;51012E0PP
5101410PQ;5101410PQ
51014A00K;51014A001
51014A010;51014A010
51014A022;51014A022
51014A092;51014A092
51014A09K;51014A091
51014A0PN;51014A0PN
51014A10-;51014A10-
51014A183;51014A183
51014A191;51014A191
51014B002;51014B002
51014B091;51014B091
51014B19K;51014B19-
51014C00K;51014C00-
51014C101;51014C101
51014C19-;51014C19-
51014D00-;51014D00-
51014D09-;51014D09-
51014D19K;51014D19-
51014E00K;51014E001
51014E00L;51014E001
51014E012;51014E012
51014E09K;51014E09-
51014F00K;51014F00-
51017A00K;51017A00-
51017A01K;51017A01-
51017A08K;51017A082
51017A09K;51017A091
51017A180;51017A180
51017A182;51017A182
51017A191;51017A191
51017A21K;51017A210
51017A280;51017A280
51017A290;51017A290
51017B00-;51017B00-
51017B010;51017B010
51017B08K;51017B082
51017B09K;51017B091
51017C00-;51017C00-
51017C09-;51017C09-
51017C19K;51017C19-
51019A00K;51019A001
51019A01K;51019A012
51019A08K;51019A08-
51019A09K;51019A099
51019A19K;51019A19-
51019A20-;51019A20-
51019A29-;51019A29-
51019A30-;51019A30-
51019A39K;51019A39-
51065A001;51065A001
51065A012;51065A012
51065A023;51065A023
51065A03K;51065A034
51065A08-;51065A08-
51065A09K;51065A091
51065B00-;51065B00-
51065B09-;51065B09-
51065C000;51065C000
51065C010;51065C010
51065C08-;51065C08-
51065C09K;51065C09-
51065D000;51065D000
51065D08K;51065D08-
51065D09K;51065D090
51065D190;51065D190
51065E000;51065E000
51065E002;51065E002
51065E09K;51065E091
51065F00-;51065F00-
51065F09-;51065F09-
51065G00-;51065G00-
51065G09-;51065G09-
51065H00-;51065H00-
51065H08K;51065H082
51065H09K;51065H091
51065J00-;51065J00-
51065J010;51065J010
51065J09K;51065J091
51065J09L;51065J091
51065J09M;51065J091
51065J19K;51065J190
51065K000;51065K000
51065K09-;51065K09-
51065L00K;51065L000
51065L09-;51065L09-
51065L10-;51065L10-
51065L19-;51065L19-
51065M001;51065M001
51065M092;51065M092
51065N00-;51065N00-
51065N002;51065N002
51065N091;51065N091
51065N199;51065N199
51065P00K;51065P00-
51065P083;51065P083
51065P091;51065P091
51065P19K;51065P19-
51065P29K;51065P29-
52010A00-;52010A00-
52010A011;52010A011
52010A022;52010A022
52010A03K;52010A03-
52010A051;52010A051
52010A08K;52010A081
52010A090;52010A090
52010A10K;52010A10-
52010A19K;52010A19-
52010A19L;52010A19-
52010A20K;52010A200
52010A39K;52010A39-
52010A41-;52010A41-
52010A422;52010A422
52010A51K;52010A51-
52010A52K;52010A522
52010B00-;52010B00-
52010B010;52010B010
52010B08K;52010B08-
52010B09-;52010B09-
52010C000;52010C000
52010C010;52010C010
52010C02-;52010C02-
52010C04-;52010C04-
52010C080;52010C080
52010C099;52010C099
52010C19-;52010C19-
52010C29-;52010C29-
52011A00K;52011A00-
52011A02K;52011A02-
52011A03K;52011A031
52011A03L;52011A031
52011A04K;52011A04-
52011A0AK;52011A0AR
52011A10K;52011A10-
52011A11K;52011A112
52011A12K;52011A12-
52011A13K;52011A133
52011A17K;52011A172
52011A20K;52011A20-
52011A20L;52011A222
52011A21K;52011A21-
52011A301;52011A301
52011A31K;52011A31-
52011A32K;52011A322
52011A333;52011A333
52011A374;52011A374
52011A43K;52011A433
52011B02K;52011B021
52011B03K;52011B031
52011B04K;52011B04-
52011B05K;52011B052
52011B07-;52011B07-
52011B0AK;52011B0AH
52011B0BK;52011B0BH
52011B11-;52011B11-
52011B17K;52011B172
52011B1NK;52011B1NR
52011C00K;52011C00-
52011C01-;52011C01-
52011C03-;52011C03-
52011C0AK;52011C0AH
52011C0AL;52011C0AH
52011C0BK;52011C0BH
52011C10K;52011C101
52011C20K;52011C201
52011C21K;52011C212
52011C223;52011C223
52011C2MR;52011C2MR
52011C2NR;52011C2NR
52011D000;52011D000
52011D010;52011D010
52011D02-;52011D02-
52011D03K;52011D031
52011D04K;52011D042
52011D05K;52011D053
52011D0QR;52011D0QR
52011D11-;52011D11-
52011D12K;52011D12-
52011D1AS;52011D1AS
52011D1BS;52011D1BS
52011D1PK;52011D1PT
52011D1QK;52011D1QT
52011D20-;52011D20-
52011D21-;52011D21-
52011D221;52011D221
52011D232;52011D232
52011D30K;52011D30-
52011D31K;52011D31-
52011D40-;52011D40-
52011D4AH;52011D4AH
52011D4BH;52011D4BH
52011E001;52011E001
52011E02K;52011E021
52011E0NK;52011E0NH
52011E10K;52011E101
52011E11K;52011E112
52011E123;52011E123
52011E17K;52011E172
52011E1AK;52011E1AX
52011E20K;52011E201
52011E2AK;52011E2AY
52011E2CK;52011E2CZ
52011E40K;52011E401
52011E41K;52011E412
52011E50K;52011E50-
52011E51K;52011E51-
52011E52-;52011E52-
52011E60-;52011E60-
52011F001;52011F001
52011F01K;52011F011
52011F02K;52011F021
52011F03K;52011F032
52011F042;52011F042
52011F07K;52011F072
52011F0PK;52011F0PH
52011F0PL;52011F0PN
52011F0QK;52011F0QH
52011F0QL;52011F0QH
52011F10K;52011F101
52011F11K;52011F112
52011F11L;52011F112
52011F212;52011F212
52011F2AK;52011F2AX
52011F2BX;52011F2BX
52011G00K;52011G001
52011G01K;52011G011
52011G02K;52011G021
52011G0AK;52011G0AX
52011G0CK;52011G0CY
52011G0EK;52011G0ER
52011G0MK;52011G0MH
52011G0NH;52011G0NH
52011G0PR;52011G0PR
52011G0WK;52011G0WR
52011G11K;52011G111
52011G122;52011G122
52011G17K;52011G172
52011G1AS;52011G1AS
52011G201;52011G201
52011G211;52011G211
52011G22K;52011G221
52011G22L;52011G221
52011G22M;52011G221
52011G232;52011G232
52011G24K;52011G242
52011G25K;52011G253
52011G291;52011G291
52011G302;52011G302
52011G39-;52011G39-
52011G3AK;52011G3AZ
52011G3BK;52011G3BZ
52011G3CK;52011G3CG
52011G41K;52011G412
52011G51K;52011G511
52011G52K;52011G522
52011G5AK;52011G5AN
52011H00K;52011H001
52011H00L;52011H001
52011H012;52011H012
52011H021;52011H021
52011H030;52011H030
52011H04-;52011H04-
52011H05-;52011H05-
52011H07K;52011H072
52011H10-;52011H10-
52011H20K;52011H20-
52011H21K;52011H212
52011H22K;52011H223
52011H22L;52011H223
52011H23K;52011H234
52011H3MR;52011H3MR
52011H3NK;52011H3NR
52011H40K;52011H401
52011H41K;52011H412
52011H432;52011H432
52011H4AK;52011H4AH
52011H59-;52011H59-
52011J00-;52011J00-
52011J01-;52011J01-
52011J02-;52011J02-
52011J07K;52011J07-
52011J10K;52011J10-
52011J11K;52011J11-
52011J122;52011J122
52011J20K;52011J201
52011J30K;52011J30-
52011J30L;52011J30-
52011J3MK;52011J3MH
52011J40K;52011J401
52011J41K;52011J411
52011J42K;52011J42-
52011J42L;52011J42-
52011J43K;52011J432
52011J43L;52011J432
52011J43M;52011J432
52011J44K;52011J442
52011J45K;52011J452
52011J49K;52011J491
52011J57K;52011J57-
52011K00K;52011K00-
52011K01K;52011K011
52011K03K;52011K031
52011K041;52011K041
52011K05K;52011K051
52011K05L;52011K052
52011K08K;52011K082
52011K0AK;52011K0AH
52011K0BH;52011K0BH
52011K0NX;52011K0NX
52011K0QK;52011K0QY
52011K10K;52011K102
52011K1QK;52011K1QZ
52011K202;52011K202
52011K212;52011K212
52011K2MK;52011K2MR
52011K3AK;52011K3AG
52011K3BK;52011K3BG
52011L00K;52011L001
52011L010;52011L010
52011L022;52011L022
52011L09K;52011L090
52011L10K;52011L101
52011L11K;52011L112
52011M00-;52011M00-
52011M01-;52011M01-
52011M02-;52011M02-
52011M04-;52011M04-
52011M05K;52011M052
52011M0MK;52011M0MH
52011M0NK;52011M0NH
52011M10K;52011M10-
52011M11K;52011M111
52011M201;52011M201
52011M21K;52011M212
52011M31K;52011M312
52011N00K;52011N00-
52011N01-;52011N01-
52011N020;52011N020
52011N03-;52011N03-
52011N04-;52011N04-
52011N10K;52011N101
52011N11K;52011N112
52011N121;52011N121
52011N13K;52011N132
52011N13L;52011N132
52011N151;52011N151
52011N20-;52011N20-
52011N22-;52011N22-
52011N23-;52011N23-
52011N2MK;52011N2MH
52011N2NH;52011N2NH
52011N30K;52011N30-
52011N41K;52011N41-
52011N501;52011N501
52011N51K;52011N512
52011N52-;52011N52-
52011N60K;52011N60-
52011N622;52011N622
52011N6AX;52011N6AX
52011N6BX;52011N6BX
52011P00K;52011P00-
52011P01-;52011P01-
52011P02-;52011P02-
52011P03K;52011P03-
52011P04K;52011P041
52011P07K;52011P07-
52011P07L;52011P07-
52011P100;52011P100
52011P111;52011P111
52011P122;52011P122
52011P17K;52011P172
52011P19-;52011P19-
52011P27K;52011P273
52011P2PK;52011P2PN
52011P2PL;52011P2PN
52011P31-;52011P31-
52011P32K;52011P322
52011P381;52011P381
52011P41K;52011P41-
52011P42K;52011P422
52011R01-;52011R01-
52011R02-;52011R02-
52011R031;52011R031
52011R04K;52011R04-
52011R0AR;52011R0AR
52011R10K;52011R10-
52011R12K;52011R12-
52011R13-;52011R13-
52011R142;52011R142
52011R1AK;52011R1AH
52011R20K;52011R20-
52011R21-;52011R21-
52012A00K;52012A001
52012A01K;52012A011
52012A02K;52012A022
52012A03K;52012A033
52012A040;52012A040
52012A0AK;52012A0AA
52012A10K;52012A100
52012A19K;52012A190
52012A20K;52012A201
52012A27K;52012A272
52012A29K;52012A293
52012A29L;52012A293
52012A30K;52012A301
52012A31K;52012A312
52012A34K;52012A34-
52012B00K;52012B001
52012B011;52012B011
52012B021;52012B021
52012B04K;52012B042
52012B052;52012B052
52012B05K;52012B051
52012B07K;52012B072
52012B10K;52012B100
52012B20K;52012B20-
52012B21K;52012B210
52012B22-;52012B22-
52012B23K;52012B230
52012B30K;52012B309
52012B31K;52012B31-
52012B41K;52012B411
52012B41L;52012B411
52012B42K;52012B422
52012B43K;52012B430
52012B47K;52012B473
52012B4AK;52012B4AJ
52012B614;52012B614
52012C00K;52012C001
52012C00L;52012C001
52012C01K;52012C01-
52012C01L;52012C01-
52012C100;52012C100
52012C1PK;52012C1PN
52012C1PL;52012C1PN
52012C20K;52012C20-
52012C29K;52012C29-
52015A00K;52015A001
52015A01K;52015A011
52015A022;52015A022
52015A03K;52015A031
52015A03L;52015A031
52015A09K;52015A090
52015A101;52015A101
52015A10K;52015A102
52015A112;52015A112
52015A11K;52015A11-
52015A121;52015A121
52015A132;52015A132
52015A14K;52015A142
52015A15-;52015A15-
52015A20K;52015A20-
52015A21K;52015A210
52015A22K;52015A220
52015A270;52015A270
52015A30K;52015A30-
52015A31K;52015A311
52015A39K;52015A391
52015A41K;52015A41-
52015A42K;52015A422
52015A59K;52015A59-
52015A69-;52015A69-
52015B00K;52015B00-
52015B01-;52015B01-
52015B02K;52015B02-
52015B02L;52015B02-
52015B03K;52015B032
52015B09K;52015B091
52015B43K;52015B430
52015C00K;52015C000
52015C01-;52015C01-
52015C02-;52015C02-
52015C03-;52015C03-
52015C04K;52015C04-
52015C08K;52015C080
52015C09K;52015C09-
52015C09L;52015C09-
52015C110;52015C110
52015C12K;52015C120
52015C19K;52015C190
52015C19L;52015C190
52015C51K;52015C51-
52015C57K;52015C57-
52015D00-;52015D00-
52015D01-;52015D01-
52015D02-;52015D02-
52015D080;52015D080
52015D09-;52015D09-
52015D19K;52015D190
52015D20-;52015D20-
52015D21-;52015D21-
52015D29-;52015D29-
52018A00K;52018A00-
52018A01K;52018A011
52018A02K;52018A02-
52018A07K;52018A072
52018A10K;52018A10-
52018A11K;52018A11-
52018A213;52018A213
52018A29-;52018A29-
52018A301;52018A301
52018A31K;52018A312
52018A40K;52018A400
52018A41K;52018A411
52018A42K;52018A422
52018A49K;52018A491
52018B000;52018B000
52018B100;52018B100
52021A00-;52021A00-
52021A01K;52021A010
52021A02K;52021A02-
52021A03K;52021A03-
52021A04-;52021A04-
52021A09-;52021A09-
52021A19-;52021A19-
52021A20K;52021A20-
52021A27K;52021A27-
52021A28K;52021A28-
52021A30-;52021A30-
52021A31-;52021A31-
52021A39K;52021A39-
52021A40K;52021A40-
52021B00K;52021B00-
52021B01K;52021B01-
52021B02K;52021B02-
52021B03K;52021B03-
52021B041;52021B041
52021B05K;52021B05-
52021B08K;52021B08-
52021B09K;52021B090
52021B10K;52021B10-
52021B20K;52021B202
52021B29-;52021B29-
52021C00K;52021C00-
52021C01K;52021C011
52021C02K;52021C02-
52021C03K;52021C032
52021C03L;52021C032
52021C09K;52021C09-
52021C19-;52021C19-
52021D00-;52021D00-
52021D01K;52021D01-
52021D09-;52021D09-
52021E00-;52021E00-
52021E01-;52021E01-
52021E023;52021E023
52021E024;52021E024
52021E082;52021E082
52021E091;52021E091
52021E172;52021E172
52021E18K;52021E183
52021E19K;52021E191
52021E19L;52021E191
52021F00-;52021F00-
52021F01-;52021F01-
52021F08K;52021F08-
52021F09K;52021F09-
52021G00-;52021G00-
52021G01K;52021G012
52021G09K;52021G091
52021G11K;52021G113
52021H00-;52021H00-
52021H09K;52021H09-
52022A00-;52022A00-
52022A01-;52022A01-
52022A04-;52022A04-
52022A05-;52022A05-
52022A08K;52022A081
52022A09-;52022A09-
52022A10K;52022A10-
52022A11K;52022A11-
52022A12K;52022A122
52022A19K;52022A191
52022A20-;52022A20-
52022A21K;52022A21-
52022A29K;52022A29-
52022A29L;52022A29-
52022A30-;52022A30-
52022A31-;52022A31-
52022A32-;52022A32-
52022A33K;52022A33-
52022A34K;52022A342
52022B00K;52022B00-
52022B01K;52022B01-
52022B02K;52022B020
52022B03K;52022B03-
52022B04K;52022B04-
52022B05K;52022B05-
52022B10-;52022B10-
52022B11K;52022B11-
52022B12K;52022B121
52022B13K;52022B132
52022B19K;52022B19-
52022B21K;52022B21-
52022B29-;52022B29-
52022B31-;52022B31-
52022B49K;52022B49-
52022C00K;52022C00-
52022C01K;52022C01-
52022C02K;52022C022
52022C02L;52022C022
52022C080;52022C080
52022C09K;52022C091
52022C100;52022C100
52022C19K;52022C19-
52022C20-;52022C20-
52022C212;52022C212
52022C28-;52022C28-
52022C29K;52022C291
52025A00K;52025A000
52025A01K;52025A012
52025A023;52025A023
52025A08K;52025A080
52025A09K;52025A091
52025A09L;52025A091
52025A100;52025A100
52025A190;52025A190
52025A20-;52025A20-
52025A291;52025A291
52025A30K;52025A300
52025A31K;52025A312
52025A32K;52025A323
52025A39K;52025A391
52025A39L;52025A391
52025A41K;52025A410
52025A41L;52025A414
52025A49K;52025A495
52025A582;52025A582
52025A59-;52025A59-
52025B000;52025B000
52025B01-;52025B01-
52025B02K;52025B020
52025B032;52025B032
52025B04K;52025B043
52025B08K;52025B08-
52025B0PK;52025B0PP
52025B0PL;52025B0PP
52025C00K;52025C00-
52025C09K;52025C09-
52025C09L;52025C09-
52025C19-;52025C19-
52025D00K;52025D000
52025D08K;52025D08-
52025D08L;52025D08-
52025D090;52025D090
52025D10K;52025D10-
52025D182;52025D182
52025D191;52025D191
52025E00K;52025E00-
52025E01K;52025E012
52025E02K;52025E023
52025E08K;52025E081
52025E09K;52025E09-
52025F00K;52025F00-
52025F01K;52025F012
52025F08-;52025F08-
52025F0PK;52025F0PN
52025F0PL;52025F0PN
52043A00-;52043A00-
52043A01-;52043A01-
52043A02K;52043A02-
52043A03K;52043A03-
52043A040;52043A040
52043A051;52043A051
52043A0MK;52043A0MJ
52043A172;52043A172
52043A19K;52043A190
52043A1AP;52043A1AP
52043A21K;52043A21-
52043A22K;52043A222
52043A29K;52043A291
52043B00K;52043B00-
52043B0AK;52043B0AN
52043B0PN;52043B0PN
52043B1AN;52043B1AN
52043B1BK;52043B1BN
52043B1MN;52043B1MN
52043B2AK;52043B2AN
52043C00K;52043C00-
52043C01K;52043C01-
52043C08-;52043C08-
52043C11K;52043C111
52043C20-;52043C20-
52043C202;52043C202
52043D00K;52043D00-
52043D01K;52043D01-
52043D03K;52043D032
52043D03L;52043D032
52043D03M;52043D032
52043D11K;52043D11-
52043E00K;52043E00-
52043E01K;52043E012
52043E09K;52043E09-
52043E11-;52043E11-
52048A00K;52048A00-
52048A01K;52048A01-
52048A02K;52048A02-
52048A03K;52048A03-
52048A04K;52048A042
52048A08K;52048A08-
52048A08L;52048A08-
52048A09K;52048A091
52048A101;52048A101
52048A11K;52048A112
52048A11L;52048A114
52048A19K;52048A191
52048A19L;52048A191
52048A21K;52048A212
52048A22K;52048A223
52048A291;52048A291
52048A312;52048A312
52048B00K;52048B00-
52048B08K;52048B08-
52048B09K;52048B091
52048B112;52048B112
52048B18K;52048B18-
52048B19K;52048B19-
52055A00-;52055A00-
52055A011;52055A011
52055A02-;52055A02-
52055A07K;52055A072
52055A09K;52055A09-
52055A09L;52055A09-
52055A11K;52055A11-
52055A12K;52055A122
52055A19K;52055A191
52055A21K;52055A210
52055A28K;52055A280
52055A29K;52055A29-
52055B00K;52055B00-
52055B01K;52055B01-
52055B08K;52055B082
52055B091;52055B091
52055B10K;52055B10-
52055B19K;52055B19-
52055C00K;52055C000
52055C082;52055C082
52055C09K;52055C091
52055C09L;52055C091
52055C19K;52055C19-
52055D00K;52055D00-
52055D010;52055D010
52055D08K;52055D082
52055D09K;52055D091
52055D10K;52055D10-
52055D11K;52055D112
52055D19K;52055D190
52055D20K;52055D20-
52055E00K;52055E00-
52055E01-;52055E01-
52055E08K;52055E081
52055E09-;52055E09-
52055E18K;52055E182
52055F000;52055F000
52055F09K;52055F090
52055F10-;52055F10-
52055F103;52055F103
52055F112;52055F112
52055F184;52055F184
52055F191;52055F191
52055F21K;52055F210
52063A00K;52063A00-
52063A00L;52063A002
52063A010;52063A010
52063A023;52063A023
52063A074;52063A074
52063A08K;52063A081
52063A09K;52063A090
52063A09L;52063A090
52063A19-;52063A19-
52063A381;52063A381
52063A3MN;52063A3MN
52063B00K;52063B00-
52063B01K;52063B01-
52063B02K;52063B02-
52063B03K;52063B032
52063B09-;52063B09-
52063B19K;52063B191
52063C00K;52063C00-
52063C01K;52063C010
52063C022;52063C022
52063C09K;52063C091
52063C19K;52063C19-
52063D00K;52063D002
52063D07K;52063D073
52063D09K;52063D091
52063E001;52063E001
52063E17K;52063E170
52063E19K;52063E193
52063E19L;52063E193
52074A00-;52074A00-
52074A010;52074A010
52074A022;52074A022
52074A033;52074A033
52074A091;52074A091
52074A10K;52074A10-
52074A19K;52074A19-
52074A20K;52074A20-
52074A21-;52074A21-
52074A29K;52074A29-
52074A29L;52074A29-
52074B00K;52074B00-
52074B011;52074B011
52074B022;52074B022
52074B03K;52074B032
52074B09K;52074B09-
52074B09L;52074B09-
52074B0PN;52074B0PN
52074C00-;52074C00-
52074C01K;52074C01-
52074C02K;52074C02-
52074C03K;52074C03-
52074C04K;52074C042
52074C07K;52074C07-
52074C08K;52074C081
52074C17K;52074C173
52074D00K;52074D00-
52074D01K;52074D01-
52074D02K;52074D022
52074D08K;52074D081
52074D09K;52074D09-
52074D11K;52074D110
52075A00K;52075A000
52075A01-;52075A01-
52075A02K;52075A02-
52075A08K;52075A08-
52075A09K;52075A09-
52075B00-;52075B00-
52075B0PP;52075B0PP
52075B11K;52075B110
52075C000;52075C000
52075C011;52075C011
52075C082;52075C082
52075C090;52075C090
52075C19K;52075C19-
52075D00-;52075D00-
52075D01K;52075D01-
52075D02-;52075D02-
52075D03K;52075D03-
52075D04K;52075D04-
52075D05K;52075D052
52075D08K;52075D08-
52075D08L;52075D08-
52075D09K;52075D091
52075D110;52075D110
52075E00K;52075E000
52075E08K;52075E082
52075E091;52075E091
52075E10K;52075E100
52075E11K;52075E112
52075E181;52075E181
52075E19K;52075E19-
52075E29-;52075E29-
53014A00K;53014A001
53014A01K;53014A011
53014A022;53014A022
53014A03-;53014A03-
53014A04K;53014A040
53014A05K;53014A052
53014A08K;53014A08-
53014A08L;53014A08-
53014A09K;53014A091
53014A10K;53014A101
53014A19K;53014A19-
53014A19L;53014A19-
53014A20K;53014A200
53014A2PK;53014A2PN
53014A31K;53014A31-
53014A32-;53014A32-
53014A39K;53014A39-
53014A40K;53014A401
53014A482;53014A482
53014A49K;53014A492
53014B00K;53014B00-
53014B011;53014B011
53014B021;53014B021
53014B032;53014B032
53014B05K;53014B052
53014B09K;53014B091
53014B0AK;53014B0AN
53014B0AL;53014B0AN
53014B0PK;53014B0PN
53014B120;53014B120
53014B21K;53014B210
53014B29K;53014B29-
53020A001;53020A001
53020A01K;53020A01-
53020A022;53020A022
53020A03K;53020A03-
53020A03L;53020A03-
53020A03M;53020A03-
53020A04K;53020A041
53020A04L;53020A041
53020A05-;53020A05-
53020A07K;53020A072
53020A10K;53020A10-
53020A11K;53020A11-
53020A18K;53020A18-
53020A21K;53020A21-
53020A30-;53020A30-
53020A31K;53020A31-
53020A31L;53020A31-
53020A31M;53020A312
53020A39K;53020A390
53020B00-;53020B00-
53020B01-;53020B01-
53020B02-;53020B02-
53020B08K;53020B08-
53020B09-;53020B09-
53020C00K;53020C001
53020C00L;53020C001
53020C01K;53020C012
53020C09K;53020C091
53020D001;53020D001
53020D01-;53020D01-
53020D022;53020D022
53020D072;53020D072
53020D091;53020D091
53020D10K;53020D10-
53020D18K;53020D182
53020D18L;53020D182
53020D19K;53020D191
53028A00K;53028A001
53028A01K;53028A012
53028A02K;53028A021
53028A03K;53028A031
53028A04K;53028A042
53028A07K;53028A072
53028A08K;53028A082
53028A103;53028A103
53028A11K;53028A11-
53028A121;53028A121
53028A13K;53028A131
53028A19K;53028A192
53028B00K;53028B000
53028B09K;53028B090
53028C00K;53028C001
53028C00L;53028C001
53028C01K;53028C011
53028C02K;53028C021
53028C02L;53028C021
53028C042;53028C042
53028C053;53028C053
53028C09-;53028C09-
53028C102;53028C102
53028C21K;53028C212
53028D00K;53028D000
53028D00L;53028D000
53028D09K;53028D09-
53028D10K;53028D100
53028D11K;53028D11-
53028D123;53028D123
53028E00-;53028E00-
53028E01-;53028E01-
53028E09K;53028E09-
53039A001;53039A001
53039A02K;53039A022
53039A03K;53039A033
53039A070;53039A070
53039A08K;53039A080
53039A08L;53039A080
53039A09-;53039A09-
53039B00K;53039B001
53039B012;53039B012
53039B09K;53039B09-
53039C00-;53039C00-
53039C01-;53039C01-
53039C02K;53039C02-
53039C03K;53039C03-
53039C09K;53039C09-
53039D00K;53039D00-
53039D00L;53039D00-
53039D0PK;53039D0PN
53044A00K;53044A00-
53044A010;53044A010
53044A08K;53044A082
53044A08L;53044A082
53044A08M;53044A082
53044A09K;53044A091
53044A11K;53044A112
53044A11L;53044A112
53044A19K;53044A191
53044B00-;53044B00-
53044B082;53044B082
53044B09K;53044B091
53044B09L;53044B091
53044B18K;53044B182
53044B19K;53044B191
53044B20K;53044B20-
53044B21K;53044B212
53044B21L;53044B212
53044B291;53044B291
53044C00-;53044C00-
53044C09K;53044C09-
53044D00-;53044D00-
53044D012;53044D012
53044D091;53044D091
53044D11K;53044D110
53044D20K;53044D20-
53044D29K;53044D290
53044D30K;53044D30-
53044E00K;53044E000
53044E08K;53044E080
53044E08L;53044E080
53044E09-;53044E09-
53044E1PP;53044E1PP
53044E20K;53044E200
53044E29K;53044E291
53044F00-;53044F00-
53044F082;53044F082
53044F091;53044F091
53044F11-;53044F11-
53046A00K;53046A001
53046A00L;53046A001
53046A00M;53046A001
53046A01K;53046A012
53046A02K;53046A023
53046A09K;53046A091
53046A09L;53046A091
53046A19-;53046A19-
53046A2PK;53046A2PN
53046B00-;53046B00-
53046B08-;53046B08-
53046B09-;53046B09-
53046C00-;53046C00-
53046C08-;53046C08-
53046C09-;53046C09-
53046D00K;53046D00-
53046D01K;53046D01-
53046D08K;53046D082
53046D09K;53046D091
53046E001;53046E001
53046E012;53046E012
53046E09K;53046E09-
5305310PQ;5305310PQ
53053A00K;53053A00-
53053A00L;53053A00-
53053A01-;53053A01-
53053A021;53053A021
53053A031;53053A031
53053A04-;53053A04-
53053A05K;53053A051
53053A101;53053A101
53053A11K;53053A111
53053A11L;53053A111
53053A12K;53053A122
53053A192;53053A192
53053A20K;53053A20-
53053A213;53053A213
53053A222;53053A222
53053A23K;53053A232
53053A31K;53053A311
53053A39K;53053A392
53053A40K;53053A401
53053A40L;53053A401
53053A49K;53053A492
53053A501;53053A501
53053A512;53053A512
53053A52K;53053A523
53053A52L;53053A523
53053A70K;53053A70-
53053A71K;53053A712
53053A72K;53053A723
53053A72L;53053A723
53053A73K;53053A730
53053A73L;53053A730
53053A74K;53053A743
53053A74L;53053A743
53053A74M;53053A743
53053A74O;53053A743
53053A78K;53053A781
53053A801;53053A801
53053A812;53053A812
53053A82K;53053A823
53053A890;53053A890
53053A912;53053A912
53053A92-;53053A92-
53053B00K;53053B000
53053B01K;53053B010
53053B02K;53053B021
53053B032;53053B032
53053B04K;53053B042
53053B10K;53053B101
53053B19K;53053B192
53053C001;53053C001
53053C01K;53053C011
53053C01L;53053C011
53053C03K;53053C03-
53053C04K;53053C041
53053C04L;53053C042
53053C07K;53053C07-
53053C09K;53053C092
53053C09L;53053C092
53053C09M;53053C092
53053C09O;53053C092
53053C11K;53053C11-
53053C21K;53053C212
53053C30K;53053C301
53053C31K;53053C312
53053C32K;53053C323
53053D000;53053D000
53053D02K;53053D021
53053D04K;53053D040
53053D052;53053D052
53053D073;53053D073
53053D101;53053D101
53053D122;53053D122
53053D17K;53053D17-
53053D18K;53053D18-
53053D19K;53053D19-
53053D201;53053D201
53053D21K;53053D212
53053D22K;53053D222
53053D232;53053D232
53053D24K;53053D243
53053D25K;53053D250
53053D28K;53053D281
53053E00K;53053E001
53053E01-;53053E01-
53053E021;53053E021
53053E032;53053E032
53053E04K;53053E043
53053E05K;53053E052
53053E08K;53053E082
53053F00-;53053F00-
53053F02K;53053F022
53053F07K;53053F07-
53053F080;53053F080
53053F100;53053F100
53053F111;53053F111
53053F122;53053F122
53053F180;53053F180
53053F190;53053F190
53053F29K;53053F290
53053G00K;53053G001
53053G01K;53053G012
53053G08-;53053G08-
53053G09K;53053G09-
53053G10-;53053G10-
53053G11K;53053G113
53053G214;53053G214
53053H00K;53053H001
53053H02K;53053H022
53053H08K;53053H080
53053H0PK;53053H0PN
53053H10-;53053H10-
53053H180;53053H180
53053H19K;53053H190
53053H19L;53053H190
53053H200;53053H200
53053H21K;53053H212
53053H39K;53053H392
53053J00-;53053J00-
53053J01K;53053J011
53053J02K;53053J022
53053J08K;53053J08-
53053J0AK;53053J0AJ
53053J0AL;53053J0AJ
53053J0AM;53053J0AJ
53053J19K;53053J190
53053K00K;53053K00-
53053K09-;53053K09-
53053L00-;53053L00-
53053L09K;53053L091
53053M00-;53053M00-
53053M0PK;53053M0PN
53053N00-;53053N00-
53053N09-;53053N09-
53053P00-;53053P00-
53053P09K;53053P091
53053P11K;53053P112
53053R00K;53053R00-
53053R110;53053R110
53053S00-;53053S00-
53053S09-;53053S09-
53053T00K;53053T001
53053T01K;53053T010
53053T03K;53053T031
53053T05K;53053T052
53053T07K;53053T07-
53053T09K;53053T092
53053T10K;53053T10-
53053T20K;53053T201
53053T31K;53053T31-
53053T32K;53053T322
53053T41K;53053T412
53053T41L;53053T412
53053U00K;53053U00-
53053U01K;53053U011
53053U02K;53053U02-
53053U03K;53053U031
53053U04K;53053U042
53053U09K;53053U09-
53065A001;53065A001
53065A02K;53065A021
53065A071;53065A071
53065A10K;53065A101
53065A11K;53065A11-
53065A12K;53065A121
53065A12L;53065A121
53065A13K;53065A132
53065A1AK;53065A1AA
53065A1PK;53065A1PA
53065A20K;53065A202
53065A20L;53065A202
53065A211;53065A211
53065A222;53065A222
53065A23K;53065A232
53065A301;53065A301
53065A31K;53065A312
53065A401;53065A401
53065A41K;53065A412
53065A422;53065A422
53065A49K;53065A49-
53065A512;53065A512
53065B01K;53065B01-
53065B02K;53065B022
53065B0AK;53065B0AP
53065B0OK;53065B0OP
53068A00K;53068A00-
53068A01K;53068A010
53068A02K;53068A021
53068A03-;53068A03-
53068A04K;53068A04-
53068A04L;53068A04-
53068A05K;53068A052
53068A08K;53068A082
53068A09K;53068A091
53068A09L;53068A091
53068B00K;53068B00-
53068B08K;53068B082
53068B09K;53068B091
53068B11K;53068B112
53068B283;53068B283
53068C00-;53068C00-
53068C091;53068C091
53070A00K;53070A001
53070A01K;53070A01-
53070A02K;53070A022
53070A03K;53070A031
53070A042;53070A042
53070A08K;53070A081
53070A17K;53070A17-
53070A21K;53070A212
53070B00K;53070B00-
53070B01K;53070B011
53070B02K;53070B02-
53070B02L;53070B02-
53070B03K;53070B031
53070B03L;53070B031
53070B04K;53070B042
53070B05K;53070B053
53070B07K;53070B072
53070B08K;53070B08-
53070B09K;53070B091
53070B10K;53070B10-
53070B122;53070B122
53070B17-;53070B17-
53070B27K;53070B272
53070B31K;53070B314
53070C001;53070C001
53070C01K;53070C011
53070C02K;53070C020
53070C02L;53070C020
53070C03K;53070C032
53070C07-;53070C07-
53070C20K;53070C20-
53070C29K;53070C290
53070D00K;53070D00-
53070D01K;53070D01-
53070D07K;53070D072
53070E00K;53070E00-
53070E01-;53070E01-
53070E02K;53070E02-
53070E072;53070E072
53070E08K;53070E082
53070E09K;53070E091
53070E09L;53070E091
53070E09M;53070E091
53070E11K;53070E110
53070E18K;53070E181
53070E19K;53070E19-
53070F00K;53070F00-
53070F01K;53070F010
53070F08K;53070F08-
53070F08L;53070F08-
53070F09K;53070F090
53070F19K;53070F19-
53070F21K;53070F210
53070F30-;53070F30-
53070F39-;53070F39-
53070G00-;53070G00-
53070G09-;53070G09-
53082A00K;53082A00-
53082A08K;53082A081
53082A10K;53082A101
53082A12K;53082A122
53082A201;53082A201
53082A21K;53082A211
53082A223;53082A223
53082A232;53082A232
53082A243;53082A243
53082A25K;53082A252
53082A29K;53082A291
53082A31K;53082A312
53082A39K;53082A391
53082A41K;53082A412
53082B00-;53082B00-
53082B01-;53082B01-
53082B021;53082B021
53082B21K;53082B212
53082B30K;53082B301
53082B31K;53082B312
53082B322;53082B322
53082B33K;53082B331
53082B34K;53082B34-
53082B592;53082B592
53082C00K;53082C00-
53083A00K;53083A00-
53083A09K;53083A09-
53083A09L;53083A09-
53083A10-;53083A10-
53083A19-;53083A19-
53083B00K;53083B00-
53083B09K;53083B09-
53083C00K;53083C000
53083C08K;53083C08-
53083C09K;53083C09-
53083D00K;53083D00-
53083E00-;53083E00-
53083E09K;53083E09-
53083F00-;53083F00-
53083F08K;53083F082
53083F08L;53083F083
53083F09-;53083F09-
53083G001;53083G001
53083G092;53083G092
53083H00K;53083H00-
53083H09-;53083H09-
53083J00-;53083J00-
53083J082;53083J082
53083J091;53083J091
53083K00-;53083K00-
53083K09K;53083K099
53084A00-;53084A00-
53084A01-;53084A01-
53084A09-;53084A09-
53084B00-;53084B00-
53084B09-;53084B09-
53084B11K;53084B11-
53084C00-;53084C00-
53084C09K;53084C09-
53084C11K;53084C11-
53084D001;53084D001
53084D012;53084D012
53084D022;53084D022
53084D091;53084D091
53084E00K;53084E00-
53084F00K;53084F00-
53084F01K;53084F01-
53084G00-;53084G00-
53084G01-;53084G01-
53084G09-;53084G09-
53084H000;53084H000
53084H090;53084H090
53084J000;53084J000
53084J09K;53084J09-
53084K00-;53084K00-
53084K08K;53084K08-
53084K09K;53084K09-
54007A00K;54007A001
54007A01K;54007A01-
54007A02K;54007A021
54007A032;54007A032
54007A043;54007A043
54007A092;54007A092
54007A101;54007A101
54007A12K;54007A122
54007A13K;54007A132
54007A17K;54007A17-
54007A18K;54007A181
54007A201;54007A201
54007A21K;54007A21-
54007A222;54007A222
54007A301;54007A301
54007A312;54007A312
54007A32K;54007A323
54007A32L;54007A323
54007A33K;54007A334
54007A33L;54007A334
54007A401;54007A401
54007A41K;54007A410
54007A42K;54007A422
54007A501;54007A501
54007A512;54007A512
54007A523;54007A523
54007A534;54007A534
54007A573;54007A573
54007A59-;54007A59-
54007A60K;54007A601
54007A60L;54007A601
54007A61-;54007A61-
54007A62K;54007A622
54007A63K;54007A633
54007A711;54007A711
54007A77K;54007A772
54007B00K;54007B00-
54007B01K;54007B012
54007B09K;54007B091
54007B19K;54007B19-
54007B21K;54007B21-
54007B29K;54007B29-
54007C00K;54007C00-
54007C00L;54007C00-
54007C00M;54007C00-
54007C01K;54007C012
54007C09K;54007C091
54007C10K;54007C10-
54007C11K;54007C112
54007C19K;54007C191
54007C20K;54007C20-
54007C20L;54007C20-
54007C29K;54007C293
54007C31K;54007C31-
54007C31L;54007C31-
54007C39K;54007C39-
54007D00K;54007D000
54007D00L;54007D000
54007D01K;54007D010
54007D01L;54007D010
54007D01M;54007D010
54007D01O;54007D010
54007D02K;54007D021
54007D03K;54007D030
54007D03L;54007D030
54007D04K;54007D042
54007D04L;54007D042
54007D07K;54007D072
54007D09K;54007D091
54007D09L;54007D091
54007D10K;54007D10-
54007D19K;54007D190
54007D21K;54007D212
54010A00K;54010A009
54010A00L;54010A009
54010A019;54010A019
54010A022;54010A022
54010A100;54010A100
54010A190;54010A190
54010A201;54010A201
54010A212;54010A212
54010A223;54010A223
54010A270;54010A270
54010A29K;54010A29-
54010B000;54010B000
54010B01K;54010B010
54010B022;54010B022
54010B033;54010B033
54010B08-;54010B08-
54010B09K;54010B091
54010C00K;54010C00-
54010C01K;54010C01-
54010C02-;54010C02-
54010C08K;54010C08-
54010C08L;54010C08-
54010C09-;54010C09-
54010D00-;54010D00-
54010D01K;54010D010
54010D02-;54010D02-
54010D09K;54010D090
54010D10K;54010D10-
54010D12K;54010D120
54010D19K;54010D190
54010D20-;54010D20-
54010D29-;54010D29-
54010E000;54010E000
54010E08-;54010E08-
54010E099;54010E099
54010E10-;54010E10-
54010E110;54010E110
54010E112;54010E112
54010E12K;54010E12-
54010E12L;54010E12-
54010E18K;54010E181
54010E18L;54010E181
54010E21-;54010E21-
55004A00K;55004A001
55004A02-;55004A02-
55004A03K;55004A032
55004A042;55004A042
55004A08K;55004A083
55004A08L;55004A083
55004A08M;55004A083
55004A09K;55004A091
55004A09L;55004A091
55004A09M;55004A091
55004A09O;55004A091
55004A10K;55004A10-
55004A11K;55004A11-
55004A121;55004A121
55004A13K;55004A132
55004A14K;55004A140
55004A19-;55004A19-
55004A29-;55004A29-
55004A30K;55004A30-
55004A312;55004A312
55004A32K;55004A323
55004A33K;55004A334
55004A33L;55004A334
55004A33M;55004A334
55004A38K;55004A385
55004A39K;55004A391
55004B00K;55004B00-
55004B01K;55004B01-
55004B02K;55004B022
55004B03K;55004B033
55004B04K;55004B044
55004B05K;55004B055
55004B09K;55004B09-
55004B11K;55004B116
55004C000;55004C000
55004C010;55004C010
55004C072;55004C072
55004C08K;55004C080
55004C08L;55004C080
55004C09K;55004C091
55004C19K;55004C19-
55004D00K;55004D00-
55004D09-;55004D09-
55004E000;55004E000
55004E09K;55004E09-
55004F00-;55004F00-
55004F082;55004F082
55004F091;55004F091
55010A00-;55010A00-
55010A01-;55010A01-
55010A02-;55010A02-
55010A03-;55010A03-
55010A04-;55010A04-
55010A05K;55010A05-
55010A05L;55010A05-
55010B00K;55010B00-
55010B00L;55010B00-
55010B01K;55010B01-
55010B02K;55010B022
55010B09K;55010B091
55010B100;55010B100
55010B19K;55010B190
55010B19L;55010B190
55010B21-;55010B21-
55010B29-;55010B29-
55010C00K;55010C000
55010C01-;55010C01-
55010C08-;55010C08-
55010C09K;55010C09-
55010C101;55010C101
55010C11-;55010C11-
55010C122;55010C122
55010C19K;55010C19-
55010C19L;55010C19-
55010C28-;55010C28-
55010C29-;55010C29-
55022A00K;55022A00-
55022A00L;55022A00-
55022A01K;55022A01-
55022A02K;55022A02-
55022A05K;55022A05-
55022A07K;55022A07-
55022A101;55022A101
55022A11K;55022A11-
55022A12K;55022A12-
55022A13K;55022A132
55022A20K;55022A20-
55022A27K;55022A27-
55022A30K;55022A30-
55022A31K;55022A31-
55022A39K;55022A39-
55022A39L;55022A39-
55022A40K;55022A40-
55022A41K;55022A41-
55022A42K;55022A42-
55022A51K;55022A51-
55022A61K;55022A61-
55022A71K;55022A711
55022A72K;55022A722
55022A73K;55022A73-
55022B00K;55022B00-
55022B01K;55022B01-
55022B02K;55022B02-
55022B03K;55022B032
55022B09K;55022B091
55022B09L;55022B091
55022B10K;55022B10-
55022B11K;55022B11-
55022B12K;55022B12-
55022B17K;55022B17-
55022C00K;55022C00-
55022C01K;55022C01-
55022C08K;55022C082
55022C10K;55022C10-
55022C10L;55022C10-
55022C11K;55022C11-
55022C12K;55022C12-
55022C13K;55022C13-
55022C14K;55022C14-
55022C14L;55022C14-
55022C19K;55022C19-
55022D00K;55022D00-
55022D02K;55022D022
55022D0AK;55022D0AA
55022D0PK;55022D0PA
55022D0PL;55022D0PA
55022D10K;55022D10-
55022D10L;55022D10-
55022D11K;55022D11-
55022D12K;55022D122
55022D13K;55022D133
55022D19K;55022D191
55022E00K;55022E00-
55022E00L;55022E00-
55022E01K;55022E01-
55022E01L;55022E01-
55022E02K;55022E020
55022E02L;55022E020
55022E08K;55022E08-
55022E08L;55022E08-
55022E09K;55022E09-
55022E09L;55022E09-
55022E19K;55022E19-
55022F00K;55022F000
55022F01K;55022F01-
55022F02K;55022F02-
55022F03K;55022F030
55022F09K;55022F09-
55022F10K;55022F10-
55022F11K;55022F11-
55022F19K;55022F19-
55022G00K;55022G00-
55022G082;55022G082
55022G0PK;55022G0PN
55022H00K;55022H00-
55022H01K;55022H01-
55022H01L;55022H012
55022H02K;55022H02-
55022H05K;55022H05-
55022H10K;55022H100
55022H11K;55022H191
55022H19K;55022H191
55022H21K;55022H210
55022H22K;55022H22-
55022H23K;55022H232
55022H28K;55022H281
55022H2MK;55022H2MN
55022J00K;55022J00-
55022J01K;55022J011
55022J02K;55022J02-
55022J03K;55022J032
55022J09K;55022J09-
55022J09L;55022J09-
55022J10K;55022J10-
55022J11K;55022J11-
55022J12K;55022J12-
55022J13K;55022J132
55022J18K;55022J181
55022J19K;55022J19-
55022J29K;55022J29-
55022J29L;55022J29-
55022K00-;55022K00-
55022K01K;55022K01-
55022K02K;55022K021
55022K11K;55022K111
55022K12K;55022K122
55022K13K;55022K132
55022K21K;55022K211
55022K22K;55022K22-
55022K23K;55022K23-
55022K24K;55022K244
55022K27K;55022K272
55022K2MK;55022K2MJ
55022K31K;55022K311
55022K38K;55022K382
55022K39K;55022K39-
55022L10-;55022L10-
55022L1AK;55022L1AA
55022L1QK;55022L1QP
55023A00K;55023A00-
55023A01K;55023A011
55023A02K;55023A02-
55023A03-;55023A03-
55023A04K;55023A04-
55023A05K;55023A052
55023A07K;55023A072
55023A09K;55023A091
55023A09L;55023A091
55023A10K;55023A10-
55023A19K;55023A19-
55023A20K;55023A20-
55023A21K;55023A21-
55023A21L;55023A21-
55023A27K;55023A27-
55023B00K;55023B00-
55023B00L;55023B00-
55023B00M;55023B00-
55023B09K;55023B09-
55023B19-;55023B19-
55023B21K;55023B21-
55023B29K;55023B29-
55023B31K;55023B31-
55023B32K;55023B323
55023B37K;55023B372
55023C00K;55023C00-
55023C01K;55023C012
55023C09K;55023C091
55023C17K;55023C172
55023C19K;55023C191
55023D00-;55023D00-
55023D02-;55023D02-
55023D03K;55023D03-
55023D08K;55023D08-
55023D09-;55023D09-
55023D18K;55023D18-
55023E00K;55023E00-
55023E0PK;55023E0PP
55023E10-;55023E10-
55023E1PK;55023E1PN
55023F00K;55023F00-
55023F013;55023F013
55023F08K;55023F082
55023F091;55023F091
55023G00-;55023G00-
55023G09K;55023G09-
5503510PK;5503510PQ
55035A00K;55035A00-
55035A01K;55035A01-
55035A02K;55035A022
55035A09K;55035A091
55035A09L;55035A091
55035A09M;55035A091
55035A19-;55035A19-
55035B00K;55035B000
55035B08K;55035B080
55035B08L;55035B080
55035B09-;55035B09-
55035C00K;55035C00-
55035C01K;55035C010
55035C09K;55035C090
55035C09L;55035C090
55035C19-;55035C19-
55035C29K;55035C29-
55035D00K;55035D00-
55035D09K;55035D09-
55035D10-;55035D10-
55035D19K;55035D19-
55035D19L;55035D19-
55035D29K;55035D299
5503910PK;5503910PQ
55039A00K;55039A00-
55039A00L;55039A003
55039A08K;55039A082
55039A0PK;55039A0PP
55039A10-;55039A10-
55039A19-;55039A19-
55039A2PK;55039A2PN
55039B00-;55039B00-
55039B01K;55039B01-
55039B08K;55039B082
55039B08L;55039B082
55039B09K;55039B091
55039C00K;55039C00-
55039C01-;55039C01-
55039C02K;55039C022
55039C08K;55039C08-
55039C08L;55039C08-
55039C09K;55039C091
55039C29-;55039C29-
55039D00K;55039D000
55039D012;55039D012
55039D09K;55039D091
55039E00-;55039E00-
55039E012;55039E012
55039E09K;55039E091
55039F00-;55039F00-
55039F09K;55039F09-
55039G09K;55039G09-
55039H000;55039H000
55039H09K;55039H09-
55040A00-;55040A00-
55040A01K;55040A01-
55040A02K;55040A02-
55040A03K;55040A030
55040A03L;55040A030
55040A03M;55040A030
55040A04K;55040A040
55040A04L;55040A040
55040A04M;55040A040
55040A04O;55040A040
55040A05K;55040A052
55040A07K;55040A073
55040A09K;55040A091
55040A09L;55040A091
55040A10L;55040A10-
55040A11K;55040A110
55040A12K;55040A12-
55040A13K;55040A132
55040A14K;55040A142
55040A17K;55040A171
55040A19K;55040A191
55040A19L;55040A191
55040A19M;55040A191
55040B00-;55040B00-
55040B010;55040B010
55040B022;55040B022
55040B08K;55040B081
55040B08L;55040B081
55040B09K;55040B09-
55040B11K;55040B113
55040C00-;55040C00-
55040C08-;55040C08-
55040C09K;55040C09-
55040C09L;55040C09-
55040D00K;55040D001
55040D01K;55040D01-
55040D02K;55040D022
55040D09K;55040D091
55040D11K;55040D112
55040D18K;55040D182
55040D19K;55040D191
55040D29K;55040D29-
55040E00K;55040E00-
55040E01-;55040E01-
55040E022;55040E022
55040E073;55040E073
55040E081;55040E081
55040E09-;55040E09-
55040E100;55040E100
55040E19K;55040E190
55040F00-;55040F00-
55040F09K;55040F090
55040F09L;55040F090
55040F10-;55040F10-
55040F190;55040F190
55040G00-;55040G00-
55040G012;55040G012
55040G08K;55040G08-
55040G08L;55040G08-
55040G08M;55040G08-
55040G091;55040G091
55040G19K;55040G19-
55040G29K;55040G29-
55050A00K;55050A00-
55050A01K;55050A01-
55050A02K;55050A02-
55050A03K;55050A03-
55050A042;55050A042
55050A08K;55050A081
55050A08L;55050A081
55050A09K;55050A09-
55050A09L;55050A09-
55050A10K;55050A10-
55050A11K;55050A11-
55050A19K;55050A19-
55050A19L;55050A19-
55050A28-;55050A28-
55050A29K;55050A29-
55050A39-;55050A39-
55050B001;55050B001
55050B012;55050B012
55050B072;55050B072
55050B091;55050B091
55050B19K;55050B190
55050C00-;55050C00-
55050C01-;55050C01-
55050C070;55050C070
55050C08K;55050C081
55050C08L;55050C081
55050C09-;55050C09-
55050C180;55050C180
55050C21K;55050C212
56001A00K;56001A00-
56001A01-;56001A01-
56001A03-;56001A03-
56001A04K;56001A04-
56001A05K;56001A052
56001A09K;56001A091
56001A0AJ;56001A0AJ
56001A10K;56001A10-
56001A11K;56001A111
56001A12K;56001A12-
56001A12L;56001A12-
56001A132;56001A132
56001A19-;56001A19-
56001A21-;56001A21-
56001A30K;56001A300
56001A39K;56001A390
56001A411;56001A411
56001A422;56001A422
56005A00-;56005A00-
56005A010;56005A010
56005A013;56005A013
56005A02K;56005A022
56005A02L;56005A022
56005A081;56005A081
56005A09K;56005A090
56005A10K;56005A100
56005A19-;56005A19-
56005B00-;56005B00-
56005B012;56005B012
56005B08K;56005B083
56005B09K;56005B091
56005C00-;56005C00-
56005C012;56005C012
56005C083;56005C083
56005C091;56005C091
56005D00-;56005D00-
56005D063;56005D063
56005D082;56005D082
56005D09K;56005D091
56005D290;56005D290
56005E00-;56005E00-
56005E09K;56005E091
56005F002;56005F002
56005F00K;56005F003
56005F010;56005F010
56005F062;56005F062
56005F09K;56005F091
56005F19K;56005F191
56005G00-;56005G00-
56005G01-;56005G01-
56005G089;56005G089
56005G09-;56005G09-
56005G19K;56005G19-
56005H00K;56005H00-
56005H01K;56005H01-
56005H02K;56005H022
56005H11K;56005H11-
56005H11L;56005H112
56005H18K;56005H183
56005H19K;56005H191
56011A00-;56011A00-
56011A01-;56011A01-
56011A02-;56011A02-
56011A04K;56011A04-
56011A05K;56011A05-
56011A10K;56011A10-
56011A11K;56011A110
56011A13K;56011A132
56011A18K;56011A181
56011A20K;56011A20-
56011B00K;56011B00-
56011B01K;56011B010
56011B02K;56011B02-
56011B08K;56011B080
56011B09K;56011B09-
56011B10K;56011B10-
56011B10L;56011B10-
56011B19K;56011B191
56011C00-;56011C00-
56011C01K;56011C01-
56011C02K;56011C02-
56011C08K;56011C08-
56011C09K;56011C09-
56011C10K;56011C101
56011C11K;56011C11-
56011C12K;56011C120
56011C12L;56011C120
56011C14K;56011C142
56011C19K;56011C19-
56011D01K;56011D01-
56011D02K;56011D022
56011D09K;56011D091
56011E00-;56011E00-
56011E01K;56011E01-
56011E08K;56011E080
56011E08L;56011E080
56011E091;56011E091
56011E12K;56011E122
56011E292;56011E292
56011F00K;56011F000
56011F00L;56011F000
56011F01K;56011F01-
56011F08K;56011F080
56011F08L;56011F080
56011F09K;56011F09-
56011F10K;56011F100
56011F191;56011F191
56011G00-;56011G00-
56011G011;56011G011
56011G02K;56011G022
56011G072;56011G072
56011G081;56011G081
56011G09K;56011G09-
56011G09L;56011G09-
56011G10-;56011G10-
56011G19-;56011G19-
56011H00K;56011H000
56011H01K;56011H01-
56011H01L;56011H01-
56011H08K;56011H080
56011H09K;56011H090
56011H10K;56011H10-
56011H10L;56011H10-
56011H11K;56011H11-
56011H19K;56011H191
56016A00K;56016A00-
56016A01K;56016A01-
56016A02K;56016A02-
56016A02L;56016A022
56016A03K;56016A030
56016A063;56016A063
56016A08K;56016A081
56016A09-;56016A09-
56016A19-;56016A19-
56016A282;56016A282
56016A291;56016A291
56016B00-;56016B00-
56016B09-;56016B09-
56016B11K;56016B11-
56016B19K;56016B191
56016B29-;56016B29-
56016C00-;56016C00-
56016C09-;56016C09-
56016C19-;56016C19-
56016D00K;56016D00-
56016D08-;56016D08-
56016D09K;56016D09-
56016E00K;56016E00-
56016E01K;56016E013
56016E07K;56016E074
56016E082;56016E082
56016E09K;56016E091
56016E10-;56016E10-
56016E19K;56016E190
56016E29-;56016E29-
56016F00-;56016F00-
56016F09-;56016F09-
56016F19-;56016F19-
56016G00-;56016G00-
56016G09K;56016G091
56016G19K;56016G192
56016H00-;56016H00-
56016H010;56016H010
56016H082;56016H082
56016H091;56016H091
56016H19K;56016H191
56016J00K;56016J009
56016J010;56016J010
56016J03K;56016J03-
56016J082;56016J082
56016J09K;56016J091
56016J16K;56016J162
56016J19K;56016J191
56016K00-;56016K00-
56016K012;56016K012
56016K09K;56016K091
56016K19K;56016K190
56016L00-;56016L00-
56016L012;56016L012
56016L081;56016L081
56016L09-;56016L09-
56016M00-;56016M00-
56016M09K;56016M09-
56016M19-;56016M19-
56016N00-;56016N00-
56016N012;56016N012
56016N091;56016N091
56016N19-;56016N19-
56016P00-;56016P00-
56016P09K;56016P091
56016P192;56016P192
56022A00K;56022A001
56022A01K;56022A011
56022A02K;56022A022
56022A032;56022A032
56022A091;56022A091
56022B00-;56022B00-
56022B011;56022B011
56022B02K;56022B022
56022B08K;56022B08-
56022B09-;56022B09-
56022B29-;56022B29-
56022B31K;56022B31-
56022B39-;56022B39-
56022B41K;56022B41-
56022C00K;56022C00-
56022C08-;56022C08-
56022C09K;56022C09-
56022D000;56022D000
56022D090;56022D090
56022E00K;56022E000
56022E062;56022E062
56022E09K;56022E091
56022F001;56022F001
56022F012;56022F012
56022F021;56022F021
56022F022;56022F022
56022F082;56022F082
56022F091;56022F091
56029A001;56029A001
56029A01K;56029A012
56029A08K;56029A081
56029A09K;56029A090
56029A09L;56029A090
56029A10-;56029A10-
56029A102;56029A102
56029A182;56029A182
56029A191;56029A191
56029A1AJ;56029A1AJ
56029A29-;56029A29-
56029A39-;56029A39-
56029B000;56029B000
56029B09K;56029B090
56029B163;56029B163
56029B191;56029B191
56029C00-;56029C00-
56029C08K;56029C082
56029C091;56029C091
56029D00K;56029D000
56029D09K;56029D090
56029D191;56029D191
56044A00K;56044A00-
56044A01K;56044A011
56044A01L;56044A011
56044A02K;56044A020
56044A03K;56044A032
56044A09K;56044A09-
56044A0PK;56044A0PP
56044A10K;56044A100
56044A19K;56044A190
56044B00K;56044B00-
56044B01-;56044B01-
56044B02-;56044B02-
56044B0PP;56044B0PP
56044C00K;56044C00-
56044C099;56044C099
56044D000;56044D000
56044D090;56044D090
56044D190;56044D190
56049A001;56049A001
56049A010;56049A010
56049A022;56049A022
56049A080;56049A080
56049A090;56049A090
56049B00-;56049B00-
56049B01-;56049B01-
56049B09-;56049B09-
56049C00K;56049C00-
56049C01K;56049C01-
56049C091;56049C091
56049D00K;56049D000
56049D01-;56049D01-
56049D091;56049D091
56051A00-;56051A00-
56051A010;56051A010
56051A08-;56051A08-
56051A09K;56051A090
56051A09L;56051A090
56051B000;56051B000
56051B013;56051B013
56051B082;56051B082
56051B091;56051B091
56051C00-;56051C00-
56051C082;56051C082
56051C091;56051C091
56051D00-;56051D00-
56051D09-;56051D09-
56051D10-;56051D10-
56051D19-;56051D19-
56051D20-;56051D20-
56051D29-;56051D29-
56051E002;56051E002
56051E08K;56051E081
56051F00-;56051F00-
56051F08-;56051F08-
56051F09-;56051F09-
56051G00-;56051G00-
56051G09-;56051G09-
56078A00K;56078A00-
56078A00L;56078A00-
56078A01K;56078A01-
56078A02K;56078A02-
56078A03K;56078A03-
56078A04K;56078A043
56078A081;56078A081
56078A09K;56078A092
56078A10K;56078A10-
56078A113;56078A113
56078A19-;56078A19-
56078A21K;56078A21-
56078A22K;56078A222
56078A22L;56078A222
56078A22M;56078A222
56078B00-;56078B00-
56078B010;56078B010
56078B08-;56078B08-
56078B091;56078B091
56078B112;56078B112
56078B122;56078B122
56078B182;56078B182
56078B191;56078B191
56078B20-;56078B20-
56078B28-;56078B28-
56078B291;56078B291
56078C000;56078C000
56078C062;56078C062
56078C09K;56078C091
56078D00K;56078D001
56078D01K;56078D01-
56078D02K;56078D022
56078D08K;56078D080
56078D09K;56078D09-
56078D10K;56078D10-
56078D19K;56078D19-
56078D19L;56078D19-
56078E00-;56078E00-
56078E09-;56078E09-
56078F00-;56078F00-
56078F09-;56078F09-
56078F1PK;56078F1PN
56078G000;56078G000
56078G09-;56078G09-
56078H00-;56078H00-
56078H01K;56078H012
56078H063;56078H063
56078H08-;56078H08-
56078H09K;56078H091
56085A001;56085A001
56085A01K;56085A01-
56085A02-;56085A02-
56085A03K;56085A032
56085A08K;56085A08-
56085A09-;56085A09-
56085B00-;56085B00-
56085B012;56085B012
56085B08K;56085B083
56085B09K;56085B091
56085B112;56085B112
56085B191;56085B191
56085C00K;56085C000
56085C01K;56085C012
56085C08K;56085C08-
56085C09K;56085C091
56085C0AK;56085C0AJ
56085D00-;56085D00-
56085D062;56085D062
56085D09K;56085D091
56085E000;56085E000
56085E09K;56085E090
56085E19K;56085E190
56085F00-;56085F00-
56085F09K;56085F09-
56085G00-;56085G00-
56085G09K;56085G09-
56085H00-;56085H00-
56085H01-;56085H01-
56085H082;56085H082
56085H091;56085H091
56085J00-;56085J00-
56085J09-;56085J09-
56086A000;56086A000
56086A01K;56086A010
56086A02K;56086A02-
56086A02L;56086A02-
56086A03-;56086A03-
56086A032;56086A032
56086A04K;56086A040
56086A09K;56086A091
56086A10K;56086A10-
56086A11K;56086A11-
56086A12K;56086A122
56086A18K;56086A183
56086A191;56086A191
56086A214;56086A214
56086A39K;56086A39-
56086A39L;56086A39-
56086B00K;56086B000
56086B01-;56086B01-
56086B020;56086B020
56086B030;56086B030
56086B032;56086B032
56086B042;56086B042
56086B053;56086B053
56086B081;56086B081
56086B091;56086B091
56086B10K;56086B100
56086B11K;56086B111
56086B121;56086B121
56086B13K;56086B132
56086B14K;56086B142
56086B18K;56086B18-
56086B19K;56086B19-
56086B200;56086B200
56086B29K;56086B29-
56086C000;56086C000
56086C010;56086C010
56086C080;56086C080
56086C099;56086C099
56086D000;56086D000
56086D012;56086D012
56086D081;56086D081
56086D090;56086D090
56086D19K;56086D19-
56086E00-;56086E00-
56086E010;56086E010
56086E022;56086E022
56086E09K;56086E091
56086E09L;56086E091
56086E0PP;56086E0PP
56086E11K;56086E112
56086E191;56086E191
56087A00K;56087A001
56087A01K;56087A01-
56087A02-;56087A02-
56087A03K;56087A032
56087A09K;56087A09-
56087A10-;56087A10-
56087A11K;56087A112
56087A122;56087A122
56087A181;56087A181
56087A191;56087A191
56087A21K;56087A21-
56087A21L;56087A21-
56087A31-;56087A31-
56087A32K;56087A32-
56087A33K;56087A33-
56087A34K;56087A343
56087B00K;56087B00-
56087B01K;56087B01-
56087B02-;56087B02-
56087B0AK;56087B0AA
56087B10-;56087B10-
56087B112;56087B112
56087B18K;56087B183
56087B191;56087B191
56087B20K;56087B20-
56087B30K;56087B30-
56087B39K;56087B39-
56087B39L;56087B39-
56087C00-;56087C00-
56087C08K;56087C08-
56087C09-;56087C09-
56088A00-;56088A00-
56088A002;56088A002
56088A01-;56088A01-
56088A021;56088A021
56088A063;56088A063
56088A081;56088A081
56088A091;56088A091
56088A162;56088A162
56088A182;56088A182
56088A191;56088A191
56088A292;56088A292
56088B00-;56088B00-
56088B082;56088B082
56088B09K;56088B091
56088B199;56088B199
56088C00-;56088C00-
56088C09-;56088C09-
56088C19K;56088C192
56088D00-;56088D00-
56088D01-;56088D01-
56088D062;56088D062
56088D08K;56088D08-
56088D08L;56088D08-
56088D091;56088D091
56088E000;56088E000
56088E063;56088E063
56088E082;56088E082
56088E091;56088E091
57003A00K;57003A001
57003A01K;57003A01-
57003A01L;57003A01-
57003A02K;57003A022
57003A07K;57003A072
57003A09K;57003A091
57003B00K;57003B00-
57003B01K;57003B01-
57003B0MA;57003B0MA
57003B0PK;57003B0PA
57003B0PL;57003B0PA
57003C00-;57003C00-
57003C08K;57003C08-
57003C09-;57003C09-
57003C10-;57003C10-
57003C112;57003C112
57003C18K;57003C18-
57003C19K;57003C191
57003D00K;57003D00-
57003D08K;57003D08-
57003D08L;57003D08-
57003D09K;57003D091
57003D18K;57003D182
57003D18L;57003D182
57003D18M;57003D182
57003D19K;57003D19-
57003E00K;57003E00-
57003E09K;57003E09-
57003E09L;57003E09-
57003E09M;57003E09-
57003E17K;57003E17-
57003F00K;57003F00-
57003F09K;57003F09-
57003F11-;57003F11-
57018A000;57018A000
57018A09-;57018A09-
57018B000;57018B000
57018B090;57018B090
57018B19-;57018B19-
57018C00K;57018C001
57018C01-;57018C01-
57018C022;57018C022
57018C08K;57018C082
57018C08L;57018C082
57018C091;57018C091
57018C19-;57018C19-
57018D000;57018D000
57018D0PP;57018D0PP
57018D1PP;57018D1PP
57018E000;57018E000
57018E09K;57018E090
57018E19-;57018E19-
57018F00-;57018F00-
57018F09K;57018F09-
57027A00K;57027A00-
57027A00L;57027A00-
57027A01K;57027A01-
57027A01L;57027A01-
57027A01M;57027A01-
57027A09K;57027A09-
57027A09L;57027A09-
57027B000;57027B000
57027B09K;57027B09-
57027C00-;57027C00-
57027C09K;57027C09-
57027C19K;57027C199
57027D00-;57027D00-
57027D012;57027D012
57027D09K;57027D091
57027E00-;57027E00-
57027E09K;57027E09-
57027F00K;57027F001
57027F01-;57027F01-
57027F02K;57027F022
57027F032;57027F032
57027F08K;57027F083
57027F09K;57027F091
57027G000;57027G000
57027G09K;57027G09-
57062A000;57062A000
57062A09K;57062A09-
57062B00K;57062B000
57062B09K;57062B090
57062C000;57062C000
57062C08K;57062C081
57062C08L;57062C082
57062C091;57062C091
57062C100;57062C100
57062C192;57062C192
57062D00K;57062D000
57062D09K;57062D09-
57062E00K;57062E00-
57062E09K;57062E09-
57064A00-;57064A00-
57064A002;57064A002
57064A011;57064A011
57064A02K;57064A02-
57064A03K;57064A03-
57064A05K;57064A05-
57064A05L;57064A05-
57064A05M;57064A05-
57064A08-;57064A08-
57064A10K;57064A100
57064A10L;57064A100
57064A19K;57064A190
57064A19L;57064A190
57064A20-;57064A20-
57064A21K;57064A212
57064A21L;57064A212
57064A29K;57064A291
57064A39K;57064A39-
57064B00K;57064B00-
57064B01-;57064B01-
57064B02-;57064B02-
57064B08K;57064B089
57064B08L;57064B089
57064B09-;57064B09-
57064B11-;57064B11-
57064B21-;57064B21-
57064B22K;57064B222
57064B29K;57064B291
57064B31K;57064B31-
57064B49K;57064B49-
57064C00-;57064C00-
57064C01K;57064C012
57064D00-;57064D00-
57064D01-;57064D01-
57064D09K;57064D09-
57064E00-;57064E00-
57064E01-;57064E01-
57064E08K;57064E080
57064E09K;57064E090
57064E21-;57064E21-
57064E29K;57064E29-
57064F00-;57064F00-
57064F09K;57064F09-
57064F19-;57064F19-
57064G00-;57064G00-
57064G08K;57064G082
57064G091;57064G091
57064H00K;57064H00-
57064H01-;57064H01-
57064H09K;57064H09-
57064J00K;57064J00-
57064J09K;57064J09-
57064J11-;57064J11-
57064J19K;57064J19-
57064K00-;57064K00-
57064K09-;57064K09-
57072A00K;57072A00-
57072A01-;57072A01-
57072A09K;57072A09-
57072A09L;57072A09-
57072A11K;57072A11-
57072A19K;57072A19-
57072B001;57072B001
57072B01-;57072B01-
57072B08-;57072B08-
57072B09K;57072B09-
57072B102;57072B102
57072B19-;57072B19-
57072C00K;57072C00-
57072C01K;57072C01-
57072C08K;57072C08-
57072C09-;57072C09-
57081A00-;57081A00-
57081A011;57081A011
57081A021;57081A021
57081A03K;57081A032
57081A03L;57081A032
57081A043;57081A043
57081A052;57081A052
57081A10K;57081A10-
57081A10L;57081A10-
57081A20K;57081A200
57081A30K;57081A30-
57081A30L;57081A30-
57081A40K;57081A401
57081A41K;57081A412
57081A42K;57081A422
57081A50K;57081A501
57081A51K;57081A51-
57081A52K;57081A522
57081A52L;57081A522
57081A60K;57081A601
57081A61K;57081A612
57081A67K;57081A673
57081A70K;57081A701
57081A71K;57081A712
57081A80K;57081A801
57081A90-;57081A90-
57081A911;57081A911
57081A92K;57081A92-
57081A972;57081A972
57081B00K;57081B000
57081B01K;57081B010
57081B09K;57081B09-
57081B09L;57081B09-
57081C00K;57081C00-
57081C01K;57081C01-
57081C01L;57081C09-
57081C11K;57081C11-
57081D00K;57081D00-
57081D08K;57081D082
57081D09K;57081D091
57081D10K;57081D10-
57081D18-;57081D18-
57081D19K;57081D19-
57081D29K;57081D29-
57081E00-;57081E00-
57081E09K;57081E09-
57081E10K;57081E10-
57081E19K;57081E19-
57081E21K;57081E21-
57081F00K;57081F00-
57081F01K;57081F01-
57081F09K;57081F09-
57081F19K;57081F19-
57081F29K;57081F29-
57081F39-;57081F39-
57081F40-;57081F40-
57081F49K;57081F49-
57081G000;57081G000
57081G01-;57081G01-
57081G09-;57081G09-
57081G10-;57081G10-
57081G18-;57081G18-
57081G19-;57081G19-
57081G29-;57081G29-
57081H00K;57081H000
57081H01K;57081H019
57081H09-;57081H09-
57081J00K;57081J001
57081J01K;57081J010
57081J022;57081J022
57081J09K;57081J09-
57081J10K;57081J101
57081J11K;57081J112
57081J11L;57081J112
57081J19K;57081J19-
57081J1MK;57081J1MJ
57081J29K;57081J29-
57081K00K;57081K001
57081K07K;57081K072
57081K09K;57081K090
57081L00K;57081L00-
57081L09K;57081L09-
57081L11K;57081L11-
57081L30K;57081L30-
57081L38K;57081L382
57081M00-;57081M00-
57081M01-;57081M01-
57081M08-;57081M08-
57081M09K;57081M09-
57081M19K;57081M19-
57081M20K;57081M200
57081M21K;57081M21-
57081M282;57081M282
57081M291;57081M291
57081N00K;57081N000
57081N01K;57081N01-
57081N02K;57081N02-
57081N08K;57081N08-
57081N09K;57081N09-
57081P00-;57081P00-
57081P010;57081P010
57081P091;57081P091
57081P10-;57081P10-
57081P17K;57081P172
57081P19K;57081P191
57081P200;57081P200
57081P21-;57081P21-
57081P29K;57081P299
57081R00K;57081R001
57081R01K;57081R012
57081R01L;57081R012
57081R08K;57081R08-
57081R08L;57081R08-
57081R09K;57081R09-
57081R19K;57081R19-
57081R29K;57081R29-
57081R29L;57081R29-
57081R30K;57081R30-
57081R39K;57081R39-
57081S00K;57081S001
57081S01-;57081S01-
57081S02-;57081S02-
57081S022;57081S022
57081S03K;57081S032
57081S08K;57081S081
57081S09K;57081S091
57081S11-;57081S11-
57081S19K;57081S19-
57081S19L;57081S19-
57081S29K;57081S299
57081S29L;57081S299
57081T00K;57081T00-
57081T01K;57081T012
57081T10K;57081T100
57081T11K;57081T112
57081U00K;57081U00-
57081U01K;57081U01-
57081U02K;57081U020
57081U0MK;57081U0MA
57081U11K;57081U11-
57081V002;57081V002
57081V00K;57081V00-
57081V01K;57081V011
57081V02K;57081V021
57081V03K;57081V032
57081V04K;57081V043
57081V05K;57081V052
57081V08K;57081V081
57081V08L;57081V081
57081V091;57081V091
57081V10K;57081V101
57081V11K;57081V112
57081V12K;57081V12-
57081V13K;57081V134
57081V17K;57081V172
57081V40K;57081V40-
57081V482;57081V482
57081V49K;57081V491
57081W00K;57081W00-
57081W01-;57081W01-
57081W09K;57081W09-
57081W10K;57081W10-
57081W112;57081W112
57081W19K;57081W191
57081W20-;57081W20-
57081W28-;57081W28-
57081W29K;57081W29-
57081W30-;57081W30-
57081W39K;57081W39-
57093A00-;57093A00-
57093A01-;57093A01-
57093A09-;57093A09-
57093A10-;57093A10-
57093A11-;57093A11-
57093A19-;57093A19-
57093B00K;57093B00-
57093B01-;57093B01-
57093B08-;57093B08-
57093B09-;57093B09-
57093B11-;57093B11-
57093C00K;57093C00-
57093D00K;57093D00-
57093D09K;57093D09-
57093E00K;57093E00-
57093E09-;57093E09-
57093E19K;57093E19-
57093F00-;57093F00-
57093F08K;57093F08-
57093F09-;57093F09-
57093F10K;57093F10-
57093F19K;57093F19-
57093G00-;57093G00-
57093G09K;57093G09-
57093G10-;57093G10-
57093G19-;57093G19-
57093H00-;57093H00-
57093H01-;57093H01-
57093H08-;57093H08-
57093H09K;57093H09-
57093J00-;57093J00-
57093J01-;57093J01-
57093J02-;57093J02-
57093J09K;57093J09-
57093J09L;57093J09-
57094A00K;57094A00-
57094A01K;57094A01-
57094A02K;57094A021
57094A03K;57094A03-
57094A04-;57094A04-
57094A09K;57094A091
57094A09L;57094A091
57094A10K;57094A10-
57094A112;57094A112
57094A19K;57094A191
57094A29K;57094A299
57094A39-;57094A39-
57094A41K;57094A410
57094A472;57094A472
57094A49K;57094A491
57094B000;57094B000
57094B08-;57094B08-
57094B09K;57094B09-
57094B19-;57094B19-
57094C000;57094C000
57094C01-;57094C01-
57094C080;57094C080
57094C0PN;57094C0PN
57094D00K;57094D000
57094D09K;57094D09-
57094E00-;57094E00-
57094E0PK;57094E0PN
57094E29K;57094E29-
57094E3PK;57094E3PN
57094E3PL;57094E3PN
57094F00-;57094F00-
57094F01K;57094F01-
57094F09K;57094F09-
57094G00-;57094G00-
57094G089;57094G089
57094G091;57094G091
57094H00K;57094H00-
57094H01K;57094H01-
57094H082;57094H082
57094H09K;57094H091
57094H09L;57094H091
57094H199;57094H199
57094J000;57094J000
57094J09-;57094J09-
57094K00K;57094K000
57094K09K;57094K099
57094K10-;57094K10-
57094K19K;57094K19-
57095A00-;57095A00-
57095A022;57095A022
57095A03K;57095A033
57095A09K;57095A091
57095A0PN;57095A0PN
57095B00-;57095B00-
57095B08K;57095B082
57095B08L;57095B082
57095B091;57095B091
57095C00K;57095C00-
57095C09K;57095C09-
57095C19-;57095C19-
57095D00K;57095D00-
57095D01K;57095D01-
57095D09K;57095D091
57095D0PK;57095D0PN
57095D0PL;57095D0PN
61003A00-;61003A00-
61003A01K;61003A01-
61003A02K;61003A02-
61003A02L;61003A02-
61003A03-;61003A03-
61003A04-;61003A04-
61003A050;61003A050
61003A07-;61003A07-
61003A10K;61003A101
61003A11K;61003A11-
61003A11L;61003A11-
61003A12K;61003A122
61003A18K;61003A18-
61003A19K;61003A190
61003A19L;61003A190
61003B09K;61003B09-
61003C00K;61003C00-
61003C01K;61003C01-
61003C02K;61003C022
61003C09K;61003C091
61003D00K;61003D00-
61003D01-;61003D01-
61003D02K;61003D020
61003D03K;61003D030
61003D04K;61003D042
61003D050;61003D050
61003D07K;61003D07-
61003D09K;61003D091
61003D09L;61003D091
61003D10K;61003D10-
61003D11K;61003D112
61003D11L;61003D112
61003D11M;61003D112
61003D19K;61003D191
61003E00K;61003E00-
61003E01K;61003E010
61003E0PK;61003E0PN
61003E0PL;61003E0PN
61003E0PM;61003E0PN
61010A00-;61010A00-
61010A09-;61010A09-
61010B00-;61010B00-
61010B09-;61010B09-
61010C00-;61010C00-
61010C09-;61010C09-
61010D00-;61010D00-
61010D01-;61010D01-
61010D06K;61010D063
61010D08K;61010D082
61010D09K;61010D091
61010D100;61010D100
61010D18K;61010D182
61010D19K;61010D191
61010E000;61010E000
61010E08K;61010E082
61010E091;61010E091
61012A00K;61012A00-
61012A01-;61012A01-
61012A09K;61012A099
61012A09L;61012A099
61012A30K;61012A300
61012A39K;61012A39-
61012A40K;61012A400
61012A49K;61012A499
61012A49L;61012A499
61012A50K;61012A50-
61012B00K;61012B00-
61012B09K;61012B09-
61012C00-;61012C00-
61012C09K;61012C099
61012C10-;61012C10-
61012C11-;61012C11-
61012D00-;61012D00-
61012D012;61012D012
61012D09K;61012D099
61012D09L;61012D099
61012D10K;61012D10-
61012E00-;61012E00-
61012E062;61012E062
61012E09K;61012E099
61012E09L;61012E099
61012E10-;61012E10-
61012F00K;61012F00-
61012F09K;61012F09-
61019A000;61019A000
61019A09-;61019A09-
61019A109;61019A109
61019A18-;61019A18-
61019A19K;61019A19-
61019A20-;61019A20-
61019A291;61019A291
61019A300;61019A300
61019A390;61019A390
61019A400;61019A400
61019A41-;61019A41-
61019A482;61019A482
61019A490;61019A490
61019B00-;61019B00-
61019B012;61019B012
61019B099;61019B099
61019B101;61019B101
61019B162;61019B162
61019C00K;61019C00-
61019C09-;61019C09-
61019C10K;61019C10-
61019C19-;61019C19-
61019D00-;61019D00-
61019D012;61019D012
61019D091;61019D091
61019D100;61019D100
61019D180;61019D180
61019E00K;61019E00-
61019E09K;61019E090
61019E10-;61019E10-
61019E11K;61019E11-
61019E199;61019E199
61024A000;61024A000
61024A01-;61024A01-
61024A02K;61024A020
61024A09K;61024A090
61024A199;61024A199
61024B00-;61024B00-
61024B081;61024B081
61024B09-;61024B09-
61024B100;61024B100
61024B112;61024B112
61024B12K;61024B123
61024B132;61024B132
61024B191;61024B191
61024C000;61024C000
61024C090;61024C090
61028A00K;61028A00-
61028A08-;61028A08-
61028A09K;61028A091
61028A10-;61028A10-
61028A18K;61028A182
61028A191;61028A191
61028B000;61028B000
61028B080;61028B080
61028B09K;61028B090
61028C00K;61028C001
61028C012;61028C012
61028C09K;61028C09-
61028C10K;61028C101
61028C11K;61028C112
61028C19K;61028C191
61028C200;61028C200
61028C21K;61028C212
61028C29-;61028C29-
61028C39K;61028C392
61028D00-;61028D00-
61028D01K;61028D019
61028D09K;61028D091
61028D283;61028D283
6103131PK;6103131PQ
6103133PQ;6103133PQ
61031A00-;61031A00-
61031A01-;61031A01-
61031A03-;61031A03-
61031A04-;61031A04-
61031A05-;61031A05-
61031A10K;61031A10-
61031A10L;61031A10-
61031A20-;61031A20-
61031A21K;61031A21-
61031A22-;61031A22-
61031A23K;61031A23-
61031A23L;61031A23-
61031A23M;61031A23-
61031A25K;61031A25-
61031A25L;61031A25-
61031A29K;61031A291
61031A30K;61031A30-
61031A31K;61031A310
61031A32K;61031A32-
61031A32L;61031A32-
61031A40K;61031A400
61031A40L;61031A400
61031A41K;61031A412
61031B00-;61031B00-
61031B002;61031B002
61031B01K;61031B013
61031B084;61031B084
61031B08K;61031B082
61031B09K;61031B091
61031B10-;61031B10-
61031B19K;61031B19-
61031B20K;61031B200
61031B2PP;61031B2PP
61031B30-;61031B30-
61031B39-;61031B39-
61031B40-;61031B40-
61031B41-;61031B41-
61031B481;61031B481
61031B49K;61031B490
61031B50K;61031B50-
61031B59-;61031B59-
61031B60K;61031B609
61031C00K;61031C00-
61031C010;61031C010
61031C020;61031C020
61031C0MP;61031C0MP
61031C1AK;61031C1AJ
61031C1AL;61031C1AJ
61031C20K;61031C20-
61031C390;61031C390
61039A00K;61039A00-
61039A09K;61039A09-
61039A10K;61039A100
61039A10L;61039A100
61039A11K;61039A11-
61039A18K;61039A18-
61039A19K;61039A191
61039A19L;61039A191
61039A20-;61039A20-
61039A210;61039A210
61039A282;61039A282
61039A2PN;61039A2PN
61039A30K;61039A30-
61039A310;61039A310
61039A40K;61039A400
61039A49K;61039A49-
61039B00-;61039B00-
61039B09K;61039B09-
6104115AK;6104115AQ
61041A00K;61041A00-
61041A00L;61041A00-
61041A09K;61041A099
61041A20K;61041A20-
61041B00-;61041B00-
61041B09-;61041B09-
61041B19K;61041B19-
61041B29K;61041B29-
61041B3PN;61041B3PN
61041B5PN;61041B5PN
61041B69-;61041B69-
61041C00K;61041C00-
61041C01K;61041C012
61041C09K;61041C091
61041C20K;61041C200
61041D0AK;61041D0PA
61041D0AL;61041D0PA
61041D10-;61041D10-
61041D1PN;61041D1PN
61043A000;61043A000
61043A01-;61043A01-
61043A02K;61043A022
61043A09K;61043A091
61043A19-;61043A19-
61043A39K;61043A39-
61043A40K;61043A402
61043A41K;61043A413
61043A42K;61043A424
61043A49K;61043A491
61043B00K;61043B001
61043B01K;61043B010
61043B02K;61043B022
61043B09K;61043B09-
61043B09L;61043B09-
61043B09M;61043B09-
61043B19-;61043B19-
61043C00-;61043C00-
61043C09-;61043C09-
61043C10K;61043C10-
61043C11K;61043C110
61043C11L;61043C110
61043C19K;61043C190
61043C20K;61043C20-
61043C23K;61043C232
61043D001;61043D001
61043D012;61043D012
61043D09K;61043D090
61048A00K;61048A001
61048A01K;61048A012
61048A023;61048A023
61048A09K;61048A090
61048A10-;61048A10-
61048A189;61048A189
61048B000;61048B000
61048B08-;61048B08-
61048B090;61048B090
61048C00-;61048C00-
61048C01K;61048C012
61048C09K;61048C091
61063A00K;61063A001
61063A00L;61063A001
61063A01K;61063A01-
61063A02K;61063A022
61063A09K;61063A09-
61063A19-;61063A19-
61063A29-;61063A29-
61063B10K;61063B10-
61063B1PK;61063B1PP
61063C00-;61063C00-
61063C09-;61063C09-
61063D00-;61063D00-
61063D09-;61063D09-
61068A00K;61068A00-
61068A00L;61068A00-
61068A01K;61068A012
61068A072;61068A072
61068A08K;61068A081
61068A09K;61068A091
61068A10K;61068A10-
61068A10L;61068A10-
61068A18K;61068A18-
61068A18L;61068A18-
61068A1AK;61068A1AA
61068A1PK;61068A1PA
61068B00K;61068B000
61068B09K;61068B099
61068B09L;61068B099
61068B19-;61068B19-
61068C00K;61068C00-
61068C09K;61068C09-
61068D000;61068D000
61068D09-;61068D09-
61068D10-;61068D10-
61068D19-;61068D19-
61068E00K;61068E00-
61068E09K;61068E09-
61072A00K;61072A00-
61072A00L;61072A00-
61072A01K;61072A01-
61072A02K;61072A021
61072A02L;61072A021
61072A03K;61072A03-
61072A03L;61072A03-
61072A03M;61072A03-
61072A07K;61072A072
61072B00K;61072B00-
61072B01K;61072B01-
61072B01L;61072B012
61072B03K;61072B033
61072B03L;61072B033
61072B09K;61072B091
61072B19-;61072B19-
61072C001;61072C001
61072C01K;61072C010
61072C022;61072C022
61072C023;61072C023
61072C032;61072C032
61072C081;61072C081
61072C09K;61072C09-
61072D00K;61072D00-
61072D08K;61072D08-
61072D09K;61072D09-
61072D09L;61072D09-
61072D3AW;61072D3AW
61072D3PK;61072D3PW
61072E00K;61072E00-
61072E08K;61072E08-
61072E09K;61072E09-
61072E10-;61072E10-
61072E19K;61072E19-
61072F00K;61072F000
61072F01K;61072F012
61072F10K;61072F100
61072F19K;61072F190
61072F19L;61072F190
61072F20K;61072F20-
61072F21K;61072F21-
61072F29K;61072F291
61072F3MN;61072F3MN
61079A00K;61079A00-
61079A09K;61079A090
61079A10-;61079A10-
61079A19-;61079A19-
61079B00-;61079B00-
61079B09K;61079B09-
61079C00-;61079C00-
61079C083;61079C083
61079C09-;61079C09-
61079C199;61079C199
61079C20K;61079C20-
61079C29K;61079C29-
61079C30-;61079C30-
61079C39K;61079C39-
61079C39L;61079C39-
61079D00-;61079D00-
61079D09K;61079D09-
61079D79K;61079D790
61080A00-;61080A00-
61080A01K;61080A01-
61080A02K;61080A023
61080A03K;61080A034
61080A03L;61080A034
61080A07K;61080A072
61080A07L;61080A072
61080A09K;61080A091
61080A100;61080A100
61080B09K;61080B092
61080B10K;61080B10-
61080B211;61080B211
61080B27K;61080B279
61080C00-;61080C00-
61080C091;61080C091
61080C10K;61080C10-
61080C11K;61080C112
61080C19K;61080C191
61080C29K;61080C29-
61080C31K;61080C31-
61080D00K;61080D000
61080D01K;61080D012
61080D07K;61080D073
61080D09K;61080D091
61080D09L;61080D091
61081A000;61081A000
61081A09K;61081A090
61081B00K;61081B000
61081B09K;61081B09-
61081C000;61081C000
61081C09K;61081C09-
61081C100;61081C100
61081C190;61081C190
61081C2PN;61081C2PN
61081D00-;61081D00-
61081D09-;61081D09-
61081D19-;61081D19-
61081E000;61081E000
61081E09-;61081E09-
62003A00K;62003A001
62003A00L;62003A001
62003A02K;62003A022
62003A101;62003A101
62003A20K;62003A201
62003A21K;62003A211
62003A21L;62003A211
62003A22K;62003A221
62003A2AN;62003A2AN
62003A37-;62003A37-
62003A40K;62003A40-
62003A40L;62003A40-
62003A40M;62003A402
62003A41-;62003A41-
62003A42K;62003A42-
62003A4AK;62003A4AN
62003A50K;62003A50-
62003B00K;62003B00-
62003B01K;62003B01-
62003B02-;62003B02-
62003B090;62003B090
62003B11K;62003B11-
62003B11L;62003B11-
62003C00K;62003C001
62003C01K;62003C010
62003C02K;62003C022
62003C0AK;62003C0AA
62003C0AL;62003C0AA
62003C0MK;62003C0MN
62003C0ML;62003C0MN
62003C0PK;62003C0PA
62003C10K;62003C10-
62003C11K;62003C11-
62003C20K;62003C200
62003D00-;62003D00-
62003D012;62003D012
62003D09K;62003D091
62003D09L;62003D091
62003D392;62003D392
62006A00K;62006A001
62006A00L;62006A001
62006A01K;62006A012
62006A01L;62006A012
62006A02K;62006A022
62006A08K;62006A081
62006A0AK;62006A0AA
62006A0AL;62006A0AA
62006A21K;62006A21-
62006A21L;62006A21-
62006A39K;62006A391
62006B00K;62006B00-
62006B09K;62006B09-
62006B19K;62006B192
62006C00K;62006C000
62006C00L;62006C000
62006C01K;62006C010
62006C09K;62006C090
62006D00K;62006D000
62006D01K;62006D012
62006D09K;62006D091
62006E00K;62006E000
62006E09K;62006E099
62009A001;62009A001
62009A01-;62009A01-
62009A020;62009A020
62009A03K;62009A032
62009A04K;62009A042
62009A08K;62009A083
62009A09K;62009A091
62009A10K;62009A10-
62009A19K;62009A19-
62009A20K;62009A20-
62009A29K;62009A291
62009A2AK;62009A2AA
62009A30K;62009A30-
62009A399;62009A399
62009A510;62009A510
62009A590;62009A590
62009B00K;62009B001
62009B01K;62009B012
62009B02K;62009B022
62009B033;62009B033
62009B081;62009B081
62009B091;62009B091
62009B0AK;62009B0AA
62009B100;62009B100
62009B112;62009B112
62009B123;62009B123
62009B184;62009B184
62009B191;62009B191
62009B29-;62009B29-
62009B30-;62009B30-
62009B31K;62009B313
62009B364;62009B364
62009B38K;62009B382
62009B39K;62009B395
62009C00-;62009C00-
62009C012;62009C012
62009C091;62009C091
62009C162;62009C162
62009C19K;62009C191
62009C20K;62009C20-
62009C21K;62009C212
62009C29K;62009C299
62009D00K;62009D00-
62009D09K;62009D09-
62011A00K;62011A000
62011A01K;62011A01-
62011A02K;62011A02-
62011A090;62011A090
62011B00K;62011B00-
62011B00L;62011B00-
62011B082;62011B082
62011B091;62011B091
62011C00K;62011C00-
62011C01K;62011C01-
62011C02K;62011C022
62011C08K;62011C081
62011C09-;62011C09-
62011D00K;62011D00-
62011D01K;62011D01-
62011D01L;62011D01-
62011D02K;62011D029
62011D03K;62011D032
62011D08-;62011D08-
62011D09K;62011D091
62011D18K;62011D183
62011D19K;62011D19-
62011E00-;62011E00-
62011E01-;62011E01-
62011E02K;62011E02-
62011E082;62011E082
62011E09K;62011E091
62011E09L;62011E091
62011F00K;62011F00-
62011F012;62011F012
62011F08K;62011F083
62011F09K;62011F091
62011F10K;62011F10-
62011F18K;62011F182
62011F19K;62011F191
6201510AK;6201510AQ
62015A00K;62015A00-
62015A01K;62015A01-
62015A02K;62015A022
62015A090;62015A090
62015A0AK;62015A0AJ
62015A10K;62015A101
62015A1AK;62015A1AP
62015A1BK;62015A1BN
62015A21K;62015A21-
62015B00K;62015B000
62015B08K;62015B082
62015B0PK;62015B0PP
62015B30K;62015B300
62015B39K;62015B391
62015C000;62015C000
62015C01K;62015C012
62015C0PN;62015C0PN
62022A00K;62022A00-
62022A080;62022A080
62022A091;62022A091
62022A10K;62022A10-
62022A11K;62022A112
62022A12K;62022A123
62022A19K;62022A191
62022A21K;62022A212
62022A29K;62022A291
62022A29L;62022A291
62022A31K;62022A312
62022B00K;62022B000
62022B00L;62022B000
62022B01K;62022B012
62022B01L;62022B012
62022B01M;62022B012
62022B023;62022B023
62022B034;62022B034
62022B05K;62022B050
62022B05L;62022B050
62022B091;62022B091
62022B0AP;62022B0AP
62022B10K;62022B100
62022B10L;62022B100
62022B11K;62022B111
62022B13K;62022B132
62022B13L;62022B132
62022B14K;62022B143
62022B28K;62022B282
62022B29K;62022B292
62022C00K;62022C00-
62022C01K;62022C01-
62022C01L;62022C01-
62022C03K;62022C030
62022C03L;62022C030
62022C04K;62022C04-
62022C05K;62022C051
62022C05L;62022C051
62022C10K;62022C10-
62022C11K;62022C11-
62022C11L;62022C11-
62022C1PK;62022C1PP
62022C31K;62022C312
62022D00-;62022D00-
62022D01-;62022D01-
62022D02K;62022D02-
62022D03K;62022D032
62022D03L;62022D032
62022D09K;62022D091
62022D19-;62022D19-
62022D20K;62022D201
62022D212;62022D212
62022D30K;62022D301
62022D31K;62022D310
62022D32K;62022D322
62022D32L;62022D322
62026A00K;62026A000
62026A01-;62026A01-
62026A02K;62026A02-
62026A09K;62026A09-
62026A09L;62026A09-
62026A10-;62026A10-
62026A18-;62026A18-
62026A19-;62026A19-
62026A20K;62026A200
62026A21K;62026A21-
62026A300;62026A300
62026A39K;62026A390
62026B00K;62026B00-
62026B01K;62026B012
62026B09K;62026B091
62026B19-;62026B19-
62027A00K;62027A000
62027A01K;62027A010
62027A09K;62027A090
62027B09K;62027B099
62027C000;62027C000
62027C012;62027C012
62027C09K;62027C091
62027D00K;62027D00-
62027D00L;62027D002
62027D00M;62027D002
62027E00K;62027E000
62027E01K;62027E010
62027E0AK;62027E0AA
62027E0PK;62027E0PA
62027E0PL;62027E0PA
62027E19-;62027E19-
62027F00-;62027F00-
62027F0AA;62027F0AA
62027F0PK;62027F0PA
62027F19K;62027F19-
62027G00K;62027G000
62027G09K;62027G090
62027H09K;62027H099
62027H199;62027H199
62027H29K;62027H292
62032A00K;62032A00-
62032A01-;62032A01-
62032A02-;62032A02-
62032A03K;62032A030
62032A04-;62032A04-
62032A05-;62032A05-
62032A09-;62032A09-
62032A10K;62032A100
62032A10L;62032A100
62032A19K;62032A190
62032A29K;62032A29-
62032A29L;62032A29-
62032A312;62032A312
62032A322;62032A322
62032A381;62032A381
62032A391;62032A391
62032A40K;62032A401
62032A41K;62032A412
62032A42K;62032A422
62032A48K;62032A489
62032A48L;62032A489
62032A49K;62032A490
62032A51K;62032A510
62032A71K;62032A710
62032B00-;62032B00-
62032B01K;62032B01-
62032B01L;62032B01-
62032B02-;62032B02-
62032B03K;62032B03-
62032B08K;62032B082
62032B09K;62032B091
62032B0AK;62032B0AN
62032B0BN;62032B0BN
62032B11K;62032B110
62032B11L;62032B110
62032B11M;62032B110
62032B12K;62032B121
62032B12L;62032B121
62032B12M;62032B121
62032B20K;62032B20-
62032B22K;62032B22-
62032B2PN;62032B2PN
62038A00K;62038A00-
62038A01-;62038A01-
62038A02K;62038A02-
62038A02L;62038A02-
62038A03K;62038A032
62038A03L;62038A032
62038A09K;62038A091
62038A10K;62038A10-
62038A10L;62038A10-
62038A11K;62038A11-
62038A17K;62038A170
62038A17L;62038A170
62038A20K;62038A20-
62038A39K;62038A399
62038B00K;62038B000
62038B01K;62038B010
62038B02K;62038B022
62038B08K;62038B084
62038B09K;62038B091
62038B10K;62038B101
62038B11K;62038B113
62038B11L;62038B113
62038B17K;62038B172
62038B20K;62038B200
62038B21K;62038B212
62038B22K;62038B22-
62038B29K;62038B291
62038C00K;62038C00-
62038C01K;62038C01-
62038C02K;62038C022
62038C02L;62038C022
62038C03K;62038C033
62038C09K;62038C091
62038C11K;62038C11-
62038D00K;62038D001
62038D01K;62038D012
62038D02K;62038D023
62038D03K;62038D032
62038D09K;62038D091
62038D10K;62038D10-
62038D19K;62038D191
62038D21K;62038D213
62038D29K;62038D294
62038D31K;62038D312
6205111MK;6205111MQ
62051A00K;62051A001
62051A01K;62051A010
62051A02K;62051A02-
62051A03K;62051A030
62051A10K;62051A101
62051A11K;62051A111
62051A12K;62051A121
62051A13K;62051A13-
62051A13L;62051A13-
62051A13M;62051A13-
62051A14K;62051A141
62051A20-;62051A20-
62051A22K;62051A220
62051A22L;62051A222
62051A30K;62051A30-
62051A31K;62051A319
62051A33K;62051A33-
62051A34K;62051A34-
62051A40-;62051A40-
62051A41K;62051A411
62051A41L;62051A411
62051A42K;62051A42-
62051A42L;62051A42-
62051A50K;62051A50-
62051A51K;62051A519
62051A51L;62051A519
62051A51M;62051A519
62051A52K;62051A52-
62051A60K;62051A60-
62051A61K;62051A61-
62051A69K;62051A69-
62051A70-;62051A70-
62051A77K;62051A77-
62051A87-;62051A87-
62051B001;62051B001
62051B01K;62051B011
62051B032;62051B032
62051B04K;62051B042
62051B09K;62051B09-
62051B0AN;62051B0AN
62051B10K;62051B101
62051B12K;62051B122
62051C00K;62051C000
62051C00L;62051C000
62051C00M;62051C000
62051C01K;62051C010
62051C01L;62051C010
62051C19K;62051C19-
62051D00K;62051D00-
62051D01K;62051D01-
62051D01L;62051D01-
62051D02K;62051D020
62051D02L;62051D020
62051D08-;62051D08-
6206010PQ;6206010PQ
62060A00K;62060A00-
62060A01K;62060A01-
62060A02K;62060A02-
62060A08K;62060A082
62060A09K;62060A091
62060B00K;62060B00-
62060B09K;62060B09-
62060C00K;62060C00-
62060C01K;62060C012
62060C09K;62060C091
62060C11K;62060C11-
62060C19K;62060C19-
62060C21K;62060C210
62060C22K;62060C220
62060C28K;62060C280
62060C29K;62060C290
62060D00K;62060D00-
62060D09K;62060D09-
62060E00K;62060E001
62060E01K;62060E012
62060E09K;62060E091
62060F00K;62060F00-
62060F012;62060F012
62060F02K;62060F020
62060F09K;62060F091
62060G00K;62060G00-
62060G01K;62060G01-
62060G02K;62060G02-
62060G03K;62060G032
62060G09K;62060G091
62060H00K;62060H00-
62060H01K;62060H01-
62060H01L;62060H01-
62060H09K;62060H09-
62063A00K;62063A00-
62063A00L;62063A00-
62063A01K;62063A01-
62063A02K;62063A02-
62063A03K;62063A03-
62063A04K;62063A04-
62063A05K;62063A05-
62063A10K;62063A101
62063A10L;62063A101
62063A11K;62063A112
62063A20K;62063A20-
62063A20L;62063A20-
62063A21K;62063A21-
62063A22K;62063A22-
62063A22L;62063A22-
62063A22M;62063A22-
62063A23K;62063A232
62063A23L;62063A232
62063A30K;62063A30-
62063A31K;62063A31-
62063A32K;62063A32-
62063A34K;62063A342
62063A40K;62063A401
62063A41K;62063A41-
62063A50K;62063A50-
62063A51K;62063A51-
62063A52K;62063A520
62063A53K;62063A53-
62063A53L;62063A53-
62063A54K;62063A540
62063A54L;62063A540
62063A55K;62063A55-
62063A55L;62063A55-
62063A60K;62063A601
62063A61K;62063A61-
62063A62K;62063A62-
62063A62L;62063A62-
62063A64K;62063A640
62063A65K;62063A65-
62063A6AK;62063A6AP
62063A6AL;62063A6AP
62063A6MK;62063A6MJ
62063A70K;62063A70-
62063A71K;62063A71-
62063A72K;62063A72-
62063A74K;62063A74-
62063A77K;62063A77-
62063A7MK;62063A7MN
62063A80K;62063A801
62063A81K;62063A812
62063A83K;62063A83-
62063A83L;62063A83-
62063A84K;62063A842
62063A90K;62063A90-
62063A91K;62063A91-
62063A92K;62063A920
62063A93K;62063A93-
62063A93L;62063A93-
62063B10-;62063B10-
62063B11K;62063B11-
62063B12K;62063B12-
62063B13-;62063B13-
62063B20K;62063B20-
62063B21K;62063B211
62063B221;62063B221
62063B23K;62063B232
62063B292;62063B292
62063B30K;62063B30-
62063B31K;62063B31-
62063B32K;62063B32-
62063B40K;62063B40-
62063B41K;62063B41-
62063B80K;62063B80-
62063B87K;62063B87-
62063B87L;62063B87-
62063C00K;62063C00-
62063C01K;62063C01-
62063C01L;62063C01-
62063C01M;62063C01-
62063C02K;62063C022
62063C07K;62063C079
62063C08K;62063C081
62063C11K;62063C119
62063C19K;62063C191
62063C30K;62063C30-
62063C32K;62063C32-
62063C33K;62063C33-
62063D00K;62063D001
62063D01K;62063D01-
62063D02K;62063D02-
62063D02L;62063D02-
62063D03K;62063D03-
62063D04K;62063D042
62063D05K;62063D05-
62063D05L;62063D05-
62063D09K;62063D091
62063D09L;62063D091
62063D12K;62063D121
62063D13K;62063D132
62063D1AK;62063D1AP
62063D20K;62063D200
62063D29K;62063D292
62063D29L;62063D292
62063D29M;62063D292
62063D30K;62063D301
62063D31K;62063D31-
62063D32K;62063D322
62063E00K;62063E00-
62063E01K;62063E01-
62063E02K;62063E02-
62063E02L;62063E02-
62063E03K;62063E03-
62063E03L;62063E03-
62063E10K;62063E101
62063E11K;62063E112
62063E12K;62063E122
62063E19K;62063E191
62063F00K;62063F00-
62063F00L;62063F00-
62063F01K;62063F01-
62063F02K;62063F021
62063F07K;62063F072
62063F10K;62063F101
62063F10L;62063F101
62063F12K;62063F12-
62063F13K;62063F132
62063F13L;62063F132
62063F13M;62063F132
62063F14K;62063F143
62063F1AK;62063F1AP
62063F20K;62063F20-
62063F20L;62063F20-
62063F21K;62063F21-
62063F30K;62063F301
62063F31K;62063F31-
62063F31L;62063F31-
62063F32K;62063F322
62063F33K;62063F333
62063F40K;62063F401
62063F42K;62063F42-
62063F43K;62063F432
62063F4AK;62063F4AN
62063F60K;62063F60-
62063F60L;62063F60-
62063G00K;62063G001
62063G00L;62063G001
62063G01K;62063G012
62063G02K;62063G023
62063G04K;62063G04-
62063G09K;62063G09-
62063G11K;62063G111
62063G12K;62063G120
62063G13K;62063G13-
62063G13L;62063G13-
62063G14K;62063G143
62063G20K;62063G20-
62063G21K;62063G21-
62063G29K;62063G29-
62063G29L;62063G29-
62063H00K;62063H00-
62063H01K;62063H01-
62063H01L;62063H01-
62063H02K;62063H021
62063H03K;62063H032
62063H04K;62063H043
62063H11K;62063H11-
62063H20K;62063H20-
62063H20L;62063H20-
62063H20M;62063H20-
62063H21K;62063H212
62063H22K;62063H223
62063H28K;62063H28-
62063H2MK;62063H2MB
62063H2ML;62063H2MB
62063H2PK;62063H2PB
62063H2PL;62063H2PB
62063H30K;62063H301
62063H37K;62063H37-
62063H37L;62063H37-
62063H40K;62063H401
62063H47K;62063H472
62063H5MK;62063H5MA
62063H5NK;62063H5NP
62063H5QK;62063H5QA
62063H5QL;62063H5QA
62063H61K;62063H61-
62063J17K;62063J172
62063J17L;62063J172
62063J20K;62063J201
62063J21K;62063J211
62063J22K;62063J22-
62063J23K;62063J232
62063J24K;62063J24-
62063J27K;62063J270
62063J40K;62063J40-
62063J41K;62063J41-
62063K00K;62063K00-
62063K01K;62063K01-
62063K10K;62063K10-
62063K11K;62063K11-
62063K1AK;62063K1AP
62063L00K;62063L001
62063L01K;62063L01-
62063L01L;62063L012
62063L02-;62063L02-
62063L04K;62063L042
62063L09K;62063L091
62063L0AK;62063L0AP
62063L10K;62063L101
62063L1AK;62063L1AN
62063L1AL;62063L1AN
62063L1AM;62063L1AN
62063M21K;62063M212
62063M21L;62063M212
62063M2AK;62063M2AP
62063M54K;62063M543
62063M65K;62063M651
62079A00K;62079A001
62079A01K;62079A01-
62079A01L;62079A01-
62079A02K;62079A02-
62079A02L;62079A02-
62079A03K;62079A032
62079A03L;62079A032
62079A04K;62079A04-
62079A04L;62079A04-
62079A05K;62079A052
62079A11K;62079A113
62079B00K;62079B00-
62079B01K;62079B01-
62079B01L;62079B01-
62079B02-;62079B02-
62079B03K;62079B03-
62079B09K;62079B091
62079B09L;62079B091
62079B10K;62079B100
62079B17K;62079B179
62079B19K;62079B191
62079C00K;62079C000
62079C00L;62079C000
62079C01K;62079C010
62079C02K;62079C020
62079C09K;62079C099
62079C11K;62079C111
62079C21K;62079C212
62079C29K;62079C291
62079D00K;62079D009
62079D02-;62079D02-
62079D03K;62079D03-
62079D04K;62079D04-
62079D04L;62079D04-
62079D05K;62079D052
62079D091;62079D091
62079D27K;62079D27-
62079E00K;62079E000
62079E00L;62079E000
62079E00M;62079E000
62079E00O;62079E000
62079E01K;62079E011
62079E01L;62079E011
62079E02K;62079E022
62079E02L;62079E022
62079E03K;62079E032
62079F00K;62079F00-
62079F01K;62079F01-
62079F01L;62079F01-
62079F02K;62079F022
62079G00K;62079G001
62079G01K;62079G012
62079G02K;62079G022
62079G09K;62079G091
62079G09L;62079G091
62079G09M;62079G091
62093A00K;62093A001
62093A00L;62093A001
62093A012;62093A012
62093A093;62093A093
62093A101;62093A101
62093A11K;62093A11-
62093A19K;62093A19-
62093A21-;62093A21-
62093A30K;62093A30-
62093B001;62093B001
62093B01K;62093B011
62093B02K;62093B022
62093B072;62093B072
62093B10K;62093B10-
62093C00K;62093C001
62093C01K;62093C011
62093C02K;62093C02-
62093C02L;62093C02-
62093C02M;62093C02-
62093C03K;62093C032
62093C04K;62093C042
62093C10K;62093C10-
62093C20K;62093C20-
62093C20L;62093C20-
62093C30K;62093C301
62093C31K;62093C312
62096A00K;62096A000
62096A02K;62096A020
62096A07K;62096A07-
62096A10K;62096A100
62096A11K;62096A11-
62096A12K;62096A121
62096A17K;62096A172
62096A20K;62096A201
62096A210;62096A210
62096A22K;62096A221
62096A23K;62096A232
62096A24K;62096A242
62096A27K;62096A272
62096A30K;62096A301
62096A31K;62096A311
62096A37K;62096A372
62096A37L;62096A372
62096A41K;62096A410
62096A42K;62096A420
62096A43K;62096A431
62096A44K;62096A442
62096A45K;62096A453
62096A50K;62096A501
62096A51K;62096A511
62096A521;62096A521
62096A53K;62096A532
62096A53L;62096A533
62096A54K;62096A542
62096A55K;62096A552
62096A59K;62096A591
62096A59L;62096A591
62096A61K;62096A61-
62096A690;62096A690
62096A70K;62096A700
62096A71K;62096A710
62096B00K;62096B001
62096B01K;62096B011
62096B02K;62096B022
62096B03K;62096B033
62096B07K;62096B072
62096B10-;62096B10-
62096B20K;62096B201
62096B20L;62096B201
62096B21K;62096B212
62096B273;62096B273
62096B290;62096B290
62096B31-;62096B31-
62096B40K;62096B40-
62096B40L;62096B40-
62096B51-;62096B51-
62096C000;62096C000
62096C02K;62096C020
62096C03K;62096C031
62096C04K;62096C042
62096C070;62096C070
62096C10K;62096C101
62096C11K;62096C110
62096C12K;62096C122
62096C14K;62096C142
62096C501;62096C501
62096C59K;62096C591
62096D00K;62096D00-
62096D01K;62096D01-
62096D02K;62096D021
62096D03-;62096D03-
62096D04K;62096D04-
62096D05K;62096D051
62099A009;62099A009
62099A01K;62099A010
62099A02K;62099A020
62099A04K;62099A042
62099A09K;62099A091
62099A09L;62099A091
62099A09M;62099A091
62099A10-;62099A10-
62099A11K;62099A111
62099A12K;62099A12-
62099A132;62099A132
62099A14K;62099A14-
62099A15K;62099A150
62099A18K;62099A18-
62099A19K;62099A191
62099A20K;62099A20-
62099A21K;62099A212
62099B00K;62099B00-
62099B01K;62099B010
62099B08K;62099B08-
62099B09K;62099B090
62099B09L;62099B090
62099B162;62099B162
62099B19K;62099B191
62099C00K;62099C00-
62099C01K;62099C012
62099C02K;62099C021
62099C09K;62099C091
62099D00-;62099D00-
62099D09K;62099D09-
62099D20K;62099D201
62099D21K;62099D212
62099D29K;62099D29-
62099D29L;62099D29-
62099D31K;62099D319
62099E00K;62099E00-
62099E09K;62099E09-
62099E100;62099E100
62099E191;62099E191
62099E29K;62099E29-
62099F09K;62099F099
62099F19K;62099F199
62100A00K;62100A000
62100A01K;62100A010
62100A01L;62100A010
62100A02K;62100A02-
62100A08K;62100A082
62100A09K;62100A091
62100A10-;62100A10-
62100A19-;62100A19-
62100A20K;62100A20-
62100A21K;62100A212
62100A29K;62100A291
62100A30K;62100A300
62100A39K;62100A391
62100A3AK;62100A3AA
62100A3PK;62100A3PA
62100A40-;62100A40-
62100A49-;62100A49-
62100A59-;62100A59-
62100A60K;62100A60-
62100A69K;62100A690
62100A70K;62100A700
62100A790;62100A790
62100B00K;62100B00-
62100B09K;62100B090
62100B100;62100B100
62100B11K;62100B110
62100B11L;62100B110
62100B12K;62100B122
62100B19K;62100B191
62100B29K;62100B291
62100B3MK;62100B3MB
62100B3PK;62100B3PB
62100B40K;62100B40-
62100B49K;62100B49-
62100B49L;62100B49-
62100B59-;62100B59-
62100C00-;62100C00-
62100C012;62100C012
62100C09K;62100C091
62100C10K;62100C10-
62100C19K;62100C190
62100D00K;62100D00-
62100D09K;62100D09-
62100D10K;62100D100
62100D19K;62100D190
62100D20K;62100D20-
62100D29K;62100D290
62100D30-;62100D30-
62100D39-;62100D39-
62100E00-;62100E00-
62100E09K;62100E09-
62100E10-;62100E10-
62100E19K;62100E19-
62100E21K;62100E212
62100E223;62100E223
62100E29K;62100E291
62108A00K;62108A001
62108A01K;62108A01-
62108A02K;62108A020
62108A03K;62108A031
62108A03L;62108A031
62108A07-;62108A07-
62108A10K;62108A100
62108A10L;62108A100
62108A18K;62108A180
62108A18L;62108A180
62108A191;62108A191
62108A20K;62108A200
62108A212;62108A212
62108A22K;62108A222
62108A30-;62108A30-
62108A31K;62108A312
62108A391;62108A391
62108B00K;62108B00-
62108B01K;62108B012
62108B091;62108B091
62108B10K;62108B101
62108C00K;62108C000
62108C08K;62108C080
62108C09K;62108C09-
62108C10K;62108C10-
62108C11K;62108C112
62108C191;62108C191
62108C29-;62108C29-
62108D00K;62108D00-
62108D02K;62108D020
62108D09K;62108D090
62108D10K;62108D101
62108D11K;62108D112
62108D18K;62108D180
62108D18L;62108D180
62108D19K;62108D190
62108D19L;62108D190
62108E00K;62108E00-
62108E01K;62108E010
62108E01L;62108E09-
62108E09K;62108E09-
62108E100;62108E100
62108E1MN;62108E1MN
62108F00-;62108F00-
62108F0PK;62108F0PN
62108F1PN;62108F1PN
62118A00K;62118A001
62118A01K;62118A011
62118A01L;62118A011
62118A022;62118A022
62118A03K;62118A032
62118A07K;62118A079
62118A10K;62118A10-
62118A10L;62118A10-
62118A11K;62118A110
62118A189;62118A189
62118A20K;62118A201
62118A21K;62118A21-
62118A222;62118A222
62118B00K;62118B001
62118B01-;62118B01-
62118B02-;62118B02-
62118B03K;62118B032
62118B08K;62118B083
62118B09-;62118B09-
62118B10K;62118B101
62118B11K;62118B112
62118B12K;62118B123
62118B21K;62118B21-
62118B21L;62118B21-
62118B3MJ;62118B3MJ
62118C01K;62118C012
62118C01L;62118C012
62118C20K;62118C20-
62118C21K;62118C210
62118C282;62118C282
62118C2PK;62118C2PP
62118D00K;62118D00-
62118D01-;62118D01-
62118D081;62118D081
62118D09K;62118D091
62118D10-;62118D10-
62118D11-;62118D11-
62118D19-;62118D19-
62118D30K;62118D30-
62118D39K;62118D39-
62118D49K;62118D49-
62118E00K;62118E000
62118E09K;62118E090
62118F00K;62118F000
62118F01-;62118F01-
62118F02-;62118F02-
62118F09K;62118F091
62118F09L;62118F091
62118F19-;62118F19-
62119A000;62119A000
62119A012;62119A012
62119A09K;62119A091
62119A19K;62119A199
62119A19L;62119A199
62119B001;62119B001
62119B01K;62119B012
62119B09K;62119B090
62119B112;62119B112
62119B19K;62119B191
62119B29K;62119B292
62119C00K;62119C00-
62119C07K;62119C070
62119C08K;62119C083
62119C09K;62119C091
62119C09L;62119C091
62119C18K;62119C182
62119C19K;62119C192
62119D00K;62119D000
62119D09K;62119D091
62119D11K;62119D11-
62119D11L;62119D11-
62119D20K;62119D209
62119D20L;62119D209
62119D31K;62119D312
62119D32K;62119D322
62119D39K;62119D391
62119D41K;62119D412
62119D49K;62119D491
62119E00K;62119E000
62119E01K;62119E012
62119E09K;62119E091
62119F08K;62119F089
62119F09K;62119F099
62119F09L;62119F099
62120A00K;62120A001
62120A10K;62120A10-
62120A11K;62120A111
62120A17K;62120A172
62120A20K;62120A200
62120A20L;62120A200
62120A22K;62120A221
62120A23K;62120A231
62120A29K;62120A292
62120A29L;62120A299
62120A30K;62120A302
62120A32K;62120A320
62120A332;62120A332
62120A370;62120A370
62120A402;62120A402
62120A42K;62120A423
62120A490;62120A490
62120A51K;62120A511
62120A58K;62120A580
62120A59K;62120A599
62120A60K;62120A600
62120A61K;62120A611
62120A78K;62120A780
62120A79K;62120A790
62120A79L;62120A793
62120A80K;62120A801
62120A81K;62120A811
62120A82K;62120A822
62120A83K;62120A833
62120A84K;62120A842
62120A87K;62120A872
62120A90K;62120A90-
62120A91K;62120A911
62120A92K;62120A920
62120A934;62120A934
62120B00K;62120B001
62120B01K;62120B010
62120B032;62120B032
62120B04K;62120B042
62120B07K;62120B070
62120B101;62120B101
62120B11K;62120B110
62120B12K;62120B121
62120B13-;62120B13-
62120B14K;62120B142
62120B15K;62120B151
62120B173;62120B173
62120B200;62120B200
62120B203;62120B203
62120B204;62120B204
62120B2PJ;62120B2PJ
62120B30K;62120B301
62120B312;62120B312
62120B48K;62120B481
62120B48L;62120B482
62120B492;62120B492
62120B49K;62120B490
62120C00K;62120C00-
62120C01K;62120C019
62120C01L;62120C019
62120C03K;62120C032
62120C03L;62120C032
62120C04K;62120C045
62120C08K;62120C083
62120C09K;62120C091
62120C09L;62120C091
62120C29K;62120C299
62120C30K;62120C300
62120C30L;62120C300
62120C380;62120C380
62120C5PK;62120C5PN
62120C68K;62120C682
62120C69K;62120C696
62120D00K;62120D000
62120D011;62120D011
62120D021;62120D021
62120D03K;62120D032
62120D08K;62120D082
62120D0PK;62120D0PN
62120D18K;62120D184
62120D19K;62120D191
62120D19L;62120D192
62120D200;62120D200
62120D291;62120D291
62120D59K;62120D591
62120D59L;62120D592
62120D59M;62120D592
62121A00K;62121A00-
62121A08K;62121A082
62121A101;62121A101
62121A11K;62121A11-
62121A122;62121A122
62121A133;62121A133
62121A144;62121A144
62121A185;62121A185
62121A196;62121A196
62121B00K;62121B000
62121B01K;62121B010
62121B02K;62121B022
62121B08K;62121B081
62121B091;62121B091
62121B10K;62121B10-
62121B11K;62121B112
62121B190;62121B190
62121B290;62121B290
62121B31K;62121B310
62121B383;62121B383
62121C00K;62121C001
62121C09K;62121C091
62121C09L;62121C091
62121C11K;62121C113
62121C11L;62121C113
62121C18K;62121C182
62121C18L;62121C182
62121C31K;62121C312
62121C31L;62121C312
62121C32K;62121C322
62121D00K;62121D000
62121D09K;62121D091
62122A00K;62122A000
62122A01K;62122A011
62122A072;62122A072
62122A100;62122A100
62122A11K;62122A110
62122A12K;62122A12-
62122A13K;62122A13-
62122A18K;62122A18-
62122A28K;62122A281
62122A28L;62122A281
62122A29K;62122A291
62122A312;62122A312
62122A391;62122A391
62122A41-;62122A41-
62122A50-;62122A50-
62122A590;62122A590
62122B00K;62122B001
62122B01K;62122B012
62122B09K;62122B09-
62122B09L;62122B09-
62122B10-;62122B10-
62122B29K;62122B29-
62122B39K;62122B39-
62122C009;62122C009
62122C02K;62122C020
62122C09K;62122C09-
63001A00K;63001A000
63001A08K;63001A082
63001A09K;63001A091
63001A10-;63001A10-
63001A19K;63001A19-
63001A19L;63001A192
63001A20K;63001A20-
63001A29K;63001A291
63001A30-;63001A30-
63001A39-;63001A39-
63001A393;63001A393
63001A40-;63001A40-
63001A49K;63001A493
63001A50K;63001A500
63001A59K;63001A594
63001B001;63001B001
63001B01-;63001B01-
63001B02-;63001B02-
63001B032;63001B032
63001B09-;63001B09-
63001B10-;63001B10-
63001B190;63001B190
63001B20-;63001B20-
63001B212;63001B212
63001B291;63001B291
63001B30-;63001B30-
63001B39-;63001B39-
63001C00-;63001C00-
63001C09-;63001C09-
63001C10-;63001C10-
63001C19-;63001C19-
63001C20-;63001C20-
63001C29K;63001C291
63001C384;63001C384
63001C38K;63001C382
63001D40-;63001D40-
63001D41-;63001D41-
63001D482;63001D482
63001D491;63001D491
63003A00K;63003A000
63003A00L;63003A000
63003A00M;63003A000
63003A01K;63003A012
63003A0AK;63003A0AA
63003A0MK;63003A0MA
63003A0PK;63003A0PA
63003A0PL;63003A0PA
63003A10K;63003A10-
63003A182;63003A182
63003A19K;63003A19-
63003A29K;63003A29-
63003A39-;63003A39-
63004A00K;63004A000
63004A09K;63004A090
63004A09L;63004A090
63004A19-;63004A19-
63004A20K;63004A20-
63004A29K;63004A29-
63004A389;63004A389
63004A39K;63004A39-
63004A50K;63004A50-
63004A59-;63004A59-
63004B00K;63004B000
63004B01K;63004B012
63004B09K;63004B091
63004B19K;63004B19-
63012A000;63012A000
63012A090;63012A090
63012A100;63012A100
63012A190;63012A190
63012A20-;63012A20-
63012A29-;63012A29-
63012A300;63012A300
63012A39K;63012A390
63012B00K;63012B000
63012B09-;63012B09-
63012B100;63012B100
63012B19-;63012B19-
63012C00-;63012C00-
63012C010;63012C010
63012C090;63012C090
63012C102;63012C102
63012C19K;63012C191
63012C200;63012C200
63012C29K;63012C290
63012C300;63012C300
63012C39-;63012C39-
63012C40K;63012C400
63012C49K;63012C49-
63012C50-;63012C50-
63012C599;63012C599
63012D600;63012D600
63012D610;63012D610
63012D682;63012D682
63012D690;63012D690
63013A00-;63013A00-
63013A0JA;63013A0JA
63013A0PA;63013A0PA
63013A10-;63013A10-
63013A11-;63013A11-
63013A122;63013A122
63013A191;63013A191
63013A201;63013A201
63013A262;63013A262
63013A29-;63013A29-
63013A30-;63013A30-
63013A39-;63013A39-
63013B00-;63013B00-
63013B09-;63013B09-
63013B10-;63013B10-
63013B19-;63013B19-
63013B282;63013B282
63013B291;63013B291
63013B2MJ;63013B2MJ
63013B300;63013B300
63013B39-;63013B39-
63020A00K;63020A00-
63020A01K;63020A010
63020A10K;63020A100
63020A19K;63020A190
63020A20K;63020A20-
63020A21-;63020A21-
63020A300;63020A300
63020A31-;63020A31-
63020A38-;63020A38-
63020A390;63020A390
63020B00K;63020B000
63020B01K;63020B012
63020B01L;63020B012
63020B0AK;63020B0AA
63020B0PK;63020B0PA
63020B0PL;63020B0PA
63020B10K;63020B100
63020B10L;63020B100
63020B10M;63020B100
63020B20K;63020B20-
63020B30-;63020B30-
63020B31K;63020B31-
63023A001;63023A001
63023A01K;63023A01-
63023A02K;63023A022
63023A04K;63023A040
63023A07K;63023A072
63023A09K;63023A091
63023A10K;63023A100
63023A11K;63023A110
63023A12K;63023A12-
63023A13K;63023A132
63023A20K;63023A20-
63023A21K;63023A210
63023A21L;63023A210
63023A22K;63023A220
63023A27K;63023A272
63023A28K;63023A281
63023A29K;63023A291
63023A29L;63023A292
63023A29M;63023A292
63023A41K;63023A411
63023A41L;63023A411
63023A42K;63023A422
63023A43K;63023A43-
63023A43L;63023A43-
63023A45K;63023A450
63023B00K;63023B000
63023B01K;63023B010
63023B09K;63023B091
63023B09L;63023B091
63023B19K;63023B190
63023B20K;63023B20-
63023B21K;63023B21-
63023B21L;63023B21-
63023B22K;63023B220
63023B39K;63023B39-
63035A00K;63035A000
63035A01K;63035A010
63035A02K;63035A02-
63035A03K;63035A032
63035A09K;63035A090
63035A09L;63035A090
63035B000;63035B000
63035B09K;63035B090
63035B09L;63035B090
63035B191;63035B191
63035C00K;63035C000
63035C00L;63035C000
63035C00M;63035C000
63035C00O;63035C000
63035C01K;63035C011
63035C01L;63035C011
63035C0MK;63035C0MB
63035C0PK;63035C0PB
63035C11K;63035C112
63035C19K;63035C191
63035C200;63035C200
63035C29K;63035C290
63035C30K;63035C30-
63035C31K;63035C31-
63035C32K;63035C322
63035C39K;63035C39-
63035C3AK;63035C3AA
63035C3PK;63035C3PA
63035C49K;63035C491
63035C49L;63035C491
63035C49M;63035C491
63035D00K;63035D000
63035D1AB;63035D1AB
63035D1PB;63035D1PB
63035D2AK;63035D2AA
63035D2PK;63035D2PA
63035E000;63035E000
63035E0AK;63035E0AA
63035E0PK;63035E0PA
63035F00K;63035F00-
63035F0AK;63035F0AA
63035F18K;63035F18-
63035F19K;63035F19-
63035G00K;63035G00-
63035G09K;63035G09-
63035G19K;63035G19-
63035H00K;63035H000
63038A000;63038A000
63038A08-;63038A08-
63038A09K;63038A090
63038A10-;63038A10-
63038A19-;63038A19-
63038A200;63038A200
63038A29K;63038A29-
63038A300;63038A300
63038A390;63038A390
63038A40K;63038A400
63038A41K;63038A412
63038A599;63038A599
63038B000;63038B000
63038B01-;63038B01-
63038B09K;63038B090
63038B10-;63038B10-
63038B162;63038B162
63038B191;63038B191
63038B20-;63038B20-
63038B29K;63038B290
63038B30K;63038B300
63038B39K;63038B391
63038B400;63038B400
63038B482;63038B482
63038B491;63038B491
63038B582;63038B582
63038B59K;63038B591
63040A00K;63040A00-
63040A01K;63040A010
63040A02K;63040A02-
63040A02L;63040A02-
63040A03K;63040A030
63040A09K;63040A090
63040A09L;63040A090
63040A09M;63040A090
63040B00K;63040B00-
63040B01K;63040B012
63040B02K;63040B022
63040B08K;63040B081
63040B08L;63040B081
63040B09K;63040B091
63040C00K;63040C000
63040C01K;63040C01-
63040C02K;63040C022
63040C08K;63040C081
63040C09K;63040C091
63040C09L;63040C091
63040C18K;63040C182
63040C1AK;63040C1AJ
63040C1AL;63040C1AJ
63045A00-;63045A00-
63045A01-;63045A01-
63045A020;63045A020
63045A03-;63045A03-
63045A04-;63045A04-
63045A090;63045A090
63045A10-;63045A10-
63045A19-;63045A19-
63045A200;63045A200
63045A210;63045A210
63045A22-;63045A22-
63045A262;63045A262
63045A291;63045A291
63045A300;63045A300
63045A31K;63045A31-
63045A32-;63045A32-
63045A399;63045A399
63045A409;63045A409
63045A49-;63045A49-
63045A50K;63045A502
63045A899;63045A899
63045B00-;63045B00-
63045B01-;63045B01-
63045B0PK;63045B0PN
63045B100;63045B100
63045B11-;63045B11-
63045B190;63045B190
63045B300;63045B300
63045B312;63045B312
63045B363;63045B363
63045B364;63045B364
63045B39K;63045B391
63045C000;63045C000
63045C01-;63045C01-
63045C022;63045C022
63045C09K;63045C091
63045C363;63045C363
63046A00K;63046A00-
63046A09K;63046A09-
63046A10-;63046A10-
63046A11K;63046A11-
63046A12K;63046A12-
63046A18-;63046A18-
63046A19K;63046A19-
63046A20-;63046A20-
63046A29K;63046A29-
63046A37K;63046A372
63046A39K;63046A391
63046B00K;63046B000
63046B09K;63046B090
63046B10-;63046B10-
63046B19K;63046B19-
63046B29K;63046B29-
63046C000;63046C000
63046C09K;63046C090
63048A00-;63048A00-
63048A012;63048A012
63048A09K;63048A091
63048A09L;63048A091
63048A10K;63048A100
63048A11K;63048A11-
63048A1AK;63048A1AB
63048A1PK;63048A1PB
63048A2AK;63048A2AA
63048A2PK;63048A2PA
63048A49K;63048A49-
63048B00K;63048B000
63048B08K;63048B08-
63048B09K;63048B090
63048B09L;63048B090
63048B100;63048B100
63048B1AK;63048B1AA
63048B1PK;63048B1PA
63049A00-;63049A00-
63049A01K;63049A01-
63049A01L;63049A01-
63049A02K;63049A02-
63049A02L;63049A02-
63049A03K;63049A03-
63049A04K;63049A04-
63049A04L;63049A04-
63049A05K;63049A052
63049A08K;63049A083
63049A0MK;63049A0MA
63049A0PK;63049A0PA
63049B00K;63049B000
63049B09K;63049B090
63049B10-;63049B10-
63049B19-;63049B19-
63049B20-;63049B20-
63049B28-;63049B28-
63049B29-;63049B29-
63049B300;63049B300
63049B390;63049B390
63049B40K;63049B40-
63049B40L;63049B40-
63049B41K;63049B412
63049B49K;63049B491
63049B500;63049B500
63049B51K;63049B510
63049B59K;63049B591
63049B60K;63049B60-
63049B61K;63049B612
63049B70K;63049B700
63049B71K;63049B710
63049B79K;63049B79-
63049B80-;63049B80-
63049B89K;63049B89-
63049B91K;63049B912
63049B92K;63049B923
63049C000;63049C000
63049C01K;63049C01-
63049C02K;63049C02-
63049C03K;63049C032
63049C09K;63049C091
63049C09L;63049C091
63049C10K;63049C100
63049C19K;63049C19-
63049C20-;63049C20-
63049C29-;63049C29-
63049C30-;63049C30-
63049C31K;63049C31-
63049C39K;63049C39-
63057A000;63057A000
63057A09K;63057A090
63057A19K;63057A19-
63057A29-;63057A29-
63057A39K;63057A399
63057A40-;63057A40-
63057A41K;63057A41-
63057A49K;63057A49-
63057A49L;63057A49-
63057A58K;63057A58-
63057A59-;63057A59-
63057A69K;63057A69-
63057A71K;63057A712
63057A71L;63057A713
63057A79K;63057A791
63058A00-;63058A00-
63058A01-;63058A01-
63058A02K;63058A020
63058A02L;63058A020
63058A032;63058A032
63058A073;63058A073
63058A08K;63058A080
63058A08L;63058A080
63058A091;63058A091
63058A19-;63058A19-
63058A212;63058A212
63058A291;63058A291
63058A39-;63058A39-
63058A40-;63058A40-
63058A49-;63058A49-
63058A50K;63058A50-
63058A5AK;63058A5AA
63058A5PK;63058A5PA
63058A60K;63058A600
63058A69K;63058A690
63058B00K;63058B00-
63058B09K;63058B09-
63058B09L;63058B09-
63058C000;63058C000
63058C09K;63058C090
63058C09L;63058C090
63058C10K;63058C10-
63058C10L;63058C10-
63058C20K;63058C20-
63058C20L;63058C20-
63058C31K;63058C312
63058C39K;63058C391
63061A00K;63061A000
63061A01K;63061A01-
63061A02K;63061A020
63061A03K;63061A032
63061A08K;63061A081
63061A10-;63061A10-
63061A11-;63061A11-
63061A122;63061A122
63061A19K;63061A191
63061A19L;63061A191
63061A29K;63061A29-
63061A30-;63061A30-
63061A39K;63061A39-
63061A49K;63061A49-
63061B00K;63061B000
63061B01K;63061B012
63061B0AK;63061B0AA
63061B0MK;63061B0MA
63061B0PK;63061B0PA
63061B0PL;63061B0PA
63061B0PM;63061B0PA
63061B11K;63061B112
63061B19K;63061B191
63061C000;63061C000
63061C09K;63061C090
63061C19K;63061C19-
63061C29-;63061C29-
63067A00K;63067A00-
63067A01K;63067A01-
63067A02K;63067A02-
63067A03K;63067A030
63067A03L;63067A030
63067A04K;63067A04-
63067A05K;63067A05-
63067A07K;63067A072
63067A09K;63067A091
63067A09L;63067A091
63067A09M;63067A091
63067B30-;63067B30-
63067B391;63067B391
63067C00-;63067C00-
63067C01K;63067C01-
63067C09K;63067C09-
63067C10-;63067C10-
63067C19K;63067C191
63067C20-;63067C20-
63067C291;63067C291
63067C312;63067C312
63067D00-;63067D00-
63067D01K;63067D01-
63067D02K;63067D02-
63067D09K;63067D09-
63067D10K;63067D10-
63067D19K;63067D190
63067D20-;63067D20-
63067D262;63067D262
63067D29K;63067D291
63067D30-;63067D30-
63067D31K;63067D31-
63067D39K;63067D39-
63067D40-;63067D40-
63067D49K;63067D49-
63067D50-;63067D50-
63067D59K;63067D59-
63067D60-;63067D60-
63067D69K;63067D69-
63067E00-;63067E00-
63067E09-;63067E09-
63067E10-;63067E10-
63067E19K;63067E191
63067E19L;63067E191
63067E20-;63067E20-
63067E212;63067E212
63067E291;63067E291
63067E30K;63067E300
63067E39K;63067E390
63067E40K;63067E400
63067E41-;63067E41-
63067E42K;63067E42-
63067E49K;63067E490
63067E51K;63067E512
63067F003;63067F003
63067F00K;63067F001
63067F00L;63067F002
63067F012;63067F012
63067F02K;63067F023
63067F08K;63067F084
63067F091;63067F091
63072A00-;63072A00-
63072A01-;63072A01-
63072A02K;63072A02-
63072A02L;63072A02-
63072A04-;63072A04-
63072A05K;63072A05-
63072A08-;63072A08-
63072A100;63072A100
63072A112;63072A112
63072A19K;63072A191
63072A200;63072A200
63072A21K;63072A212
63072A29K;63072A290
63072A30-;63072A30-
63072A389;63072A389
63072A39K;63072A39-
63072A499;63072A499
63072A50-;63072A50-
63072A51K;63072A511
63072A59-;63072A59-
63072A689;63072A689
63072A694;63072A694
63073A00K;63073A00-
63073A01K;63073A010
63073A01L;63073A010
63073A02K;63073A020
63073A03K;63073A03-
63073A041;63073A041
63073A05K;63073A052
63073A08K;63073A080
63073A08L;63073A080
63073A08M;63073A080
63073A08O;63073A080
63073A19-;63073A19-
63073A20-;63073A20-
63073A29-;63073A29-
63073A30-;63073A30-
63073A39-;63073A39-
63073A40K;63073A40-
63073A41K;63073A410
63073A50K;63073A50-
63073A581;63073A581
63073A59-;63073A59-
63073A60K;63073A60-
63073A61-;63073A61-
63073A682;63073A682
63073A691;63073A691
63073A70K;63073A70-
63073A71-;63073A71-
63073A78-;63073A78-
63073A79-;63073A79-
63073A800;63073A800
63073A81-;63073A81-
63073A830;63073A830
63073A882;63073A882
63073A891;63073A891
63073A91K;63073A912
63073B002;63073B002
63073B00K;63073B001
63073B09K;63073B090
63073B10K;63073B10-
63073B162;63073B162
63073B19K;63073B191
63073B20-;63073B20-
63073B29K;63073B29-
63073B30K;63073B300
63073B36K;63073B362
63073B391;63073B391
63075A00K;63075A000
63075A01K;63075A012
63075A19-;63075A19-
63075A39K;63075A39-
63075B00K;63075B000
63075B00L;63075B000
63075B01K;63075B012
63075B09K;63075B091
63075B100;63075B100
63075B19K;63075B190
63075B20-;63075B20-
63075B29-;63075B29-
63075B300;63075B300
63075B31-;63075B31-
63075B39-;63075B39-
63075B40-;63075B40-
63075B49-;63075B49-
63075B50-;63075B50-
63075B58-;63075B58-
63075B59-;63075B59-
63075B60-;63075B60-
63075B61-;63075B61-
63075B62K;63075B62-
63075B69K;63075B69-
63075B70-;63075B70-
63075B79K;63075B79-
63075C00-;63075C00-
63075C01K;63075C01-
63075C09K;63075C09-
63075C19K;63075C19-
63075C20-;63075C20-
63075C29-;63075C29-
63075C30-;63075C30-
63075C39K;63075C39-
63075D00K;63075D00-
63075D07K;63075D072
63075D09K;63075D091
63075D109;63075D109
63075D190;63075D190
63075D209;63075D209
63075D290;63075D290
63075D30-;63075D30-
63075D31K;63075D310
63075D39-;63075D39-
63075E00-;63075E00-
63075E09K;63075E09-
63075E10-;63075E10-
63075E19K;63075E19-
63075E20K;63075E20-
63076A00-;63076A00-
63076A01-;63076A01-
63076A02K;63076A020
63076A03K;63076A030
63076A10K;63076A100
63076A10L;63076A100
63076A10M;63076A100
63076A11K;63076A110
63076A11L;63076A110
63076A12K;63076A123
63076A16K;63076A162
63076A18K;63076A181
63076A19K;63076A191
63076A28K;63076A28-
63076A299;63076A299
63076A40K;63076A40-
63076A49K;63076A49-
63076A50K;63076A50-
63076A51K;63076A51-
63076A69-;63076A69-
63076A700;63076A700
63076A71K;63076A710
63076A71L;63076A710
63076A78K;63076A780
63076A79K;63076A790
63076A80K;63076A800
63076A89K;63076A890
63076B00K;63076B00-
63076B062;63076B062
63076B09K;63076B091
63076B09L;63076B091
63076B09M;63076B091
63076B09O;63076B091
63076B10K;63076B10-
63076B20K;63076B201
63076B20L;63076B201
63076B30K;63076B300
63076C00K;63076C000
63076C01K;63076C012
63076C08K;63076C081
63076C09K;63076C09-
63076C19-;63076C19-
63076C20-;63076C20-
63076C29-;63076C29-
63076C3AK;63076C3AA
63076C3PK;63076C3PA
63076C40-;63076C40-
63076C462;63076C462
63076C49K;63076C491
63076C49L;63076C491
63079A00-;63079A00-
63079A01-;63079A01-
63079A02-;63079A02-
63079A03-;63079A03-
63079A04-;63079A04-
63079A101;63079A101
63079A11-;63079A11-
63079A172;63079A172
63079A19K;63079A190
63079A20K;63079A200
63079A21K;63079A21-
63079A30K;63079A30-
63079A31K;63079A311
63079A32K;63079A322
63079A40K;63079A40-
63079A41K;63079A41-
63079A42K;63079A42-
63079A50K;63079A50-
63079A60K;63079A600
63079A61K;63079A61-
63079A61L;63079A61-
63079A62K;63079A62-
63079B00K;63079B00-
63079B01K;63079B010
63079B02K;63079B022
63079B07K;63079B072
63079B09K;63079B091
63079B0AK;63079B0AJ
63079B10K;63079B10-
63079B11K;63079B11-
63079B20K;63079B201
63079B20L;63079B201
63079B21K;63079B212
63079B30K;63079B30-
63079B31-;63079B31-
63079B39K;63079B390
63079C001;63079C001
63079C01K;63079C011
63079C01L;63079C011
63079C02K;63079C022
63079C03K;63079C032
63079C03L;63079C032
63079C0AK;63079C0AA
63079C10K;63079C101
63079C11K;63079C112
63079C12K;63079C123
63079D31K;63079D312
63079D381;63079D381
63079D49K;63079D499
63079D4AK;63079D4AA
63079D4AL;63079D4AA
63079D4PK;63079D4PA
63079D91K;63079D910
63079E00K;63079E009
63079E01K;63079E01-
63079E03K;63079E030
63079E04K;63079E040
63079E05K;63079E052
63079E09K;63079E099
63079E09L;63079E099
63079F00K;63079F001
63079F01K;63079F012
63079F01L;63079F012
63079F072;63079F072
63079F09K;63079F091
63079F11K;63079F11-
63079F20K;63079F200
63079G00K;63079G00-
63079G01K;63079G010
63079G01L;63079G010
63079G02K;63079G02-
63079G072;63079G072
63079G081;63079G081
63079G09K;63079G090
63079G09L;63079G090
63079G19K;63079G19-
63079G29K;63079G29-
63080A00K;63080A000
63080A01K;63080A010
63080A02K;63080A02-
63080A032;63080A032
63080A09K;63080A091
63080A100;63080A100
63080A190;63080A190
63080A20-;63080A20-
63080A29-;63080A29-
63080A30-;63080A30-
63080A39-;63080A39-
63080A40-;63080A40-
63080A41-;63080A41-
63080A490;63080A490
63080A500;63080A500
63080A590;63080A590
63080A61K;63080A613
63080B00K;63080B00-
63080B01K;63080B012
63080B09K;63080B091
63080B100;63080B100
63080B112;63080B112
63080B191;63080B191
63080B20K;63080B200
63080B21K;63080B21-
63080B22K;63080B22-
63080B39-;63080B39-
63080C000;63080C000
63080C09-;63080C09-
63084A00K;63084A000
63084A03K;63084A030
63084A03L;63084A030
63084A03M;63084A030
63084A03O;63084A030
63084A040;63084A040
63084A07K;63084A070
63084A08K;63084A080
63084A4MK;63084A4MA
63084B00K;63084B000
63084B090;63084B090
63084B1JK;63084B1JA
63084B1PK;63084B1PA
63084B1PL;63084B1PA
63084B29-;63084B29-
63084B39-;63084B39-
63084B69K;63084B69-
63086A00K;63086A00-
63086A01K;63086A010
63086A01L;63086A012
63086A042;63086A042
63086A08K;63086A081
63086A08L;63086A081
63086A09K;63086A091
63086A09L;63086A091
63086A100;63086A100
63086A12-;63086A12-
63086A162;63086A162
63086A18K;63086A180
63086A191;63086A191
63086A20-;63086A20-
63086A29-;63086A29-
63086A30-;63086A30-
63086A39K;63086A39-
63086B00-;63086B00-
63086B01-;63086B01-
63086B09-;63086B09-
63086B10-;63086B10-
63086B19-;63086B19-
63086B20-;63086B20-
63086B29-;63086B29-
63086B30-;63086B30-
63086B31-;63086B31-
63086B32K;63086B32-
63086B39-;63086B39-
63086B400;63086B400
63086B490;63086B490
63086B50-;63086B50-
63086B52-;63086B52-
63086B563;63086B563
63086B582;63086B582
63086B591;63086B591
63086B60-;63086B60-
63086B69-;63086B69-
63086C00-;63086C00-
63086C09-;63086C09-
63086C10-;63086C10-
63086C19-;63086C19-
63087A00-;63087A00-
63087A09-;63087A09-
63087A100;63087A100
63087A190;63087A190
63087A200;63087A200
63087A29K;63087A290
63087A30K;63087A300
63087A390;63087A390
63087A400;63087A400
63087A490;63087A490
63087A50-;63087A50-
63087A590;63087A590
63087A60-;63087A60-
63087A61K;63087A61-
63087A69K;63087A69-
63087A70-;63087A70-
63087A79-;63087A79-
63087B000;63087B000
63087B010;63087B010
63087B02K;63087B02-
63087B032;63087B032
63087B09K;63087B091
63087B09L;63087B091
63087B10-;63087B10-
63087B19-;63087B19-
63087B20K;63087B20-
63087B22K;63087B22-
63087B300;63087B300
63087B39K;63087B39-
63087B40-;63087B40-
63087B49-;63087B49-
63087B50-;63087B50-
63087B59-;63087B59-
63087B60-;63087B60-
63087B61K;63087B61-
63087B69K;63087B69-
63087B70-;63087B70-
63087B79-;63087B79-
63087B80-;63087B80-
63087B89-;63087B89-
63088A00K;63088A000
63088A01K;63088A012
63088A022;63088A022
63088A06K;63088A062
63088A08K;63088A081
63088A09K;63088A091
63088A10K;63088A100
63088A19K;63088A190
63088A29-;63088A29-
63088A363;63088A363
63088A39K;63088A391
63088B00-;63088B00-
63088B01K;63088B012
63088B02K;63088B023
63088B09K;63088B091
63088B09L;63088B091
63088B09M;63088B091
63088B10K;63088B100
63088B19K;63088B190
63088C00K;63088C000
63088C09K;63088C090
63088C19K;63088C19-
63088C20K;63088C200
63088C2MK;63088C2MA
63088C30K;63088C300
63088C39K;63088C390
63088D000;63088D000
63088D01K;63088D012
63088D09K;63088D091
63088D19-;63088D19-
63088D20K;63088D20-
63088D29K;63088D29-
63088E00K;63088E000
63088E09K;63088E090
63089A00K;63089A000
63089A08K;63089A080
63089A09K;63089A09-
63089A19-;63089A19-
63089A20K;63089A200
63089A2AK;63089A2AA
63089B00K;63089B00-
63089B0AA;63089B0AA
63089B0PK;63089B0PA
63089B0PL;63089B0PA
63089B0PM;63089B0PA
63089B10-;63089B10-
63089B18-;63089B18-
63089B19-;63089B19-
63089B29-;63089B29-
63089B39-;63089B39-
64008A00K;64008A000
64008A09K;64008A09-
64008B000;64008B000
64008B09K;64008B09-
64008B10-;64008B10-
64008B19K;64008B19-
64008C000;64008C000
64008C010;64008C010
64008C09K;64008C09-
64015A00-;64015A00-
64015A09-;64015A09-
64015A10-;64015A10-
64015A19-;64015A19-
64015B00-;64015B00-
64015B0PP;64015B0PP
64015C00-;64015C00-
64015C01-;64015C01-
64015C082;64015C082
64015C091;64015C091
64015D00-;64015D00-
64015D080;64015D080
64015D10-;64015D10-
64015D180;64015D180
64015E00-;64015E00-
64015E01-;64015E01-
64015E082;64015E082
64015E091;64015E091
64015F00K;64015F00-
64015F09K;64015F09-
64015G00-;64015G00-
64015G09-;64015G09-
64015H00K;64015H00-
64015H09K;64015H09-
64015H09L;64015H09-
64021A00K;64021A000
64021A00L;64021A099
64021A10K;64021A10-
64021A10L;64021A099
64021A30K;64021A300
64021A39K;64021A499
64021A40K;64021A40-
64021A49K;64021A499
64021A50K;64021A500
64021A50L;64021A099
64023A00K;64023A00-
64023A09K;64023A09-
64023A09L;64023A09-
64023B00K;64023B00-
64023B09K;64023B09-
64023C000;64023C000
64023C09-;64023C09-
64023D000;64023D000
64023D01-;64023D01-
64023D09K;64023D09-
64023D09L;64023D09-
64025A00-;64025A00-
64025A01K;64025A010
64025A09K;64025A099
64025A10K;64025A10-
64025A11K;64025A011
64025A20K;64025A20-
64025A30K;64025A300
64025A3PN;64025A3PN
64025A49K;64025A499
64029A00-;64029A00-
64029A012;64029A012
64029A09K;64029A091
64029B00-;64029B00-
64029B09-;64029B09-
64029B19-;64029B19-
64029C00-;64029C00-
64029C09K;64029C09-
64029D00-;64029D00-
64029D09-;64029D09-
64029E00-;64029E00-
64029E01K;64029E01-
64029E0PK;64029E0PN
64029F00-;64029F00-
64029F0PN;64029F0PN
64029G00-;64029G00-
64029G09-;64029G09-
64034A00-;64034A00-
64034A01K;64034A010
64034A02K;64034A02-
64034A03K;64034A03-
64034A04K;64034A04-
64034A05K;64034A052
64034A0AK;64034A0AA
64034B00K;64034B000
64034B09K;64034B090
64034C00K;64034C00-
64034C09K;64034C099
64034D00-;64034D00-
64034D09K;64034C099
64034E00-;64034E00-
64034E09K;64034C099
64034F00-;64034F00-
64034F09K;64034H099
64034G00-;64034G00-
64034H000;64034H000
64034H09K;64034H099
64034J00K;64034J00-
64034J09K;64034J090
64034K00K;64034K00-
64034K01K;64034K01-
64034K09K;64034K09-
64034K09L;64034K09-
64034L00-;64034L00-
64034L09K;64034L09-
64034M00-;64034M00-
64034M09-;64034M09-
64034N000;64034N000
64034N01-;64034N01-
64034N022;64034N022
64034N091;64034N091
64034P00K;64034P00-
64034P01-;64034P01-
64034P09K;64034P09-
64034R00-;64034R00-
64034R09-;64034R09-
64034S00K;64034S00-
64034S09K;64034S099
64034S09L;64034S099
64034S09M;64034S099
64034S10-;64034S10-
64034S20-;64034S20-
64047A001;64047A001
64047A01-;64047A01-
64047A022;64047A022
64047A09-;64047A09-
64047B00-;64047B00-
64047B09-;64047B09-
64047C00K;64047C000
64047C09K;64047C090
64056A00K;64056A000
64056A00L;64056A000
64056A01K;64056A399
64056A09K;64056A099
64056A10K;64056A10-
64056A20K;64056A20-
64056A21K;64056A211
64056A30K;64056A30-
64056A39K;64056A399
64056A40K;64056A40-
64056A41K;64056A41-
6406310PK;6406310PQ
6406320PQ;6406320PQ
64063A00K;64063A009
64063A00L;64063A009
64063A00M;64063A009
64063A09K;64063A099
64063A09L;64063A099
64063B00K;64063B000
64063B09K;64063B099
64063C00K;64063C00-
64063C0PK;64063C0PN
64063D00-;64063D00-
64063D082;64063D082
64063D091;64063D091
64063E00K;64063E000
64063E09K;64063E090
64065A00-;64065A00-
64065A09K;64065A090
64065A1PK;64065A1PP
64065A20K;64065A200
64065A20L;64065A200
64065A21K;64065A210
64065A22K;64065A220
64065A29K;64065A290
64065A29L;64065A290
64065A29M;64065A290
64065A30K;64065A300
64065A39K;64065A390
64065A400;64065A400
64065A490;64065A490
64065A59-;64065A59-
64065A67K;64065A67-
6407410PK;6407410PQ
64074A00K;64074A00-
64074A01K;64074A011
64074A03K;64074A030
64074A072;64074A072
64074A0AK;64074A0AA
64074A0PK;64074A0PA
64074A10K;64074A10-
64074A20K;64074A201
64074A20L;64074A201
64074A21K;64074A212
64074A21L;64074A212
64074A28K;64074A289
64074A30K;64074A302
64074A30L;64074A302
64074B000;64074B000
64074B09K;64074B099
64074C00-;64074C00-
64074C09K;64074B099
64074C0PK;64074C0PN
64074D00K;64074D000
64074D01K;64074D013
64074E00K;64074E00-
64074E090;64074E090
64074F00K;64074F00-
64074G00-;64074G00-
64074G001;64074G001
64074G09K;64074B099
64075A00K;64075A00-
64075A06K;64075A062
64075A09K;64075A091
64075A09L;64075A091
64075B00-;64075B00-
64075B01-;64075B01-
64075B09K;64075B09-
64075B09L;64075B09-
64075C000;64075C000
64075C09K;64075C09-
64075D00K;64075D00-
64075D09K;64075D09-
64076A00K;64076A00-
64076A01-;64076A01-
64076A02K;64076A02-
64076A09K;64076A09-
64076A10K;64076A100
64076A10L;64076A100
64076A19K;64076A190
64076B00K;64076B000
64076B09K;64076C099
64076C00-;64076C00-
64076C09K;64076C099
64076D00K;64076D00-
64076D09K;64076D09-
64076E000;64076E000
64076E09-;64076E09-
71002A00K;71002A00-
71002A00L;71002A00-
71002A01K;71002A01-
71002A04K;71002A042
71002A05K;71002A053
71002A08K;71002A084
71002A09K;71002A091
71002A10K;71002A101
71002A10L;71002A101
71002A112;71002A112
71002A21K;71002A21-
71002A22K;71002A225
71002A28K;71002A286
71002B00K;71002B000
71002B012;71002B012
71002B08K;71002B084
71002B09K;71002B091
7100410PK;7100410PQ
7100410PL;7100410PQ
71004A00K;71004A001
71004A01K;71004A010
71004A02K;71004A02-
71004A03K;71004A032
71004A04K;71004A043
71004A07K;71004A071
71004A08K;71004A080
71004A21K;71004A212
71004B00K;71004B00-
71004B01K;71004B011
71004B02K;71004B022
71004B02L;71004B022
71004B03K;71004B030
71004B04K;71004B043
71004B05K;71004B054
71004B08-;71004B08-
71004B09K;71004B09-
71004B10K;71004B10-
71004B11K;71004B111
71004B11L;71004B111
71004B17-;71004B17-
71004B18K;71004B18-
71004B19-;71004B19-
71004B20K;71004B20-
71004B22K;71004B220
71004B29K;71004B29-
71004B29L;71004B29-
71004B31K;71004B31-
71004B37K;71004B37-
71004C00K;71004C001
71004C01K;71004C01-
71004C02K;71004C022
71004C03K;71004C033
71004C04K;71004C042
71004C05K;71004C053
71004C08K;71004C08-
71004C08L;71004C08-
71004C11K;71004C110
71004C12K;71004C124
71004C132;71004C132
71004C191;71004C191
71004C20K;71004C20-
71004C2MK;71004C2MJ
71004C2ML;71004C2MJ
71004C30K;71004C301
71004C31K;71004C312
71004C333;71004C333
71004C39K;71004C391
71004C41K;71004C41-
71004C41L;71004C41-
71004D001;71004D001
71004D01K;71004D01-
71004D01L;71004D012
71004D01M;71004D012
71004D022;71004D022
71004D091;71004D091
71004D0AK;71004D0AJ
71004D0AL;71004D0AJ
71004D100;71004D100
71004D19K;71004D190
71004D20K;71004D20-
71004D29K;71004D294
71011A00K;71011A001
71011A01K;71011A012
71011A03K;71011A032
71011A03L;71011A032
71011A043;71011A043
71011A09K;71011A091
71011A0MK;71011A0MA
71011A0PK;71011A0PA
71011A10K;71011A10-
71011A11K;71011A115
71011A20-;71011A20-
71011A21K;71011A211
71011A29K;71011A291
71011A30K;71011A30-
71011A31K;71011A31-
71011A32K;71011A322
71011A39K;71011A393
71011A490;71011A490
71011A587;71011A587
71011A598;71011A598
71011A60K;71011A604
71011A60L;71011A604
71011A62K;71011A622
71011A695;71011A695
71011A796;71011A796
71016A001;71016A001
71016A010;71016A010
71016A02K;71016A02-
71016A02L;71016A02-
71016A02M;71016A02-
71016A03-;71016A03-
71016A04-;71016A04-
71016A08K;71016A081
71016A0MA;71016A0MA
71016A0PA;71016A0PA
71016A20-;71016A20-
71016A210;71016A210
71016A292;71016A292
71016A300;71016A300
71016A31K;71016A310
71016A37K;71016A370
71016A391;71016A391
71016A41K;71016A41-
71016A42-;71016A42-
71016A432;71016A432
71016A490;71016A490
71016A4AB;71016A4AB
71016A4OK;71016A4OB
71016A50K;71016A500
71016A51-;71016A51-
71016A512;71016A512
71016A579;71016A579
71016A59K;71016A590
71016A600;71016A600
71016A70K;71016A700
71016A71-;71016A71-
71016A72K;71016A723
71016A734;71016A734
71016A775;71016A775
71016A791;71016A791
71016A800;71016A800
71016A882;71016A882
71016A890;71016A890
71016A912;71016A912
71016B083;71016B083
71016B11-;71016B11-
71016B17-;71016B17-
71016B191;71016B191
71016B1AB;71016B1AB
71016B1BK;71016B1BB
71016B1CK;71016B1CB
71016B20K;71016B201
71016B20L;71016B201
71016B20M;71016B201
71016B22K;71016B220
71016B22L;71016B222
71016B23K;71016B233
71016B242;71016B242
71016B27K;71016B273
71016B29K;71016B29-
71016B29L;71016B29-
71016B29M;71016B29-
71016B2AA;71016B2AA
71016B2BA;71016B2BA
71017A00K;71017A001
71017A09K;71017A090
71017B00K;71017B00-
71017B09K;71017B09-
71017B09L;71017B09-
71017C09K;71017C09-
71017C09L;71017C09-
71017D00K;71017D00-
71017D09K;71017D09-
71017D09L;71017D09-
71017E00K;71017E00-
71017E09K;71017E09-
71017F00K;71017F000
71017F09K;71017F09-
71017G00K;71017G00-
71017G09K;71017G09-
71017H00K;71017H001
71017H09K;71017H091
71017J00K;71017J000
71017J09K;71017J099
71017K00K;71017K00-
71017K09K;71017K09-
71017L00K;71017L00-
71017L09K;71017L09-
71020A00K;71020A001
71020A00L;71020A001
71020A01K;71020A012
71020A08K;71020A082
71020A09K;71020A091
71020A10K;71020A10-
71020A18K;71020A182
71020A19K;71020A191
71020A20K;71020A200
71020A29K;71020A29-
71020A3MK;71020A3MA
71020A3PK;71020A3PA
71020A3PL;71020A3PA
71020B00K;71020B000
71020B01K;71020B010
71020B01L;71020B010
71020B08K;71020B08-
71020B09K;71020B091
71020B09L;71020B091
71020B192;71020B192
71022A001;71022A001
71022A01K;71022A011
71022A01L;71022A011
71022A01M;71022A011
71022A02K;71022A021
71022A02L;71022A021
71022A03K;71022A032
71022A04K;71022A042
71022A052;71022A052
71022A070;71022A070
71022A0MK;71022A0MJ
71022A10K;71022A101
71022A11K;71022A112
71022A201;71022A201
71022A212;71022A212
71022A2MK;71022A2MJ
71022A30K;71022A301
71022A31K;71022A312
71022A31L;71022A312
71022A31M;71022A312
71022A32K;71022A32-
71022A32L;71022A32-
71022A33K;71022A33-
71022A39K;71022A39-
71022A40K;71022A401
71022A40L;71022A401
71022A41K;71022A412
71022A41L;71022A412
71022A41M;71022A412
71022A41O;71022A412
71022A42K;71022A423
71022A4MK;71022A4MJ
71022A50K;71022A501
71022A50L;71022A501
71022A50M;71022A501
71022A50O;71022A501
71022A51K;71022A512
71022A51L;71022A512
71022A59K;71022A591
71022A59L;71022A591
71022A59M;71022A591
71022A5AK;71022A5AB
71022A5MK;71022A5MB
71022A60K;71022A601
71022A61K;71022A612
71022A62K;71022A629
71022A68K;71022A682
71022A70K;71022A702
71022A71K;71022A712
71022A72K;71022A723
71022A78K;71022A781
71022A78L;71022A781
71022A78M;71022A781
71022A78O;71022A781
71022A79K;71022A791
71022A82K;71022A822
71022A89K;71022A891
71022A90K;71022A901
71022A90L;71022A901
71022A91K;71022A912
71022A9AA;71022A9AA
71022A9MK;71022A9MA
71022A9PK;71022A9PA
71022A9PL;71022A9PA
71022B00K;71022B00-
71022B09-;71022B09-
71022C00K;71022C001
71022C01K;71022C012
71022C03K;71022C03-
71022C080;71022C080
71022C09K;71022C091
71022C192;71022C192
71022D00K;71022D00-
71022D00L;71022D00-
71022D00M;71022D00-
71022D012;71022D012
71022D09K;71022D099
71022D10K;71022D10-
71022D20K;71022D20-
71022D29K;71022D29-
71022D30-;71022D30-
71022D39-;71022D39-
71022D40K;71022D40-
71022D40L;71022D40-
71022D41K;71022D412
71022D49K;71022D49-
71022D51K;71022D511
71022E00K;71022E00-
71022E01K;71022E012
71022E08K;71022E081
71022E0AK;71022E0AA
71022E0PK;71022E0PA
71022F00K;71022F00-
71022F01K;71022F011
71022F020;71022F020
71022F03K;71022F032
71022F08K;71022F081
71022F09K;71022F09-
71022F192;71022F192
71022G00K;71022G000
71022G09K;71022G09-
71022G0AA;71022G0AA
71022G0PK;71022G0PA
71022H00K;71022H000
71022H01K;71022H011
71022H02K;71022H022
71022H03K;71022H033
71022H08K;71022H082
71022H09K;71022H091
71022H19K;71022H193
71024A00K;71024A00-
71024A00L;71024A00-
71024A01K;71024A01-
71024A01L;71024A01-
71024A022;71024A022
71024A07K;71024A073
71024A07L;71024A073
71024A089;71024A089
71024A091;71024A091
71024A10K;71024A10-
71024A112;71024A112
71024A18K;71024A183
71024A19K;71024A191
71024B00-;71024B00-
71024B012;71024B012
71024B083;71024B083
71024B091;71024B091
71024C00K;71024C00-
71024C01K;71024C010
71024C022;71024C022
71024C089;71024C089
71024C091;71024C091
71024C18K;71024C182
71024C191;71024C191
71024D00K;71024D00-
71024D01K;71024D012
71024D01L;71024D012
71024D083;71024D083
71024D091;71024D091
71034A00-;71034A00-
71034A011;71034A011
71034A021;71034A021
71034A032;71034A032
71034A043;71034A043
71034A052;71034A052
71034A08-;71034A08-
71034A09-;71034A09-
71034A10-;71034A10-
71034B001;71034B001
71034B012;71034B012
71034B023;71034B023
71034B034;71034B034
71034B090;71034B090
71034B10-;71034B10-
71034B112;71034B112
71034B191;71034B191
71037A001;71037A001
71037A012;71037A012
71037A023;71037A023
71037A082;71037A082
71037A0AB;71037A0AB
71037A0PB;71037A0PB
71037A10-;71037A10-
71037A19-;71037A19-
71037A20-;71037A20-
71037A29-;71037A29-
71037A30K;71037A30-
71037A382;71037A382
71037A39-;71037A39-
71037A40-;71037A40-
71037A412;71037A412
71037A473;71037A473
71037A484;71037A484
71037A491;71037A491
71037A582;71037A582
71037A591;71037A591
71037A691;71037A691
71037A7MA;71037A7MA
71037A7PA;71037A7PA
71037A89-;71037A89-
71037B000;71037B000
71037B082;71037B082
71037B091;71037B091
71037C000;71037C000
71037C012;71037C012
71037C083;71037C083
71037C091;71037C091
71037C10-;71037C10-
71037C19-;71037C19-
71045A00K;71045A000
71045A09K;71045A091
71045A09L;71045A091
71045B00K;71045B000
71045B09K;71045B090
71045C00-;71045C00-
71045C082;71045C082
71045C091;71045C091
71045D00K;71045D000
71045D09K;71045D090
71047A00-;71047A00-
71047A010;71047A010
71047A022;71047A022
71047A033;71047A033
71047A04K;71047A044
71047A086;71047A086
71047A0AA;71047A0AA
71047A0PA;71047A0PA
71047A10K;71047A100
71047A191;71047A191
71047A200;71047A200
71047A212;71047A212
71047A27K;71047A275
71047A29K;71047A291
71053A00K;71053A001
71053A01K;71053A011
71053A02K;71053A021
71053A05K;71053A052
71053A07K;71053A072
71053A08K;71053A080
71053A08L;71053A080
71053A09K;71053A091
71053A10K;71053A100
71053A19K;71053A199
71053A19L;71053A199
71053A19M;71053A199
71053A19O;71053A199
71053A19Z;71053A199
71053A21K;71053A213
71053A22K;71053A225
71053A28K;71053A282
71053A29K;71053A291
71053A29L;71053A291
71053A30K;71053A302
71053A31K;71053A312
71053A32K;71053A323
71053A41K;71053A413
71053A42K;71053A424
71053A42L;71053A424
71053A50K;71053A500
71053A52K;71053A525
71053A53K;71053A532
71053A69K;71053A693
71053B00K;71053B000
71053B18K;71053B180
71053C00K;71053C000
71053C09K;71053C090
71053D00K;71053D00-
71053D09K;71053D09-
71053E00K;71053E000
71053E09K;71053E09-
71053F00K;71053F00-
71053F09K;71053F09-
71053G00K;71053G000
71053G02K;71053G022
71053G08K;71053G08-
71053G09K;71053G090
71053G09L;71053G090
71053G29K;71053G299
71053G39K;71053G390
71053H00K;71053H001
71053H01K;71053H012
71053H09K;71053H090
71053J00K;71053J001
71053J01K;71053J01-
71053J09K;71053J091
71053J19K;71053J195
71053K00K;71053K00-
71053K09K;71053K091
71053L00K;71053L001
71053M00K;71053M001
71053M09K;71053M099
71053M09L;71053M099
71053N00K;71053N000
71053N09K;71053N09-
71053P00K;71053P00-
71053P09K;71053P09-
71053R00K;71053R000
71053R09K;71053R091
71057A00K;71057A000
71057A01K;71057A011
71057A02K;71057A021
71057A03K;71057A031
71057A04K;71057A042
71057A04L;71057A042
71057A04M;71057A042
71057A052;71057A052
71057A07K;71057A070
71057A08K;71057A080
71057A0AJ;71057A0AJ
71057A10K;71057A101
71057A11K;71057A112
71057A12K;71057A123
71057A17K;71057A170
71057A18K;71057A184
71057A19K;71057A191
71057A20K;71057A20-
71057A20L;71057A20-
71057A29K;71057A291
71057A29L;71057A291
71057A30K;71057A30-
71057A30L;71057A30-
71057A39-;71057A39-
71057A41-;71057A41-
71057A491;71057A491
71057A51K;71057A512
71066A00K;71066A001
71066A00L;71066A001
71066A01K;71066A012
71066A03K;71066A033
71066A03L;71066A033
71066A055;71066A055
71066A0AK;71066A0AA
71066A0BK;71066A0BJ
71066A10K;71066A101
71066A11K;71066A11-
71066A12K;71066A122
71066A18K;71066A182
71066A21K;71066A213
71066A22K;71066A224
71066A28K;71066A282
71066A29K;71066A291
71066A29L;71066A291
71066A30K;71066A30-
71066A39K;71066A391
71066A40K;71066A40-
71066A40L;71066A40-
71066A40M;71066A40-
71066A49K;71066A49-
71066A51K;71066A515
71066A59K;71066A593
71066A61K;71066A61-
71066A79K;71066A795
71066B59K;71066B597
71067A00K;71067A001
71067A00L;71067A001
71067A00M;71067A001
71067A01K;71067A012
71067A02K;71067A022
71067A03K;71067A033
71067A074;71067A074
71067A08K;71067A085
71067A09K;71067A091
71067A09L;71067A091
71067A10K;71067A100
71067A10L;71067A100
71067A19K;71067A190
71067A21K;71067A216
71067A22K;71067A227
71067A298;71067A298
71069A00K;71069A001
71069A01K;71069A01-
71069A08K;71069A080
71069A09K;71069A091
71069A11K;71069A112
71069A163;71069A163
71069A194;71069A194
71069B00K;71069B001
71069B01K;71069B01-
71069B02K;71069B022
71069B09K;71069B091
71069B10K;71069B10-
71069B19K;71069B191
71069B19L;71069B191
71069B19M;71069B191
71069B20K;71069B203
71069B393;71069B393
71070A00K;71070A001
71070A00L;71070A001
71070A00M;71070A001
71070A010;71070A010
71070A081;71070A081
71070A10K;71070A100
71070A11K;71070A112
71070A18K;71070A182
71070A19K;71070A190
71070A19L;71070A190
71070A20K;71070A201
71070A20L;71070A201
71070A30K;71070A301
71070A31K;71070A313
71070A38K;71070A381
71070A39K;71070A392
71070A40K;71070A402
71070A40L;71070A402
71070A41K;71070A412
71070A48K;71070A483
71070A49K;71070A490
71070B00K;71070B001
71070B00L;71070B001
71070B01K;71070B010
71070B020;71070B020
71070B03K;71070B032
71070B04K;71070B042
71070B05K;71070B052
71070B083;71070B083
71070B09K;71070B091
71070B0MA;71070B0MA
71070B0PK;71070B0PA
71070B0PL;71070B0PA
71070B10K;71070B100
71070B10L;71070B100
71070B11K;71070B112
71070B18K;71070B182
71070B19K;71070B191
71070B20K;71070B201
71070B22K;71070B221
71070B272;71070B272
71070B28K;71070B282
71070B293;71070B293
71070B30K;71070B300
71070B37K;71070B37-
71070B40K;71070B400
71070B490;71070B490
71070B50K;71070B500
71070B51K;71070B514
71070B525;71070B525
71070B58K;71070B586
71070B59K;71070B591
72003A00K;72003A00-
72003A00L;72003A00-
72003A00M;72003A00-
72003A00O;72003A00-
72003A01K;72003A012
72003A09K;72003A091
72003A10K;72003A100
72003A16K;72003A162
72003A19K;72003A191
72003A19L;72003A191
72003A20K;72003A20-
72003A21K;72003A212
72003A22K;72003A223
72003A29G;72003A291
72003A29H;72003A291
72003A29K;72003A291
72003A29L;72003A291
72003A29M;72003A291
72003A29O;72003A291
72003A29X;72003A291
72003A29Y;72003A291
72003A29Z;72003A291
72003B00K;72003B00-
72003B06K;72003B062
72003B08K;72003B083
72003B0PK;72003B0PN
72003C00K;72003C00-
72003C00L;72003C00-
72003C00M;72003C00-
72003C01K;72003C012
72003C02K;72003C023
72003C034;72003C034
72003C07K;72003C07-
72003C07L;72003C07-
72003C09K;72003C091
72003C09L;72003C091
72003C09M;72003C091
7200411AK;7200411AQ
72004A00-;72004A00-
72004A011;72004A011
72004A02K;72004A021
72004A02L;72004A021
72004A03K;72004A032
72004A04K;72004A043
72004A05K;72004A052
72004A08K;72004A081
72004A08L;72004A081
72004A09K;72004A091
72004A09L;72004A091
72004A09M;72004A091
72004A100;72004A100
72004A112;72004A112
72004A18K;72004A182
72004A18L;72004A182
72004A19K;72004A191
72004A20K;72004A20-
72004A28K;72004A282
72004A29K;72004A291
72004A3MK;72004A3MA
72004A3PK;72004A3PA
72004A40K;72004A403
72004A49K;72004A492
72004A50K;72004A504
72004A61K;72004A612
72004A61L;72004A612
72004A62K;72004A623
72004B00K;72004B00-
72004B09K;72004B090
72004C00K;72004C00-
72004C01K;72004C012
72004C09K;72004C091
72018A00K;72018A001
72018A01K;72018A01-
72018A02K;72018A022
72018A02L;72018A022
72018A09K;72018A09-
72018B00K;72018B001
72018B01K;72018B012
72018B023;72018B023
72018B08K;72018B082
72018B08L;72018B082
72018B09K;72018B091
72018C00K;72018C001
72018C01K;72018C012
72018C08K;72018C08-
72018C09K;72018C09-
72018D00K;72018D001
72018D00L;72018D001
72018D02K;72018D02-
72018D032;72018D032
72018D063;72018D063
72018D08K;72018D082
72018D08L;72018D082
72018D09K;72018D091
72018D10K;72018D10-
72018D19K;72018D190
72020A00K;72020A001
72020A00L;72020A001
72020A00M;72020A001
72020A01K;72020A012
72020A02K;72020A023
72020A031;72020A031
72020A04K;72020A044
72020A04L;72020A044
72020A052;72020A052
72020A081;72020A081
72020A091;72020A091
72020A10K;72020A100
72020A10L;72020A100
72020A200;72020A200
72020A262;72020A262
72020A270;72020A270
72020A291;72020A291
72020A30K;72020A30-
72020A31K;72020A312
72020A32K;72020A323
72020A383;72020A383
72020A39K;72020A391
72020A39L;72020A391
72020A40-;72020A40-
72020A42K;72020A422
72020A433;72020A433
72020A471;72020A471
72020A48K;72020A481
72020A492;72020A492
72020A500;72020A500
72020A513;72020A513
72020A520;72020A520
72020A585;72020A585
72020A594;72020A594
72020A60K;72020A60-
72020A612;72020A612
72020A623;72020A623
72020A66K;72020A664
72020A69K;72020A691
72020A701;72020A701
72020A712;72020A712
72020A792;72020A792
72020A815;72020A815
72020A82K;72020A826
72020A82L;72020A826
72020A837;72020A837
72020A843;72020A843
72020A87K;72020A872
72020A88K;72020A884
72020A89K;72020A895
72021A00K;72021A00-
72021A01K;72021A01-
72021A02K;72021A020
72021A03K;72021A03-
72021A04K;72021A042
72021A05K;72021A053
72021A08K;72021A082
72021A09K;72021A091
72021A10K;72021A101
72021A11K;72021A112
72021A16K;72021A162
72021A17K;72021A173
72021A18K;72021A181
72021A20K;72021A20-
72021A29K;72021A291
72021A30K;72021A301
72021A31K;72021A312
72021A32K;72021A322
72021A3MK;72021A3MA
72021A3PK;72021A3PA
72021B00K;72021B001
72021B01K;72021B011
72021B02K;72021B022
72021B02L;72021B022
72021B03K;72021B032
72021B04K;72021B042
72021B09K;72021B091
72021B10K;72021B100
72021B18K;72021B184
72021B19K;72021B191
72021B20K;72021B20-
72021B21K;72021B215
72021B29K;72021B29-
72021B39K;72021B39-
72021C00K;72021C000
72021C01K;72021C012
72021C08K;72021C083
72021C08L;72021C083
72021C09K;72021C091
72021C19K;72021C19-
72021C20K;72021C201
72021C21K;72021C212
72021C22K;72021C222
72021C29K;72021C291
72025A00K;72025A00-
72025A01K;72025A01-
72025A022;72025A022
72025A09K;72025A09-
72025A0PK;72025A0PA
72025A10K;72025A101
72025A10L;72025A101
72025A11K;72025A112
72025A12K;72025A123
72025A19K;72025A191
72025A20K;72025A202
72025A20L;72025A202
72025A29K;72025A291
72025A29L;72025A291
72025B00K;72025B00-
72025B01K;72025B01-
72025B08K;72025B08-
72025B08L;72025B08-
72025B08M;72025B08-
72025B09K;72025B09-
72029A000;72029A000
72029A010;72029A010
72029A02K;72029A020
72029A03K;72029A03-
72029A04K;72029A042
72029A083;72029A083
72029A09K;72029A091
72029A09L;72029A091
72029A20-;72029A20-
72029A21K;72029A210
72029A27K;72029A272
72029A29K;72029A291
72029A30K;72029A30-
72029A31K;72029A312
72029A31L;72029A312
72029A39K;72029A391
72029A49-;72029A49-
72029A59K;72029A59-
72030A00-;72030A00-
72030A01K;72030A011
72030A02K;72030A021
72030A03K;72030A032
72030A04K;72030A042
72030A04L;72030A042
72030A08K;72030A081
72030A0MA;72030A0MA
72030A0PK;72030A0PA
72030A0PL;72030A0PA
72030A11K;72030A112
72030A12K;72030A123
72030A12L;72030A123
72030A20K;72030A20-
72030A212;72030A212
72030A28K;72030A283
72030A28L;72030A283
72030A29K;72030A291
72030A30K;72030A30-
72030A312;72030A312
72030A39K;72030A391
72030A39L;72030A391
72030B00K;72030B00-
72030B01K;72030B012
72030B08-;72030B08-
72030B09K;72030B091
72030B09L;72030B091
72030C00K;72030C000
72030C00L;72030C000
72030C06K;72030C062
72030C08K;72030C082
72030C08L;72030C082
72030C09K;72030C091
72030C09L;72030C091
72030C18K;72030C181
72030C18L;72030C181
72030D00K;72030D00-
72030D00L;72030D00-
72030D01-;72030D01-
72030D02K;72030D022
72030D08K;72030D081
72030D09K;72030D09-
72037A001;72037A001
72037A01K;72037A01-
72037A01L;72037A01-
72037A03K;72037A032
72037A03L;72037A032
72037A04K;72037A042
72037A09K;72037A091
72037A09L;72037A091
72037A0MK;72037A0MA
72037A0PK;72037A0PA
72037A18K;72037A182
72037A19-;72037A19-
72037B00K;72037B001
72037B00L;72037B001
72037B01K;72037B012
72037B09K;72037B091
72037B10K;72037B10-
72037B11K;72037B11-
72037B182;72037B182
72037B19K;72037B191
72037B19L;72037B191
72038A00K;72038A001
72038A012;72038A012
72038A023;72038A023
72038A034;72038A034
72038A042;72038A042
72038A052;72038A052
72038A081;72038A081
72038A091;72038A091
72038A19-;72038A19-
72038A203;72038A203
72038A265;72038A265
72038A296;72038A296
72038B00-;72038B00-
72038B01-;72038B01-
72038B023;72038B023
72038B062;72038B062
72038B08-;72038B08-
72038B091;72038B091
72038B102;72038B102
72038B181;72038B181
72038B19-;72038B19-
72038B262;72038B262
72038B281;72038B281
72038B39-;72038B39-
72039A00K;72039A000
72039A00L;72039A000
72039A011;72039A011
72039A02K;72039A02-
72039A02L;72039A02-
72039A032;72039A032
72039A07K;72039A070
72039A080;72039A080
72039A101;72039A101
72039A112;72039A112
72039A123;72039A123
72039A172;72039A172
72039A191;72039A191
72039A20-;72039A20-
72039A212;72039A212
72039A29K;72039A291
72039A29L;72039A291
72039A311;72039A311
72039A322;72039A322
72039A333;72039A333
72039A342;72039A342
72039A353;72039A353
72039A364;72039A364
72039A389;72039A389
72039A3JA;72039A3JA
72039A3MA;72039A3MA
72039A3PA;72039A3PA
72039A483;72039A483
72039B00K;72039B001
72039B00L;72039B001
72039B01K;72039B012
72039B01L;72039B012
72039B06K;72039B062
72039B073;72039B073
72039B09K;72039B091
72039B0AA;72039B0AA
72039B0PA;72039B0PA
72039B100;72039B100
72039B112;72039B112
72039B191;72039B191
72040A00K;72040A00-
72040A01K;72040A01-
72040A02K;72040A02-
72040A03K;72040A032
72040A08K;72040A084
72040A0MK;72040A0MB
72040A0PK;72040A0PB
72040A19-;72040A19-
72040A1AA;72040A1AA
72040A1PK;72040A1PA
72040A29K;72040A296
72040A2AK;72040A2AC
72040B001;72040B001
72040B012;72040B012
72040B090;72040B090
72040B10K;72040B10-
72040B19K;72040B19-
72040C00K;72040C00-
72040C01K;72040C012
72040C09K;72040C091
72040D00K;72040D00-
72040D00L;72040D00-
72040D012;72040D012
72040D062;72040D062
72040D08K;72040D081
72040D09K;72040D091
72040D19-;72040D19-
72040D49-;72040D49-
72040D4AK;72040D4AA
72040D4PA;72040D4PA
72040E00K;72040E00-
72040E09K;72040E09-
72041A001;72041A001
72041A01-;72041A01-
72041A020;72041A020
72041A030;72041A030
72041A042;72041A042
72041A08-;72041A08-
72041A09K;72041A091
72041A172;72041A172
72041A191;72041A191
72041A29K;72041A292
72041B001;72041B001
72041B012;72041B012
72041B09-;72041B09-
72041B101;72041B101
72041B11-;72041B11-
72041B122;72041B122
72041B19K;72041B19-
72041B272;72041B272
72041B291;72041B291
72041C001;72041C001
72041C012;72041C012
72041C09-;72041C09-
72041C11-;72041C11-
72041D000;72041D000
72041D01-;72041D01-
72041D02-;72041D02-
72041D03-;72041D03-
72041D08K;72041D080
72041D09-;72041D09-
72041D10-;72041D10-
72041D19-;72041D19-
72041E000;72041E000
72041E019;72041E019
72041E020;72041E020
72041E07-;72041E07-
72041E08-;72041E08-
72041E11K;72041E112
72041E11L;72041E112
72041E163;72041E163
72041E191;72041E191
72041E264;72041E264
73001A00K;73001A001
73001A01K;73001A012
73001A023;73001A023
73001A034;73001A034
73001A04K;73001A045
73001A05K;73001A052
73001A07K;73001A076
73001A082;73001A082
73001A0AK;73001A0AA
73001A0PK;73001A0PA
73001A101;73001A101
73001A182;73001A182
73001A188;73001A188
73001A191;73001A191
73001A192;73001A192
73001A21K;73001A211
73001A283;73001A283
73001A28K;73001A282
73001A29K;73001A291
73001A300;73001A300
73001A382;73001A382
73001A391;73001A391
73001A497;73001A497
73006A00-;73006A00-
73006A01K;73006A011
73006A02K;73006A020
73006A03K;73006A030
73006A03L;73006A030
73006A05K;73006A052
73006A08K;73006A081
73006A08L;73006A081
73006A09K;73006A099
73006A09L;73006A099
73006A09M;73006A099
73006A12K;73006A122
73006A12L;73006A122
73006A18K;73006A181
73006A21K;73006A21-
73006A37K;73006A373
73006A39K;73006A391
73006B00K;73006B001
73006B09K;73006B099
73006B09L;73006B099
73006B10K;73006B10-
73006B10L;73006B102
73006B19K;73006B191
73006B19L;73006B191
73006B19M;73006B191
73006B19O;73006B191
73006C00K;73006C001
73006C02K;73006C022
73006C03K;73006C032
73006C09K;73006C091
73006C09L;73006C091
73006D00K;73006D00-
73006D08K;73006D083
73006D08L;73006D083
73006D09K;73006D091
73006E00K;73006E00-
73006E09K;73006E091
73006F00K;73006F00-
73006F09K;73006F091
73006F18-;73006F18-
73006G00K;73006G000
73006G09K;73006G090
73006G09L;73006G090
73006G09M;73006G090
73006H00K;73006H00-
73006H09K;73006H091
73006J00K;73006J00-
73006J09K;73006J091
73006K00K;73006K000
73006K01K;73006K012
73006K01L;73006K012
73006K01M;73006K012
73006K09K;73006K091
73006L00K;73006L000
73006L0PK;73006L0PN
73006L0PL;73006L0PN
73006M00K;73006M000
73006M09K;73006M099
73006N00K;73006N000
73006N09K;73006N090
73006N09L;73006N090
73009A00K;73009A00-
73009A01K;73009A019
73009A03K;73009A032
73009A08K;73009A08-
73009A09K;73009A091
73009C00K;73009C00-
73009D00K;73009D00-
73009D01K;73009D012
73009D09K;73009D091
73009E00K;73009E000
73009F00K;73009F00-
73009F08K;73009F080
73009G09K;73009G09-
73009H00K;73009H000
73009J09K;73009J09-
73009L09K;73009L09-
73009M00K;73009M00-
73009M01K;73009M010
73009M02K;73009M02-
73009M09K;73009M091
73009N00K;73009N000
73022A00K;73022A001
73022A022;73022A022
73022A09K;73022A09-
73022B09K;73022B09-
73022B09L;73022B09-
73022C00-;73022C00-
73022C09-;73022C09-
73022D00-;73022D00-
73022D09-;73022D09-
73022E000;73022E000
73022E090;73022E090
73022F09K;73022F09-
73022F09L;73022F09-
73022G08K;73022G091
73022G09K;73022G082
73022H00K;73022H00-
73022H09K;73022H09-
73022J000;73022J000
73022J090;73022J090
73022K00K;73022K00-
73022K09K;73022K09-
73022L00K;73022L000
73022L09K;73022L091
73022M00-;73022M00-
73022M09-;73022M09-
73028A00-;73028A00-
73028A09-;73028A09-
73032A00K;73032A000
73032A01K;73032A012
73032A02K;73032A023
73032A02L;73032A023
73032A08K;73032A084
73032A091;73032A091
73032A10K;73032A10-
73032A18K;73032A180
73032A1MK;73032A1MA
73032A20K;73032A200
73032A29K;73032A299
73032B00K;73032B000
73032B09K;73032B099
73032C00K;73032C00-
73032C08K;73032C082
73032C09K;73032C091
73032D00K;73032D00-
73032D062;73032D062
73032D09K;73032D091
73032D09L;73032D091
73032D18K;73032D183
73032E00K;73032E00-
73032E09K;73032E09-
73040A00K;73040A00-
73040A01K;73040A012
73040A08K;73040A083
73040A091;73040A091
73040A1MK;73040A1MA
73040A1PK;73040A1PA
73040B00K;73040B00-
73040B09K;73040B091
73040B112;73040B112
73040C00K;73040C00-
73040C08K;73040C082
73040C09K;73040C091
73040D00K;73040D00-
73040D082;73040D082
73040D08K;73040D08-
73040D08L;73040D08-
73040D09K;73040D091
73040E00K;73040E000
73040E09K;73040E091
73040E112;73040E112
73042A00K;73042A001
73042A00L;73042A001
73042A02K;73042A02-
73042A032;73042A032
73042A042;73042A042
73042A053;73042A053
73042A09K;73042A091
73042A10K;73042A10-
73042A11K;73042A112
73042A17K;73042A173
73042A17L;73042A173
73042A191;73042A191
73042A31K;73042A311
73042A322;73042A322
73042A39K;73042A394
73042A39L;73042A394
73042A39M;73042A394
73042A39O;73042A394
73042A39Y;73042A394
73042A39Z;73042A394
73042A41K;73042A415
73042A41L;73042A415
73042B00K;73042B001
73042B01K;73042B011
73042B03K;73042B032
73042B112;73042B112
73042B163;73042B163
73042B1PN;73042B1PN
73042C001;73042C001
73042C01K;73042C012
73042C09-;73042C09-
73042D00K;73042D00-
73042D01K;73042D012
73042D07K;73042D073
73042D09K;73042D091
73042D09L;73042D091
73042D09M;73042D091
73042D10K;73042D100
73042D10L;73042D100
73042D19K;73042D190
73042D19L;73042D190
73042E00K;73042E00-
73042E09K;73042E091
73042E09L;73042E091
73042E09M;73042E091
73042E11K;73042E11-
73042E19K;73042E19-
73066A00K;73066A000
73066A08K;73066A083
73066A09K;73066A091
73066B00K;73066B00-
73066B09K;73066B09-
73066C00K;73066C000
73066C01K;73066C010
73066C08K;73066C082
73066C09K;73066C091
73066D00K;73066D00-
73066D01K;73066D01-
73066D08-;73066D08-
73066D09K;73066D09-
73066E00K;73066E00-
73066E08K;73066E080
73066E09K;73066E090
73066F00K;73066F001
73066F01K;73066F012
73066F09K;73066F090
73066F09L;73066F090
73066F10K;73066F101
73066F19K;73066F191
73066G00K;73066G001
73066G09K;73066G090
73066G10K;73066G100
73066G19K;73066G190
73066G19L;73066G190
73066H00K;73066H00-
73066H082;73066H082
73066H09K;73066H091
73066J00K;73066J00-
73066J083;73066J083
73066J09K;73066J091
73066K00K;73066K00-
73066K09K;73066K091
73066K09L;73066K091
73066K09M;73066K091
7308310PK;7308310PQ
73083A001;73083A001
73083A01K;73083A011
73083A02K;73083A022
73083A10K;73083A101
73083A11K;73083A112
73083A13K;73083A132
73083A20K;73083A202
73083A213;73083A213
73083A22K;73083A221
73083A29K;73083A291
73083A30K;73083A303
73083A40K;73083A401
73083A41K;73083A413
73083A43K;73083A434
73083A47K;73083A472
73083A50K;73083A503
73083A51K;73083A513
73083A59K;73083A592
73083B00K;73083B000
73083B01K;73083B012
73083C00K;73083C00-
73083D00K;73083D001
73083E00K;73083E000
73083F00K;73083F002
73083F09K;73083F091
73083G00K;73083G00-
73083G09K;73083G091
73083H00K;73083H00-
73083H09K;73083H091
73083J000;73083J000
73083K00K;73083K00-
73083K013;73083K013
73083K10K;73083K10-
73083L00-;73083L00-
73083L09K;73083L09-
73083M00K;73083M00-
73083N00K;73083N00-
73083P00K;73083P00-
73083P09K;73083P091
73083R00K;73083R00-
73083S000;73083S000
73083S09K;73083S090
73098A00K;73098A00-
73098A01-;73098A01-
73098A022;73098A022
73098A032;73098A032
73098A09K;73098A091
73098A10K;73098A10-
73098A19K;73098A191
73098A20K;73098A20-
73098A29K;73098A290
73098A29L;73098A290
73098A393;73098A393
73098B09K;73098B09-
73098B09L;73098B09-
73098C00K;73098C00-
73098C09-;73098C09-
73098D00K;73098D00-
73098D082;73098D082
73098D09K;73098D091
73107A00K;73107A001
73107A05K;73107A053
73107A07K;73107A072
73107A08K;73107A08-
73107A10K;73107A101
73107A11K;73107A112
73107A12K;73107A123
73107A29K;73107A299
73107A30K;73107A302
73107A33K;73107A330
73107B00K;73107B00-
73107B08K;73107B081
73107B09K;73107B090
73107B09L;73107B090
73107B09M;73107B090
73107B0AK;73107B0AP
73107C00K;73107C00-
73107C09K;73107C091
73107C10K;73107C101
73107C12K;73107C122
73107D00K;73107D000
73107D02K;73107D022
73107D09K;73107D091
73107D10K;73107D101
73107D10L;73107D101
73107D11K;73107D112
73107D20K;73107D201
73107D21K;73107D212
73107D29K;73107D293
73107E00K;73107E000
73107E09K;73107E090
73107E09L;73107E090
73107F00K;73107F000
73107F09K;73107F090
73107G00K;73107G000
73107G10K;73107G10-
73107G19K;73107G199
73107G19L;73107G199
73107G29K;73107G29-
73107H00K;73107H00-
73107H09K;73107H090
73109A00K;73109A000
73109A01K;73109A012
73109A09K;73109A091
73109B00K;73109B000
73109B01K;73109B012
73109B02K;73109B023
73109B091;73109B091
73109C00K;73109C000
73109C08K;73109C08-
73109C090;73109C090
73109D00K;73109D00-
73109D09-;73109D09-
73109E00K;73109E00-
73109E09K;73109E09-
73109F00K;73109F00-
73109F01K;73109F012
73109F091;73109F091
81001A00-;81001A00-
81001A01K;81001A01-
81001A02K;81001A02-
81001A03K;81001A031
81001A03L;81001A031
81001A04K;81001A042
81001A05K;81001A053
81001A10K;81001A10-
81001A20K;81001A201
81001A21K;81001A212
81001A21L;81001A212
81001A21M;81001A212
81001A22-;81001A22-
81001A23K;81001A232
81001A273;81001A273
81001A29K;81001A291
81001A30K;81001A301
81001A312;81001A312
81001A41K;81001A412
81001B00K;81001B000
81001B01K;81001B01-
81001B090;81001B090
81001B10K;81001B100
81001B19-;81001B19-
81001B20K;81001B20-
81001B29-;81001B29-
81001B30-;81001B30-
81001B3MA;81001B3MA
81001B3PK;81001B3PA
81001B3PL;81001B3PA
81001C00-;81001C00-
81001C012;81001C012
81001C023;81001C023
81001C09K;81001C091
81001C09L;81001C091
81001C10-;81001C10-
81001C19-;81001C19-
81001C20K;81001C200
81001C21K;81001C211
81001C220;81001C220
81001C23K;81001C23-
81001C24K;81001C242
81001C29K;81001C290
81001C30K;81001C30-
81001C31K;81001C312
81001C40K;81001C40-
81001C41K;81001C41-
81001C48K;81001C482
81001C49K;81001C49-
81001C50K;81001C50-
81001D00K;81001D00-
81001D01K;81001D01-
81001D02K;81001D022
81001D03K;81001D033
81001D10K;81001D10-
81001D1AK;81001D1AB
81001D20K;81001D20-
81001D21K;81001D212
81001D21L;81001D212
81001D22K;81001D223
81001D29K;81001D291
81001D29L;81001D291
81001D300;81001D300
81001D39K;81001D390
81001E00-;81001E00-
81001E01-;81001E01-
81001E09-;81001E09-
81001F000;81001F000
81001F09K;81001F090
81001F100;81001F100
81001F190;81001F190
81003A00K;81003A00-
81003A01-;81003A01-
81003A02K;81003A022
81003A03K;81003A033
81003A09K;81003A091
81003A10-;81003A10-
81003A112;81003A112
81003A19K;81003A191
81003A20K;81003A20-
81003A21K;81003A21-
81003A29K;81003A29-
81003B00-;81003B00-
81003B09K;81003B09-
81003B100;81003B100
81003B19K;81003B190
81003C00K;81003C000
81003C010;81003C010
81003C09K;81003C090
81003C10-;81003C10-
81003C19-;81003C19-
81003C20K;81003C200
81003C290;81003C290
81003D000;81003D000
81003D090;81003D090
81003D10-;81003D10-
81003D19-;81003D19-
81003E00K;81003E000
81003E09K;81003E090
81003E10-;81003E10-
81003E19-;81003E19-
81004A00K;81004A001
81004A01K;81004A01-
81004A02K;81004A022
81004A03K;81004A033
81004A03L;81004A033
81004A0MK;81004A0MA
81004A0NK;81004A0NA
81004A0PK;81004A0PA
81004B00K;81004B00-
81004B01K;81004B01-
81004B02K;81004B02-
81004B03-;81004B03-
81004B07K;81004B07-
81004B09K;81004B09-
81004B09L;81004B09-
81004B100;81004B100
81004B112;81004B112
81004B191;81004B191
81004B21K;81004B21-
81004B21L;81004B21-
81004B22K;81004B22-
81004B31K;81004B31-
81004B32K;81004B32-
81004C00K;81004C00-
81004C00L;81004C00-
81004C00M;81004C00-
81004C00O;81004C00-
81004C09K;81004C09-
81004C09L;81004C09-
81004C10K;81004C10-
81004C19-;81004C19-
81004C20K;81004C200
81004C29K;81004C290
81004D00K;81004D000
81004D090;81004D090
81013A00K;81013A000
81013A00L;81013A000
81013A01K;81013A012
81013A09K;81013A091
81013A09L;81013A091
81013A10-;81013A10-
81013A19K;81013A19-
81013A20K;81013A20-
81013A21K;81013A212
81013A291;81013A291
81013A392;81013A392
81015A00K;81015A001
81015A00L;81015A001
81015A00M;81015A001
81015A01K;81015A012
81015A01L;81015A012
81015A02K;81015A022
81015A0PK;81015A0PA
81015A0PL;81015A0PA
81015A0PM;81015A0PA
81015A20K;81015A200
81015A29K;81015A290
81015A30K;81015A300
81015A40K;81015A400
81015A49K;81015A490
81015B000;81015B000
81015B090;81015B090
81015C000;81015C000
81015C01-;81015C01-
81015C090;81015C090
81015C10-;81015C10-
81015C19-;81015C19-
81015D00K;81015D001
81015D012;81015D012
81015D09K;81015D090
81015E00K;81015E000
81015E090;81015E090
82003A00-;82003A00-
82003A01K;82003A01-
82003A01L;82003A01-
82003A02K;82003A020
82003A02L;82003A020
82003A02M;82003A020
82003A03K;82003A03-
82003A0MK;82003A0MA
82003A0PK;82003A0PA
82003A0PL;82003A0PA
82003A10K;82003A10-
82003A10L;82003A10-
82003A12K;82003A12-
82003A12L;82003A12-
82003A20K;82003A20-
82003A21K;82003A212
82003A22K;82003A22-
82003A40-;82003A40-
82003A4PK;82003A4PN
82003A5PK;82003A5PN
82003A60K;82003A60-
82003A69K;82003A69-
82003A70-;82003A70-
82003A79K;82003A790
82003B00K;82003B00-
82003B09-;82003B09-
82003B10-;82003B10-
82003B19-;82003B19-
82003B20-;82003B20-
82003B29K;82003B29-
82003B29L;82003B29-
82003B30K;82003B30-
82003B39K;82003B39-
82003B40-;82003B40-
82003B49K;82003B49-
82003B500;82003B500
82003B51K;82003B512
82003B59K;82003B591
82003B60-;82003B60-
82003B69-;82003B69-
82003C00-;82003C00-
82003C09-;82003C09-
82003C10-;82003C10-
82003C19-;82003C19-
82003C20-;82003C20-
82003C29-;82003C29-
82003C300;82003C300
82003C390;82003C390
82003C49K;82003C49-
82003C59-;82003C59-
82003D00-;82003D00-
82003D01K;82003D01-
82003D09K;82003D09-
82003D10-;82003D10-
82003D19-;82003D19-
82003D20-;82003D20-
82003D29-;82003D29-
82003D30-;82003D30-
82003D39-;82003D39-
82003D40-;82003D40-
82003D4PN;82003D4PN
82003D50-;82003D50-
82003D51-;82003D51-
82003D59-;82003D59-
82003D600;82003D600
82003D69K;82003D690
82003E00-;82003E00-
82003E09-;82003E09-
82003E10-;82003E10-
82003E19-;82003E19-
82003E20K;82003E20-
82003E21K;82003E21-
82003E29-;82003E29-
82003E30-;82003E30-
82003E39-;82003E39-
82003E40K;82003E40-
82003E49-;82003E49-
82005A00-;82005A00-
82005A09-;82005A09-
82005A10-;82005A10-
82005A19-;82005A19-
82005A20-;82005A20-
82005A21-;82005A21-
82005A22-;82005A22-
82005A29-;82005A29-
82005B00-;82005B00-
82005B01-;82005B01-
82005B02-;82005B02-
82005B03-;82005B03-
82005B091;82005B091
82005B30-;82005B30-
82005B310;82005B310
82005B390;82005B390
82005B40-;82005B40-
82005B410;82005B410
82005B49K;82005B490
82005B49L;82005B490
82005C00-;82005C00-
82005C01-;82005C01-
82005C09-;82005C09-
82005C10-;82005C10-
82005C11-;82005C11-
82005C122;82005C122
82005C191;82005C191
82005C20-;82005C20-
82005C29-;82005C29-
82005C30-;82005C30-
82005C31-;82005C31-
82005C39-;82005C39-
82005C40-;82005C40-
82005C49-;82005C49-
82005C50-;82005C50-
82005C59-;82005C59-
82005C60-;82005C60-
82005C681;82005C681
82005C69-;82005C69-
82009A00-;82009A00-
82009A09-;82009A09-
82009A10-;82009A10-
82009A19-;82009A19-
82009A20-;82009A20-
82009A21-;82009A21-
82009A29-;82009A29-
82009A30-;82009A30-
82009A39-;82009A39-
82009B00-;82009B00-
82009B09-;82009B09-
82009B100;82009B100
82009B190;82009B190
82009C00-;82009C00-
82009C09-;82009C09-
82009C100;82009C100
82009C190;82009C190
82009C20-;82009C20-
82009C212;82009C212
82009C291;82009C291
82009C30-;82009C30-
82009C39-;82009C39-
82009C40-;82009C40-
82009C49-;82009C49-
82009C59-;82009C59-
8201410PK;8201410PQ
82014A00-;82014A00-
82014A01-;82014A01-
82014A02-;82014A02-
82014A09K;82014A09-
82014B00-;82014B00-
82014B09K;82014B09-
82014B10-;82014B10-
82014B19-;82014B19-
82014B20-;82014B20-
82014B262;82014B262
82014B291;82014B291
82014B30-;82014B30-
82014B39-;82014B39-
82014C001;82014C001
82014C012;82014C012
82014C022;82014C022
82014C091;82014C091
82014C10-;82014C10-
82014C19-;82014C19-
82014D00-;82014D00-
82014D09K;82014D09-
82014D10-;82014D10-
82014D19K;82014D19-
82014D20-;82014D20-
82014D21K;82014D212
82014D291;82014D291
82014E001;82014E001
82014E012;82014E012
82014E09-;82014E09-
82014E199;82014E199
82014E20-;82014E20-
82014E29-;82014E29-
82014F00K;82014F00-
82014F09K;82014F09-
82014F10-;82014F10-
82014F19-;82014F19-
82014F20-;82014F20-
82014F29K;82014F29-
82014F301;82014F301
82014F312;82014F312
82014F390;82014F390
82014F40-;82014F40-
82014F49-;82014F49-
82014G00-;82014G00-
82014G01-;82014G01-
82014G09-;82014G09-
82014G100;82014G100
82014G112;82014G112
82014G191;82014G191
82014G200;82014G200
82014G290;82014G290
82014G30-;82014G30-
82014G31-;82014G31-
82014G32-;82014G32-
82014G39-;82014G39-
82014G40-;82014G40-
82014G49-;82014G49-
82032A00K;82032A00-
82032A01K;82032A01-
82032A02K;82032A020
82032A032;82032A032
82032A08K;82032A083
82032A0JB;82032A0JB
82032A0PK;82032A0PB
82032A10K;82032A10-
82032A1MA;82032A1MA
82032A1PA;82032A1PA
82032A20K;82032A20-
82032A29K;82032A29-
82032A30-;82032A30-
82032A39-;82032A39-
82032A40-;82032A40-
82032A49-;82032A49-
82032A50-;82032A50-
82032A59-;82032A59-
82032A60-;82032A60-
82032A69-;82032A69-
82032A70-;82032A70-
82032A79-;82032A79-
82032A80-;82032A80-
82032A892;82032A892
82032B00K;82032B00-
82032B012;82032B012
82032B09K;82032B091
82032B30-;82032B30-
82032B39K;82032B39-
82032C00-;82032C00-
82032C09-;82032C09-
82032C100;82032C100
82032C190;82032C190
82032C20-;82032C20-
82032C29-;82032C29-
82032C30K;82032C300
82032C30L;82032C300
82032C390;82032C390
82032C40K;82032C40-
82032C49-;82032C49-
82032C50-;82032C50-
82032C59-;82032C59-
82032C60K;82032C600
82032C69K;82032C690
82032C70-;82032C70-
82032C79-;82032C79-
82032C802;82032C802
82032C891;82032C891
82032D00-;82032D00-
82032D09-;82032D09-
82032D10-;82032D10-
82032D19-;82032D19-
82032D20-;82032D20-
82032D29-;82032D29-
82032D30K;82032D30-
82032D39K;82032D39-
82032D499;82032D499
82036A00K;82036A000
82036A09K;82036A090
82036B00-;82036B00-
82036B01-;82036B01-
82036B09K;82036B09-
82036B10-;82036B10-
82036B19K;82036B19-
82036B20-;82036B20-
82036B29K;82036B29-
82036C000;82036C000
82036C090;82036C090
82036C10K;82036C100
82036C11-;82036C11-
82036C19K;82036C190
82036C200;82036C200
82036C290;82036C290
82036D00-;82036D00-
82036D09-;82036D09-
82036D10-;82036D10-
82036D19-;82036D19-
82036D20-;82036D20-
82036D21-;82036D21-
82036D29-;82036D29-
82036D300;82036D300
82036D39K;82036D390
82036D40-;82036D40-
82036D49K;82036D49-
82036D50-;82036D50-
82036D59K;82036D59-
82036D60-;82036D60-
82036D69-;82036D69-
82036E00K;82036E000
82036E01K;82036E01-
82036E09K;82036E090
82036E10-;82036E10-
82036E19K;82036E191
82036E20-;82036E20-
82036E212;82036E212
82036E291;82036E291
82036E30-;82036E30-
82036E3PP;82036E3PP
82036E60-;82036E60-
82036E69-;82036E69-
82036F00K;82036F00-
82036F09K;82036F09-
82036F10-;82036F10-
82036F19-;82036F19-
82036F20K;82036F20-
82036F29K;82036F29-
82037A00-;82037A00-
82037A09K;82037A09-
82037A09L;82037A09-
82037A100;82037A100
82037A190;82037A190
82037A20K;82037A200
82037A212;82037A212
82037A291;82037A291
82037A30-;82037A30-
82037A39-;82037A39-
82037A400;82037A400
82037A490;82037A490
82037A50-;82037A50-
82037A59-;82037A59-
82037B00-;82037B00-
82037B091;82037B091
82037B10-;82037B10-
82037B19-;82037B19-
82037B200;82037B200
82037B290;82037B290
82037B40-;82037B40-
82037B49-;82037B49-
82037C00K;82037C00-
82037C09K;82037C09-
82037C10-;82037C10-
82037C19-;82037C19-
82037C201;82037C201
82037C210;82037C210
82037C22K;82037C222
82037C29K;82037C290
82037D00-;82037D00-
82037D012;82037D012
82037D09K;82037D091
82037D100;82037D100
82037D19K;82037D190
82037D200;82037D200
82037D290;82037D290
82037D30-;82037D30-
82037D39-;82037D39-
82037E000;82037E000
82037E01-;82037E01-
82037E090;82037E090
82037E10-;82037E10-
82037E19-;82037E19-
82037E20-;82037E20-
82037E29-;82037E29-
82037E30-;82037E30-
82037E31K;82037E310
82037E39K;82037E390
82038A00-;82038A00-
82038A01-;82038A01-
82038A02K;82038A02-
82038A03-;82038A03-
82038A09-;82038A09-
82038A10K;82038A102
82038A113;82038A113
82038A181;82038A181
82038A19-;82038A19-
82038A20-;82038A20-
82038A29-;82038A29-
82038A30-;82038A30-
82038A39-;82038A39-
82038A40-;82038A40-
82038A49-;82038A49-
82038B000;82038B000
82038B01-;82038B01-
82038B09K;82038B090
82038B09L;82038B090
82038B10-;82038B10-
82038B11-;82038B11-
82038B12K;82038B12-
82038B19K;82038B19-
82038C00K;82038C000
82038C09K;82038C090
82038C682;82038C682
83012A00K;83012A001
83012A01K;83012A010
83012A02K;83012A022
83012B00K;83012B00-
83012B012;83012B012
83012B063;83012B063
83012B091;83012B091
83012B101;83012B101
83012B11K;83012B112
83012B12K;83012B123
83012B13K;83012B132
83012B163;83012B163
83012B19K;83012B191
83012B20-;83012B20-
83012B21-;83012B21-
83012B291;83012B291
83012C00-;83012C00-
83012C09-;83012C09-
83012C100;83012C100
83012C19-;83012C19-
83012C20-;83012C20-
83012C21-;83012C21-
83012C222;83012C222
83012C291;83012C291
83012D00K;83012D00-
83012D09K;83012D09-
83012D100;83012D100
83012D162;83012D162
83012D191;83012D191
83012D20-;83012D20-
83012D262;83012D262
83012D291;83012D291
83012D30-;83012D30-
83012D39-;83012D39-
83012D40K;83012D40-
83012D41-;83012D41-
83012D49-;83012D49-
83012E001;83012E001
83012E01-;83012E01-
83012E032;83012E032
83012E04K;83012E043
83012E064;83012E064
83012E08K;83012E082
83012E09K;83012E091
83012E09L;83012E091
83012E100;83012E100
83012E19-;83012E19-
83012E26K;83012E263
83012E26L;83012E263
83012F00K;83012F00-
83012F09K;83012F09-
83012F10-;83012F10-
83012F19-;83012F19-
83012G00-;83012G00-
83012G09-;83012G09-
83012G10-;83012G10-
83012G19-;83012G19-
83012H001;83012H001
83012H01-;83012H01-
83012H022;83012H022
83012H042;83012H042
83012H091;83012H091
83012H10-;83012H10-
83012H163;83012H163
83012H19-;83012H19-
83012J00-;83012J00-
83012J062;83012J062
83012J091;83012J091
83012J19-;83012J19-
83012J20K;83012J20-
83012J29-;83012J29-
83012K000;83012K000
83012K09-;83012K09-
83012K10-;83012K10-
83012K19-;83012K19-
83012L00K;83012L00-
83012L09K;83012L09-
83012L10K;83012L10-
83012L20-;83012L20-
83012L21-;83012L21-
83012L29-;83012L29-
83012L30K;83012L30-
83012L39K;83012L39-
83012M00K;83012M000
83012M09K;83012M091
83012M10K;83012M10-
83012M19K;83012M19-
83012M20-;83012M20-
83012M21-;83012M21-
83012M29-;83012M29-
83012M36K;83012M362
83013A000;83013A000
83013A09-;83013A09-
83013A10-;83013A10-
83013A11-;83013A11-
83013A120;83013A120
83013A19K;83013A19-
83013A19L;83013A19-
83013A200;83013A200
83013A29-;83013A29-
83013A30-;83013A30-
83013A39-;83013A39-
83013B00K;83013B000
83013B09-;83013B09-
83013B10-;83013B10-
83013B19-;83013B19-
83013C00K;83013C000
83013C09K;83013C09-
83013C10-;83013C10-
83013C19-;83013C19-
83013C20-;83013C20-
83013C29-;83013C29-
83013C391;83013C391
83013C40-;83013C40-
83013C412;83013C412
83013C491;83013C491
83013D000;83013D000
83013D09-;83013D09-
83013D10-;83013D10-
83013D11-;83013D11-
83013D19-;83013D19-
83013D200;83013D200
83013D29-;83013D29-
83013D39-;83013D39-
83028A00K;83028A00-
83028A01K;83028A010
83028A02K;83028A023
83028A08K;83028A082
83028A09K;83028A091
83028A10-;83028A10-
83028A19-;83028A19-
83028A20K;83028A20-
83028A29K;83028A29-
83028A30K;83028A300
83028A30L;83028A300
83028A312;83028A312
83028A39K;83028A391
83028A39L;83028A391
83028A40K;83028A400
83028A49K;83028A492
83028B00K;83028B000
83028B09K;83028B09-
83028C00K;83028C00-
83028C09K;83028C090
83028C20K;83028C20-
83028C21K;83028C212
83028C22K;83028C223
83028C29K;83028C291
83028D00-;83028D00-
83028D01K;83028D01-
83028D09K;83028D09-
83028D19-;83028D19-
83028D20K;83028D20-
83028D29K;83028D29-
83028D30K;83028D300
83028D390;83028D390
83031A00-;83031A00-
83031A011;83031A011
83031A021;83031A021
83031A03K;83031A03-
83031A04K;83031A042
83031A052;83031A052
83031A062;83031A062
83031A09K;83031A091
83031A10-;83031A10-
83031A19-;83031A19-
83031A20-;83031A20-
83031A292;83031A292
83031B00-;83031B00-
83031B09-;83031B09-
83031B19-;83031B19-
83031B201;83031B201
83031B212;83031B212
83031B29-;83031B29-
83031B30-;83031B30-
83031B39-;83031B39-
83031C000;83031C000
83031C01K;83031C012
83031C091;83031C091
83031C100;83031C100
83031C19-;83031C19-
83031C201;83031C201
83031C212;83031C212
83031C223;83031C223
83031C29-;83031C29-
83031C300;83031C300
83031C39-;83031C39-
83031C40-;83031C40-
83031C49-;83031C49-
83031C500;83031C500
83031C590;83031C590
83031D00-;83031D00-
83031D09-;83031D09-
83031D10-;83031D10-
83031D19-;83031D19-
83031D20-;83031D20-
83031D29-;83031D29-
83031E00K;83031E000
83031E09K;83031E090
83031E10-;83031E10-
83031E19-;83031E19-
83031E20-;83031E20-
83031E21-;83031E21-
83031E29-;83031E29-
83031F000;83031F000
83031F09-;83031F09-
83031F10-;83031F10-
83031F19-;83031F19-
83034A00K;83034A00-
83034A01K;83034A010
83034A01L;83034A010
83034A02K;83034A02-
83034A03K;83034A03-
83034A04K;83034A04-
83034A05K;83034A05-
83034A09K;83034A091
83034A10K;83034A10-
83034A10L;83034A10-
83034A11K;83034A11-
83034A17K;83034A172
83034A21K;83034A212
83034A22K;83034A22-
83034A27K;83034A274
83034A283;83034A283
83034A29-;83034A29-
83034A31K;83034A315
83034B00K;83034B00-
83034B01K;83034B012
83034B02K;83034B023
83034B02L;83034B023
83034B09K;83034B091
83034B10K;83034B101
83034B11K;83034B112
83034B20K;83034B201
83034B21K;83034B212
83034B222;83034B222
83034B23K;83034B233
83034B2MK;83034B2MA
83034B30K;83034B30-
83034B39K;83034B39-
83034B40K;83034B40-
83034B49K;83034B490
83034C00K;83034C00-
83034C01K;83034C01-
83034C02K;83034C022
83034C03K;83034C033
83034C042;83034C042
83034C08K;83034C081
83034C09K;83034C091
83034C19-;83034C19-
83034D00K;83034D00-
83034D01-;83034D01-
83034D09K;83034D09-
83034E00-;83034E00-
83034E01-;83034E01-
83034E02K;83034E02-
83034E09K;83034E09-
83034F00-;83034F00-
83034F09-;83034F09-
83034F191;83034F191
83034G000;83034G000
83034G09K;83034G09-
83034G10-;83034G10-
83034G19-;83034G19-
83034G20-;83034G20-
83034G29K;83034G29-
83040A001;83040A001
83040A012;83040A012
83040A09-;83040A09-
83040B00-;83040B00-
83040B09-;83040B09-
83040B10-;83040B10-
83040B19-;83040B19-
83040C00K;83040C00-
83040C09-;83040C09-
83040D00K;83040D001
83040D01K;83040D012
83040D022;83040D022
83040D09K;83040D091
83040D10K;83040D10-
83040D11K;83040D112
83040D19K;83040D191
83040D19L;83040D191
83040E00K;83040E00-
83040E09K;83040E09-
83040F00-;83040F00-
83040F09-;83040F09-
83040G00K;83040G000
83040G01K;83040G010
83040G09K;83040G090
83040G09L;83040G090
83040H00-;83040H00-
83040H01K;83040H01-
83040H022;83040H022
83040H091;83040H091
83044A00K;83044A000
83044A06K;83044A062
83044A09K;83044A090
83044A10K;83044A10-
83044A19K;83044A191
83044A20K;83044A20-
83044A29K;83044A29-
83044A30K;83044A30-
83044A39-;83044A39-
83044A40K;83044A40-
83044A49K;83044A49-
83044B00-;83044B00-
83044B09K;83044B09-
83044B09L;83044B09-
83044B10K;83044B10-
83044B19-;83044B19-
83044B20-;83044B20-
83044B29K;83044B29-
83044C00K;83044C001
83044C012;83044C012
83044C09K;83044C09-
83044C10-;83044C10-
83044C19-;83044C19-
83044C291;83044C291
83044C30-;83044C30-
83044C39K;83044C391
83044D000;83044D000
83044D09-;83044D09-
83044D10-;83044D10-
83044D19-;83044D19-
83044D20K;83044D200
83044D29K;83044D29-
83044D300;83044D300
83044D362;83044D362
83044D391;83044D391
83049A00K;83049A00-
83049A01-;83049A01-
83049A02K;83049A020
83049A08K;83049A082
83049A08L;83049A082
83049A09K;83049A091
83049A10K;83049A100
83049A11K;83049A110
83049A19K;83049A19-
83049A20-;83049A20-
83049A29-;83049A29-
83049A683;83049A683
83049B00K;83049B00-
83049B010;83049B010
83049B02K;83049B022
83049B09K;83049B091
83049B10-;83049B10-
83049B11K;83049B112
83049B191;83049B191
83049C00K;83049C000
83049C01K;83049C012
83049C09K;83049C091
83049C10-;83049C10-
83049C19-;83049C19-
83049C20K;83049C20-
83049C29-;83049C29-
83049C30-;83049C30-
83049C39-;83049C39-
83049C40-;83049C40-
83049C49-;83049C49-
83049C59K;83049C59-
83049C60-;83049C60-
83049C69-;83049C69-
83055A00K;83055A00-
83055A09K;83055A09-
83055A10K;83055A100
83055A1PK;83055A1PN
83055A20K;83055A20-
83055A29K;83055A29-
83055B00-;83055B00-
83055B010;83055B010
83055B09K;83055B09-
83055B10-;83055B10-
83055B11-;83055B11-
83055B19-;83055B19-
83055B20K;83055B200
83055B29K;83055B290
83055C000;83055C000
83055C0PK;83055C0PN
83055C100;83055C100
83055C19-;83055C19-
83055C20-;83055C20-
83055C29K;83055C29-
83055D00-;83055D00-
83055D0PN;83055D0PN
83055E000;83055E000
83055E09-;83055E09-
83055E10-;83055E10-
83055E19-;83055E19-
83055F000;83055F000
83055F09-;83055F09-
83055F10-;83055F10-
83055F19K;83055F19-
83055F20-;83055F20-
83055F29K;83055F29-
84009A00K;84009A00-
84009A01K;84009A01-
84009A02K;84009A02-
84009A03K;84009A030
84009A04-;84009A04-
84009A08K;84009A081
84009A09K;84009A091
84009A09L;84009A091
84009A11K;84009A112
84009A12K;84009A123
84009A13K;84009A132
84009A21K;84009A211
84009A222;84009A222
84009A23K;84009A230
84009A23L;84009A230
84009A24K;84009A243
84009A30K;84009A300
84009A39K;84009A392
84009B00-;84009B00-
84009B01-;84009B01-
84009B02-;84009B02-
84009B09-;84009B09-
84009B10-;84009B10-
84009B19-;84009B19-
84009B20-;84009B20-
84009B29-;84009B29-
84009C000;84009C000
84009C09K;84009C09-
84009C10K;84009C10-
84009C19K;84009C19-
84009C24K;84009C240
84009C30-;84009C30-
84009C39-;84009C39-
84009C40-;84009C40-
84009C49-;84009C49-
84009C59-;84009C59-
84009D00-;84009D00-
84009D09-;84009D09-
84009D10K;84009D10-
84009D19K;84009D19-
84009E00-;84009E00-
84009E09-;84009E09-
84010A00-;84010A00-
84010A01K;84010A01-
84010A02K;84010A02-
84010A03-;84010A03-
84010A04K;84010A042
84010A05K;84010A052
84010A08K;84010A081
84010A08L;84010A081
84010A09K;84010A091
84010A18-;84010A18-
84010A19-;84010A19-
84010A29-;84010A29-
84010B00-;84010B00-
84010B0PP;84010B0PP
84010C00-;84010C00-
84010C09K;84010C09-
84010C100;84010C100
84010C19K;84010C190
84010D00-;84010D00-
84010D09K;84010D09-
84010E00-;84010E00-
84010E09-;84010E09-
84010F00-;84010F00-
84010F09-;84010F09-
84010F10-;84010F10-
84010F19-;84010F19-
84010F20-;84010F20-
84010F29-;84010F29-
84010G00-;84010G00-
84010G0JA;84010G0JA
84010G0PA;84010G0PA
84010H00K;84010H00-
84010H09K;84010H09-
84010H10-;84010H10-
84010H19-;84010H19-
84010J00-;84010J00-
84010J09-;84010J09-
84010J10-;84010J10-
84010J19-;84010J19-
84010K00-;84010K00-
84010K09-;84010K09-
84010K19-;84010K19-
84010L000;84010L000
84010L090;84010L090
84016A00-;84016A00-
84016A09-;84016A09-
84016B00-;84016B00-
84016B09-;84016B09-
84016C00-;84016C00-
84016C09K;84016C091
84016D00K;84016D00-
84016D09K;84016D09-
84016D10-;84016D10-
84016D19-;84016D19-
84016D29K;84016D29-
84029A00K;84029A00-
84029A09-;84029A09-
84029B00-;84029B00-
84029B09-;84029B09-
84029B10-;84029B10-
84029B19-;84029B19-
84029B29-;84029B29-
84029C00-;84029C00-
84029C09-;84029C09-
84029C10-;84029C10-
84029C19-;84029C19-
84029C20-;84029C20-
84029C29-;84029C29-
84033A00-;84033A00-
84033A01K;84033A013
84033A082;84033A082
84033A091;84033A091
84033A10-;84033A10-
84033A11-;84033A11-
84033A19-;84033A19-
84033A20-;84033A20-
84033A282;84033A282
84033A291;84033A291
84033A30-;84033A30-
84033A39-;84033A39-
84033A40K;84033A40-
84033A49K;84033A490
84033A50-;84033A50-
84033A59K;84033A59-
84033A691;84033A691
84033B00K;84033B000
84033B01-;84033B01-
84033B020;84033B020
84033B03-;84033B03-
84033B090;84033B090
84033B10K;84033B109
84033B190;84033B190
84033C000;84033C000
84033C09-;84033C09-
84033C10-;84033C10-
84033C19-;84033C19-
84033C20-;84033C20-
84033C29-;84033C29-
84033C30K;84033C300
84033C390;84033C390
84033D00K;84033D000
84033D09K;84033D090
84033D10-;84033D10-
84033D19-;84033D19-
84033D200;84033D200
84033D290;84033D290
84033E00-;84033E00-
84033E01-;84033E01-
84033E09K;84033E09-
84033E20-;84033E20-
84033E29-;84033E29-
84033E30-;84033E30-
84033E39K;84033E39-
84033E40-;84033E40-
84033E49-;84033E49-
84033E60-;84033E60-
84033E69-;84033E69-
84035A00K;84035A000
84035A01K;84035A010
84035A0AA;84035A0AA
84035A0PK;84035A0PA
84035A0PL;84035A0PA
84035A29-;84035A29-
84035B00K;84035B000
84035B09-;84035B09-
84035B10-;84035B10-
84035B19-;84035B19-
84035B29-;84035B29-
84035C00K;84035C000
84035C09K;84035C090
84035D000;84035D000
84035D08-;84035D08-
84035D09-;84035D09-
84035E00K;84035E00-
84035E09K;84035E09-
84035E09L;84035E09-
84035F00-;84035F00-
84035F01K;84035F01-
84035F09-;84035F09-
84035G000;84035G000
84035G010;84035G010
84035G09-;84035G09-
84035G10-;84035G10-
84035G19-;84035G19-
84035G20-;84035G20-
84035G29-;84035G29-
84043A00K;84043A00-
84043A01K;84043A01-
84043A02K;84043A02-
84043A03K;84043A030
84043A04K;84043A040
84043A05K;84043A052
84043A09K;84043A091
84043A09L;84043A091
84043A09M;84043A091
84043B00K;84043B000
84043B09K;84043B09-
84043B09L;84043B09-
84043B10-;84043B10-
84043B19K;84043B190
84043B20-;84043B20-
84043B29-;84043B29-
84043B30K;84043B30-
84043B39K;84043B39-
84043B40K;84043B40-
84043B49K;84043B49-
84043B50-;84043B50-
84043B590;84043B590
84043B60-;84043B60-
84043B690;84043B690
84043C00K;84043C000
84043C090;84043C090
84043C10K;84043C10-
84043C19K;84043C19-
84043C200;84043C200
84043C290;84043C290
84043C30-;84043C30-
84043C39-;84043C39-
84043C40-;84043C40-
84043C49-;84043C49-
84043C50K;84043C500
84043C59K;84043C59-
84043C60-;84043C60-
84043C69-;84043C69-
84043D000;84043D000
84043D012;84043D012
84043D09K;84043D091
84043D10-;84043D10-
84043D19-;84043D19-
84043D20K;84043D200
84043D29K;84043D290
84043E00-;84043E00-
84043E09-;84043E09-
84043E100;84043E100
84043E19-;84043E19-
84043E20K;84043E200
84043E29-;84043E29-
84043F00-;84043F00-
84043F09-;84043F09-
84050A00K;84050A000
84050A01K;84050A010
84050A09K;84050A091
84050A09L;84050A091
84050B00K;84050B00-
84050B09K;84050B09-
84050B10-;84050B10-
84050B19-;84050B19-
84050B200;84050B200
84050B29-;84050B29-
84050C00-;84050C00-
84050C09-;84050C09-
84050D00-;84050D00-
84050D09K;84050D09-
84050E00K;84050E00-
84050E09K;84050E09-
84050F00-;84050F00-
84050F09K;84050F09-
84050F10K;84050F10-
84050F10L;84050F10-
84050F19K;84050F19-
84050G00-;84050G00-
84050G09K;84050G09-
84050G10-;84050G10-
84050G19K;84050G19-
84050G29-;84050G29-
84050H00K;84050H00-
84050H09K;84050H09-
84059A00-;84059A00-
84059A01K;84059A01-
84059A02K;84059A02-
84059A04K;84059A040
84059A09K;84059A091
84059A09L;84059A091
84059A09M;84059A091
84059A11K;84059A113
84059A11L;84059A113
84059B00K;84059B000
84059B09-;84059B09-
84059C00K;84059C00-
84059C09-;84059C09-
84059C10K;84059C10-
84059C19K;84059C19-
84059C29-;84059C29-
84059C39K;84059C39-
84059D001;84059D001
84059D01K;84059D012
84059D09K;84059D090
84059D10-;84059D10-
84059D19K;84059D19-
84059E00-;84059E00-
84059E09K;84059E09-
84059F00-;84059F00-
84059F09K;84059F09-
84068A000;84068A000
84068A012;84068A012
84068A091;84068A091
84068B000;84068B000
84068B09-;84068B09-
84068B10K;84068B10-
84068B112;84068B112
84068C001;84068C001
84068C012;84068C012
84068C090;84068C090
84068D000;84068D000
84068D09-;84068D09-
84075A001;84075A001
84075A01K;84075A012
84075A02K;84075A023
84075A032;84075A032
84075A04K;84075A043
84075A08K;84075A081
84075A09K;84075A090
84075B00-;84075B00-
84075B08-;84075B08-
84075B09-;84075B09-
84075C00K;84075C00-
84075C01-;84075C01-
84075C09K;84075C09-
84075D00-;84075D00-
84075D09-;84075D09-
84075D10-;84075D10-
84075D19K;84075D19-
84075D20-;84075D20-
84075D29-;84075D29-
84075E00K;84075E000
84075E09K;84075E090
84077A00-;84077A00-
84077A01K;84077A010
84077A02K;84077A021
84077A032;84077A032
84077A042;84077A042
84077A07K;84077A073
84077A10K;84077A10-
84077A11K;84077A110
84077A12K;84077A120
84077A19K;84077A191
84077B000;84077B000
84077B090;84077B090
84077B10K;84077B100
84077B19K;84077B190
84077B20K;84077B200
84077B29-;84077B29-
84077C00K;84077C000
84077C09K;84077C090
84077C10K;84077C10-
84077C20-;84077C20-
84077C29-;84077C29-
84077C30-;84077C30-
84077C39-;84077C39-
84077C40K;84077C40-
84077D00K;84077D001
84077D01K;84077D012
84077D02K;84077D023
84077D09K;84077D091
84077D10-;84077D10-
84077D19-;84077D19-
84077E00-;84077E00-
84077E01K;84077E01-
84077E02K;84077E020
84077E09K;84077E09-
84077E09L;84077E09-
84077E10-;84077E10-
84077E19-;84077E19-
84077F00K;84077F00-
84077F01-;84077F01-
84077F09K;84077F09-
84077F10-;84077F10-
84077F19-;84077F19-
84077F20-;84077F20-
84077F29-;84077F29-
84077F30-;84077F30-
84077F39-;84077F39-
84077F40-;84077F40-
84077F49-;84077F49-
84077F50-;84077F50-
84077F59-;84077F59-
84077F60K;84077F60-
84077F69K;84077F69-
84077G00-;84077G00-
84077G01K;84077G010
84077G02K;84077G022
84077G09K;84077G091
84077H00-;84077H00-
84077H09-;84077H09-
84077H10-;84077H10-
84077H11-;84077H11-
84077H12-;84077H12-
84077H19-;84077H19-
85007A00-;85007A00-
85007A01K;85007A012
85007A09K;85007A091
85007A19-;85007A19-
85007B00-;85007B00-
85007B01K;85007B012
85007B09K;85007B091
85007C00-;85007C00-
85007C09K;85007C09-
85007D00K;85007D000
85007D10K;85007D10-
85007D11K;85007D110
85007D19K;85007D19-
85007D20-;85007D20-
85007D29-;85007D29-
85007E000;85007E000
85007E080;85007E080
85007E09-;85007E09-
85007E10-;85007E10-
85007E19-;85007E19-
85007E20-;85007E20-
85007E29-;85007E29-
85007F00-;85007F00-
85007F08-;85007F08-
85007F09-;85007F09-
85007F10-;85007F10-
85007F19-;85007F19-
85009A00K;85009A000
85009A00L;85009A000
85009A09K;85009A090
85009A10K;85009A10-
85009A11-;85009A11-
85009A19K;85009A19-
85009B001;85009B001
85009B012;85009B012
85009B090;85009B090
85009C000;85009C000
85009C090;85009C090
85009D000;85009D000
85009D09K;85009D090
85009E00K;85009E00-
85009E012;85009E012
85009E02K;85009E023
85009E09K;85009E091
85009E09L;85009E091
85009E10K;85009E10-
85009E19K;85009E19-
85009E29-;85009E29-
85009F00K;85009F00-
85009F09K;85009F09-
85009F10-;85009F10-
85009F19-;85009F19-
85009F291;85009F291
85011A00K;85011A000
85011A01K;85011A010
85011A02K;85011A022
85011A09K;85011A091
85011B00-;85011B00-
85011B09-;85011B09-
85011B10-;85011B10-
85011B19-;85011B19-
85011C00-;85011C00-
85011C012;85011C012
85011C091;85011C091
85011C100;85011C100
85011C112;85011C112
85011C191;85011C191
85011D00K;85011D00-
85011D01K;85011D012
85011D09K;85011D091
85011D10-;85011D10-
85011D19K;85011D190
85011D29-;85011D29-
85011E00-;85011E00-
85011E09-;85011E09-
85011F000;85011F000
85011F090;85011F090
85011G00-;85011G00-
85011G09-;85011G09-
85011G10-;85011G10-
85011G19-;85011G19-
85011G20-;85011G20-
85011G29-;85011G29-
85024A00K;85024A000
85024A08K;85024A080
85024A09K;85024A09-
85024B00K;85024B000
85024B012;85024B012
85024B09K;85024B091
85024C00-;85024C00-
85024C09-;85024C09-
85024C10-;85024C10-
85024C19K;85024C19-
85024D00-;85024D00-
85024D09-;85024D09-
85024E000;85024E000
85024E090;85024E090
85024E10-;85024E10-
85024E19-;85024E19-
85026A00K;85026A00-
85026A09K;85026A09-
85026A09L;85026A09-
85026A10K;85026A10-
85026A19K;85026A19-
85026A19L;85026A19-
85026A20-;85026A20-
85026A21K;85026A21-
85026A29-;85026A29-
85026B00K;85026B000
85026B082;85026B082
85026B09K;85026B090
85026B10K;85026B10-
85026B18K;85026B182
85026B19K;85026B193
85034A001;85034A001
85034A012;85034A012
85034A090;85034A090
85034B00K;85034B000
85034B012;85034B012
85034B09K;85034B091
85034C00K;85034C000
85034C09K;85034C090
85039A00K;85039A000
85039A09K;85039A090
85039A10K;85039A10-
85039A19K;85039A19-
85039A20K;85039A20-
85039A29K;85039A29-
85039A30-;85039A30-
85039A39-;85039A39-
85039B00K;85039B00-
85039B09K;85039B09-
85039B10-;85039B10-
85039B19-;85039B19-
85039C00K;85039C00-
85039C01K;85039C012
85039C09K;85039C091
85039D00-;85039D00-
85039D09-;85039D09-
85045A00K;85045A00-
85045A01K;85045A010
85045A02K;85045A02-
85045A02L;85045A02-
85045A03K;85045A03-
85045A09K;85045A090
85045A09L;85045A090
85045B001;85045B001
85045B01K;85045B010
85045B022;85045B022
85045B032;85045B032
85045B091;85045B091
85045C00K;85045C009
85045C0MK;85045C0MA
85045C0PK;85045C0PA
85045C10K;85045C10-
85045C11-;85045C11-
85045C12K;85045C120
85045C19K;85045C190
85045D00K;85045D000
85045D010;85045D010
85045D02-;85045D02-
85045D03K;85045D032
85045D0MK;85045D0MA
85045D0PK;85045D0PA
85045D10K;85045D10-
85045D11K;85045D112
85045D18K;85045D18-
85045E00K;85045E000
85045E01-;85045E01-
85045E0MA;85045E0MA
85045E0PK;85045E0PA
85045E10K;85045E100
85045E19K;85045E190
85045F00-;85045F00-
85045F091;85045F091
85045F191;85045F191
85045F20-;85045F20-
85045F29-;85045F29-
85045F300;85045F300
85045F390;85045F390
85046A00K;85046A000
85046A00L;85046A000
85046A01K;85046A010
85046A09K;85046A090
85046A09L;85046A090
85046B000;85046B000
85046B091;85046B091
85046C00K;85046C000
85046C01K;85046C01-
85046C09K;85046C090
85046C10-;85046C10-
85046C19-;85046C19-
85046D00K;85046D000
85046D09K;85046D090
85046E000;85046E000
85046E090;85046E090
85046E10K;85046E100
85046E19K;85046E190
85046E20K;85046E20-
85046E29K;85046E292
85046E30-;85046E30-
85046E312;85046E312
85046E39K;85046E391
85046E49-;85046E49-
85046F00-;85046F00-
85046F090;85046F090
85047A00K;85047A001
85047A09K;85047A091
85047A10-;85047A10-
85047A19-;85047A19-
85047A20-;85047A20-
85047A29-;85047A29-
85047B000;85047B000
85047B0PK;85047B0PA
85047B10-;85047B10-
85047B19-;85047B19-
85047C00K;85047C00-
85047C01-;85047C01-
85047C09K;85047C09-
85047D00-;85047D00-
85047D09-;85047D09-
91005A001;91005A001
91005A01K;91005A010
91005A022;91005A022
91005A09K;91005A090
91005A100;91005A100
91005A19K;91005A190
91005A20K;91005A200
91005A29K;91005A290
91005A302;91005A302
91005A391;91005A391
91005A40K;91005A40-
91005A49K;91005A49-
91005B00-;91005B00-
91005B09-;91005B09-
91005B10K;91005B10-
91005B19K;91005B19-
91005C00-;91005C00-
91005C012;91005C012
91005C091;91005C091
91005C19K;91005C19-
91005D00K;91005D001
91005D012;91005D012
91005D02K;91005D023
91005D032;91005D032
91005D09K;91005D091
91005D09L;91005D091
91005E000;91005E000
91005E01-;91005E01-
91005E082;91005E082
91005E091;91005E091
91005E10-;91005E10-
91005E190;91005E190
91013A00-;91013A00-
91013A01K;91013A01-
91013A02-;91013A02-
91013A03-;91013A03-
91013A04-;91013A04-
91013A05-;91013A05-
91013A08K;91013A08-
91013A09K;91013A091
91013A10-;91013A10-
91013A11K;91013A112
91013A19K;91013A190
91013A20K;91013A200
91013A29K;91013A290
91013B00K;91013B00-
91013B09K;91013B09-
91013B10-;91013B10-
91013B19K;91013B19-
91013C000;91013C000
91013C09K;91013C090
91013D000;91013D000
91013D090;91013D090
91013E00-;91013E00-
91013E01K;91013E012
91013E020;91013E020
91013E09K;91013E091
91013E19-;91013E19-
91013F00K;91013F00-
91013F09K;91013F09-
91013G00-;91013G00-
91013G09K;91013G090
91013G100;91013G100
91013G190;91013G190
91013H00K;91013H00-
91013H09K;91013H09-
91013J00K;91013J000
91013J08-;91013J08-
91013J09K;91013J090
91013J10-;91013J10-
91013J19K;91013J19-
91013K000;91013K000
91013K09K;91013K090
91013L00-;91013L00-
91013L09-;91013L09-
91013L10-;91013L10-
91013L19K;91013L19-
91013M00-;91013M00-
91013M09K;91013M09-
91013N00-;91013N00-
91013N09K;91013N09-
91013P00-;91013P00-
91013P09-;91013P09-
91013R00-;91013R00-
91013R01-;91013R01-
91013R02-;91013R02-
91013R032;91013R032
91013R042;91013R042
91013R081;91013R081
91013R09K;91013R091
91013R19-;91013R19-
91015A00K;91015A000
91015A062;91015A062
91015A091;91015A091
91015A19K;91015A19-
91015A29-;91015A29-
91015B00-;91015B00-
91015B09-;91015B09-
91015B10K;91015B10-
91015C00-;91015C00-
91015C09K;91015C09-
91015C19K;91015C19-
91015D00-;91015D00-
91015D09-;91015D09-
91015D10-;91015D10-
91015D19K;91015D19-
91015D20-;91015D20-
91015D29-;91015D29-
91015D30-;91015D30-
91015D39-;91015D39-
91015D40-;91015D40-
91015D49-;91015D49-
91015E00-;91015E00-
91015E062;91015E062
91015E091;91015E091
91015E10-;91015E10-
91015E18-;91015E18-
91015E20K;91015E20-
91015E29-;91015E29-
91030A00K;91030A00-
91030A01K;91030A01-
91030A02K;91030A02-
91030A02L;91030A02-
91030A03K;91030A03-
91030A04K;91030A041
91030A05K;91030A05-
91030A08K;91030A082
91030A09K;91030A091
91030A09L;91030A091
91030A19K;91030A19-
91030A29-;91030A29-
91030A39K;91030A39-
91030A41K;91030A41-
91030A51K;91030A511
91030A52K;91030A523
91030A53K;91030A532
91030A57K;91030A574
91030A61K;91030A615
91030A61L;91030A615
91030B00-;91030B00-
91030B08-;91030B08-
91030B09-;91030B09-
91030B19-;91030B19-
91030C00-;91030C00-
91030C06K;91030C062
91030C09K;91030C091
91030C10K;91030C10-
91030C11K;91030C11-
91030C19K;91030C191
91030C20K;91030C20-
91030C29K;91030C29-
91030C39-;91030C39-
91030D00K;91030D00-
91030D010;91030D010
91030D09K;91030D090
91030D10K;91030D100
91030D11K;91030D11-
91030D12K;91030D122
91030D19K;91030D191
91030D20-;91030D20-
91030D290;91030D290
91030D30K;91030D30-
91030D39K;91030D39-
91030D49K;91030D499
91030E00-;91030E00-
91030E09-;91030E09-
91030E10-;91030E10-
91030E19-;91030E19-
91030E20-;91030E20-
91030E21K;91030E21-
91030E29K;91030E29-
91030F00-;91030F00-
91030F09K;91030F09-
91030F19K;91030F19-
91030F20-;91030F20-
91030F29-;91030F29-
91030G000;91030G000
91030G01K;91030G013
91030G07K;91030G072
91030G09K;91030G091
91030G10K;91030G101
91030G11K;91030G112
91030G12K;91030G122
91030G19K;91030G191
91030H00K;91030H00-
91030H01K;91030H012
91030H09K;91030H091
91030H09L;91030H091
91030H10K;91030H100
91030H11K;91030H112
91030H19K;91030H191
91030J00K;91030J000
91030J09K;91030J090
91030J09L;91030J090
91030J10-;91030J10-
91030J19K;91030J19-
91034A00K;91034A001
91034A010;91034A010
91034A020;91034A020
91034A03K;91034A03-
91034A042;91034A042
91034A05K;91034A052
91034A062;91034A062
91034A09K;91034A091
91034A09L;91034A091
91034A0AK;91034A0AA
91034A0PK;91034A0PA
91034A0PL;91034A0PA
91034A10K;91034A10-
91034A19-;91034A19-
91034A20K;91034A201
91034A20L;91034A201
91034A21K;91034A21-
91034A22K;91034A22-
91034A23K;91034A232
91034A24K;91034A243
91034A25K;91034A252
91034A28K;91034A281
91034A29K;91034A290
91034A30K;91034A309
91034A30L;91034A309
91034A30M;91034A309
91034A40K;91034A400
91034A42K;91034A421
91034A43K;91034A432
91034A44K;91034A442
91034A44L;91034A491
91034A49K;91034A491
91034A50K;91034A500
91034A59K;91034A590
91034A59L;91034A590
91034A60-;91034A60-
91034A61-;91034A61-
91034A623;91034A623
91034A69-;91034A69-
91034A79-;91034A79-
91034A80K;91034A800
91034B000;91034B000
91034B09K;91034B09-
91034B10K;91034B100
91034B19K;91034B190
91034B20K;91034B20-
91034B29K;91034B29-
91034C00-;91034C00-
91034C09K;91034C09-
91034D00-;91034D00-
91034D09K;91034D090
91034D19K;91034D191
91034D20-;91034D20-
91034D29K;91034D292
91034D39K;91034D393
91034E00-;91034E00-
91034E09K;91034E09-
91034E10-;91034E10-
91034E19-;91034E19-
91034F00-;91034F00-
91034F09-;91034F09-
91034F19-;91034F19-
91034G00K;91034G00-
91034G09K;91034G09-
91034H00K;91034H00-
91034H09K;91034H09-
91054A00K;91054A001
91054A012;91054A012
91054A090;91054A090
91054A100;91054A100
91054A190;91054A190
91054B000;91054B000
91054B090;91054B090
91054C00-;91054C00-
91054C09-;91054C09-
91054D00-;91054D00-
91054D09-;91054D09-
91054E00K;91054E000
91054E09K;91054E090
91054F00-;91054F00-
91054F09K;91054F09-
91054G00-;91054G00-
91054G09-;91054G09-
91054H00-;91054H00-
91054H09-;91054H09-
91054J00K;91054J00-
91054J062;91054J062
91054J091;91054J091
91054J163;91054J163
91054K00-;91054K00-
91054K09-;91054K09-
91054K19K;91054K19-
91054L000;91054L000
91054L090;91054L090
91054M00K;91054M000
91054M090;91054M090
91059A00-;91059A00-
91059A01-;91059A01-
91059A09K;91059A09-
91059A10K;91059A100
91059A19K;91059A190
91059B001;91059B001
91059B01K;91059B012
91059B09K;91059B090
91059B10K;91059B100
91059B190;91059B190
91059C00-;91059C00-
91059C01K;91059C01-
91059C09K;91059C09-
91059D00-;91059D00-
91059D09-;91059D09-
91059E00K;91059E00-
91059E01K;91059E012
91059E09K;91059E091
91059E100;91059E100
91059E190;91059E190
91059E20K;91059E20-
91059E29-;91059E29-
91059F00K;91059F00-
91059F01K;91059F01-
91059F02K;91059F022
91059F09K;91059F091
91059F19-;91059F19-
91059F29-;91059F29-
91059G00-;91059G00-
91059G09K;91059G091
91059G10K;91059G10-
91059G11K;91059G112
91059G1PK;91059G1PP
91064A00K;91064A00-
91064A01K;91064A01-
91064A02K;91064A02-
91064A03K;91064A032
91064A04K;91064A043
91064A09K;91064A091
91064A10-;91064A10-
91064A19-;91064A19-
91064B00-;91064B00-
91064B012;91064B012
91064B091;91064B091
91064C00-;91064C00-
91064C090;91064C090
91064C191;91064C191
91064D000;91064D000
91064D09K;91064D090
91064D10-;91064D10-
91064D19K;91064D19-
91064D29-;91064D29-
91064E00-;91064E00-
91064E09-;91064E09-
91064E10-;91064E10-
91064E19-;91064E19-
91064F00-;91064F00-
91064F09-;91064F09-
91064F19-;91064F19-
91064G00-;91064G00-
91064G09-;91064G09-
91064H00-;91064H00-
91064H09-;91064H09-
91064J00-;91064J00-
91064J09-;91064J09-
91064J10-;91064J10-
91064J19-;91064J19-
91064J20-;91064J20-
91064J29-;91064J29-
91064J30-;91064J30-
91064J3PN;91064J3PN
91064J40K;91064J40-
91064J49-;91064J49-
91072A00K;91072A000
91072A01-;91072A01-
91072A060;91072A060
91072A09K;91072A090
91072A19-;91072A19-
91072A20-;91072A20-
91072A29-;91072A29-
91072B00-;91072B00-
91072B062;91072B062
91072B08-;91072B08-
91072B091;91072B091
91072C00-;91072C00-
91072C08-;91072C08-
91072C09-;91072C09-
91072D00-;91072D00-
91072D01K;91072D012
91072D09K;91072D091
91072D19-;91072D19-
91072E00K;91072E00-
91072E012;91072E012
91072E09K;91072E091
91072E10-;91072E10-
91072E19-;91072E19-
91072F00K;91072F000
91072F09K;91072F090
91072F19-;91072F19-
91072G00-;91072G00-
91072G012;91072G012
91072G091;91072G091
91072G10-;91072G10-
91072G19-;91072G19-
91072G20K;91072G20-
91072G262;91072G262
91072G281;91072G281
91072G29K;91072G291
91072G30-;91072G30-
91072G362;91072G362
91072G39-;91072G39-
91072H00-;91072H00-
91072H09-;91072H09-
91072H10K;91072H100
91072H19K;91072H190
91072J00-;91072J00-
91072J012;91072J012
91072J091;91072J091
91072J10-;91072J10-
91072J19-;91072J19-
91072J200;91072J200
91072J29K;91072J290
91072K00-;91072K00-
91072K012;91072K012
91072K023;91072K023
91072K064;91072K064
91072K091;91072K091
91103A00K;91103A000
91103A062;91103A062
91103A091;91103A091
91103A199;91103A199
91103B00K;91103B00-
91103B01K;91103B012
91103B091;91103B091
91103C00-;91103C00-
91103C09K;91103C09-
91103C10-;91103C10-
91103C162;91103C162
91103C191;91103C191
91103D00-;91103D00-
91103D09K;91103D09-
91103D10-;91103D10-
91103D19K;91103D19-
91103D20-;91103D20-
91103D29-;91103D29-
91103E00-;91103E00-
91103E09-;91103E09-
91103E102;91103E102
91103E191;91103E191
91103F00K;91103F000
91103F062;91103F062
91103F091;91103F091
91103G00-;91103G00-
91103G01K;91103G012
91103G09K;91103G091
91114A00-;91114A00-
91114A01-;91114A01-
91114A02-;91114A02-
91114A030;91114A030
91114A04K;91114A040
91114A05-;91114A05-
91114A06K;91114A062
91114A090;91114A090
91114A10K;91114A100
91114A190;91114A190
91114A20K;91114A200
91114A20L;91114A200
91114A27K;91114A272
91114A29K;91114A291
91114B00-;91114B00-
91114B01K;91114B010
91114B020;91114B020
91114B082;91114B082
91114B09K;91114B091
91114B09L;91114B091
91114C00K;91114C000
91114C010;91114C010
91114C02K;91114C022
91114C09K;91114C091
91114C10-;91114C10-
91114C19-;91114C19-
91114C200;91114C200
91114C290;91114C290
91114D00-;91114D00-
91114D010;91114D010
91114D022;91114D022
91114D091;91114D091
91114E00K;91114E000
91114E09K;91114E09-
91114F00-;91114F00-
91114F09K;91114F09-
91114G00-;91114G00-
91114G062;91114G062
91114G09K;91114G091
91114G10-;91114G10-
91114G19-;91114G19-
91114H00-;91114H00-
91114H09K;91114H09-
91114J00K;91114J000
91114J09K;91114J090
91114J10K;91114J10-
91114J19K;91114J19-
91114J29K;91114J29-
91114J39-;91114J39-
91114K00-;91114K00-
91114K09-;91114K09-
91114K100;91114K100
91114K190;91114K190
91114K20K;91114K200
91114K290;91114K290
91114K30-;91114K30-
91114K39-;91114K39-
91114L00K;91114L000
91114L090;91114L090
91114L10K;91114L102
91114L19K;91114L191
91114L20-;91114L20-
91114L29-;91114L29-
91114L30K;91114L30-
91114L39K;91114L392
91120A00-;91120A00-
91120A06K;91120A062
91120A091;91120A091
91120A19-;91120A19-
91120A392;91120A392
91120A41-;91120A41-
91120A49K;91120A492
91120B000;91120B000
91120B01-;91120B01-
91120B091;91120B091
91120B0AJ;91120B0AJ
91120C00-;91120C00-
91120C09-;91120C09-
91120C100;91120C100
91120C162;91120C162
91120C191;91120C191
91120D00-;91120D00-
91120D091;91120D091
91120D11K;91120D112
91120E000;91120E000
91120E09K;91120E091
91120E09L;91120E091
91120E0AJ;91120E0AJ
91120E11K;91120E113
91120F00-;91120F00-
91120F01-;91120F01-
91120F09-;91120F09-
91120F19-;91120F19-
91120G00K;91120G00-
91120G09-;91120G09-
91120H00-;91120H00-
91120H01-;91120H01-
91120H06-;91120H06-
91120H091;91120H091
91120H10-;91120H10-
91120H162;91120H162
91120H191;91120H191
91120H262;91120H262
91120J000;91120J000
91120J090;91120J090
91120J10-;91120J10-
91120J110;91120J110
91120J19-;91120J19-
91141A00K;91141A000
91141A01K;91141A01-
91141A02-;91141A02-
91141A03K;91141A03-
91141A04K;91141A04-
91141A05K;91141A052
91141A08K;91141A083
91141A09K;91141A091
91141A09L;91141A091
91141A10-;91141A10-
91141A16K;91141A162
91141A16L;91141A162
91141A19K;91141A191
91141A200;91141A200
91141A290;91141A290
91141A30-;91141A30-
91141A312;91141A312
91141A391;91141A391
91141A46-;91141A46-
91141B000;91141B000
91141B01K;91141B010
91141B022;91141B022
91141B063;91141B063
91141B080;91141B080
91141B09K;91141B091
91141B09L;91141B091
91141B10K;91141B10-
91141B112;91141B112
91141B12K;91141B123
91141B19K;91141B191
91141B19L;91141B191
91141C001;91141C001
91141C01K;91141C012
91141C01L;91141C012
91141C02K;91141C022
91141C033;91141C033
91141C09K;91141C091
91141D00-;91141D00-
91141D022;91141D022
91141D033;91141D033
91141D09K;91141D091
91141E00K;91141E00-
91141E09K;91141E09-
91141F00-;91141F00-
91141F09-;91141F09-
91142A00K;91142A00-
91142A01K;91142A012
91142A063;91142A063
91142A084;91142A084
91142A09K;91142A091
91142A09L;91142A091
91142A10K;91142A10-
91142A16K;91142A162
91142A16L;91142A162
91142A19K;91142A191
91142A20-;91142A20-
91142A26K;91142A262
91142A29K;91142A291
91142A363;91142A363
91142A464;91142A464
91142B00K;91142B000
91142B00L;91142B000
91142B00M;91142B000
91142B06K;91142B062
91142B06L;91142B062
91142B09K;91142B091
91142C00-;91142C00-
91142C062;91142C062
91142C09K;91142C091
91142C199;91142C199
91142C29-;91142C29-
91142D00K;91142D00-
91142D062;91142D062
91142D09K;91142D091
91142D16K;91142D163
91142E00K;91142E001
91142E06K;91142E062
91142E09K;91142E090
91142E19-;91142E19-
91142F000;91142F000
91142F090;91142F090
91142F10-;91142F10-
91142F19-;91142F19-
91142F200;91142F200
91142F290;91142F290
91142F36-;91142F36-
91142G00K;91142G00-
91142G01K;91142G012
91142G06K;91142G064
91142G09K;91142G091
91143A00-;91143A00-
91143A09K;91143A09-
91143A10-;91143A10-
91143A19K;91143A19-
91143A20K;91143A200
91143A262;91143A262
91143A29K;91143A291
91143A363;91143A363
91143B000;91143B000
91143B012;91143B012
91143B023;91143B023
91143B08K;91143B081
91143B091;91143B091
91143B100;91143B100
91143B1JA;91143B1JA
91143B1PA;91143B1PA
91143B200;91143B200
91143B28-;91143B28-
91143B290;91143B290
91143B31-;91143B31-
91143C00-;91143C00-
91143C09K;91143C09-
91143C10-;91143C10-
91143C19-;91143C19-
91143C20-;91143C20-
91143C29-;91143C29-
91143D00-;91143D00-
91143D01-;91143D01-
91143D022;91143D022
91143D033;91143D033
91143D064;91143D064
91143D081;91143D081
91143D091;91143D091
91143D162;91143D162
91143D199;91143D199
91143E00-;91143E00-
91143E09-;91143E09-
91143E10-;91143E10-
91143E19K;91143E19-
91143E29K;91143E29-
91143F00-;91143F00-
91143F09-;91143F09-
92003A00K;92003A00-
92003A00L;92003A00-
92003A00M;92003A00-
92003A01K;92003A011
92003A01L;92003A011
92003A03K;92003A031
92003A03L;92003A031
92003A03M;92003A031
92003A04K;92003A04-
92003A07K;92003A072
92003A09K;92003A09-
92003A09L;92003A09-
92003A10K;92003A101
92003A11K;92003A112
92003A17K;92003A172
92003A19K;92003A190
92003A19L;92003A190
92003A20K;92003A200
92003A21K;92003A21-
92003A21L;92003A21-
92003A22K;92003A222
92003A22L;92003A222
92003A29K;92003A291
92003A30-;92003A30-
92003A39K;92003A390
92003A49K;92003A490
92003A59K;92003A59-
92003B00K;92003B00-
92003B01K;92003B01-
92003B09K;92003B09-
92003B10K;92003B10-
92003B19K;92003B19-
92003C00K;92003C000
92003C01K;92003C01-
92003C02K;92003C020
92003C09K;92003C090
92003C11-;92003C11-
92003D00-;92003D00-
92003D01K;92003D01-
92003D02K;92003D021
92003D09K;92003D09-
92003D09L;92003D09-
92003E00K;92003E00-
92003E09K;92003E09-
92003E10K;92003E100
92003E19K;92003E190
92003F00-;92003F00-
92003F01-;92003F01-
92003F09-;92003F09-
92003F19-;92003F19-
92003G00K;92003G00-
92003G01-;92003G01-
92003G02K;92003G022
92003G09K;92003G091
92003G09L;92003G091
92003H00K;92003H00-
92003H01-;92003H01-
92003H09K;92003H09-
92003H09L;92003H09-
92003H10K;92003H10-
92003H20K;92003H20-
92003H21-;92003H21-
92003H220;92003H220
92003H29K;92003H290
92003H29L;92003H290
92003J00-;92003J00-
92003J09K;92003J09-
92003J09L;92003J09-
92003J10K;92003J10-
92003J19K;92003J190
92003J20K;92003J20-
92003J20L;92003J20-
92003J21K;92003J212
92003J29K;92003J291
92003K00K;92003K001
92003K01K;92003K01-
92003K02K;92003K022
92003K02L;92003K022
92003K03K;92003K032
92003K09K;92003K091
92003K10K;92003K101
92003K10L;92003K101
92003K11K;92003K11-
92003K11L;92003K11-
92003K172;92003K172
92003K19K;92003K191
92003K1MJ;92003K1MJ
92003K20K;92003K200
92003K20L;92003K200
92003K21K;92003K212
92003K29K;92003K291
92006A00K;92006A000
92006A072;92006A072
92006A09K;92006A090
92006A0AJ;92006A0AJ
92006A19-;92006A19-
92006A290;92006A290
92006A39-;92006A39-
92006A49K;92006A49-
92006B00-;92006B00-
92006B012;92006B012
92006B091;92006B091
92006C00K;92006C000
92006C012;92006C012
92006C09K;92006C091
92006C10-;92006C10-
92006C19-;92006C19-
92006D00K;92006D001
92006D00L;92006D001
92006D00M;92006D001
92006D01K;92006D012
92006D08K;92006D08-
92006D08L;92006D08-
92006D09K;92006D090
92006E000;92006E000
92006E01K;92006E012
92006E022;92006E022
92006E08K;92006E081
92006E09K;92006E091
92006E100;92006E100
92006E19K;92006E190
92006F00-;92006F00-
92006F09-;92006F09-
92006G00-;92006G00-
92006G01-;92006G01-
92006G09-;92006G09-
92006G10K;92006G10-
92006G19K;92006G19-
92035A00K;92035A00-
92035A00L;92035A00-
92035A011;92035A011
92035A02K;92035A020
92035A03K;92035A032
92035A09K;92035A090
92035B00K;92035B000
92035B09K;92035B090
92035C00-;92035C00-
92035C09-;92035C09-
92035D00K;92035D00-
92035D09-;92035D09-
92035E001;92035E001
92035E012;92035E012
92035E09K;92035E09-
92035F00K;92035F00-
92035F09K;92035F09-
92035F100;92035F100
92035F190;92035F190
92035G00-;92035G00-
92035G01-;92035G01-
92035G02K;92035G02-
92035G032;92035G032
92035G09K;92035G091
92035G10-;92035G10-
92035G19-;92035G19-
92035H00-;92035H00-
92035H09-;92035H09-
92035H10K;92035H10-
92035H19K;92035H19-
92035J000;92035J000
92035J01K;92035J01-
92035J090;92035J090
92035K00K;92035K000
92035K09K;92035K090
92035K100;92035K100
92035K190;92035K190
92035L001;92035L001
92035L01-;92035L01-
92035L022;92035L022
92035L03-;92035L03-
92035L042;92035L042
92035L091;92035L091
92035M001;92035M001
92035M012;92035M012
92035M09-;92035M09-
92035M10-;92035M10-
92035M19-;92035M19-
92035N00-;92035N00-
92035N091;92035N091
92035N10K;92035N100
92035N19K;92035N190
92035N212;92035N212
92035P00K;92035P00-
92035P09K;92035P09-
92035R00K;92035R00-
92035R01K;92035R01-
92035R09K;92035R09-
92035R09L;92035R09-
92035S00-;92035S00-
92035S01K;92035S010
92035S091;92035S091
92045A00K;92045A00-
92045A01K;92045A010
92045A020;92045A020
92045A07K;92045A07-
92045A07L;92045A07-
92045A09K;92045A091
92045A10K;92045A100
92045A11K;92045A112
92045A19K;92045A191
92045A19L;92045A191
92045A20K;92045A200
92045A212;92045A212
92045A29K;92045A291
92045A383;92045A383
92045A391;92045A391
92045A48K;92045A482
92045A49K;92045A493
92045B00K;92045B000
92045B012;92045B012
92045B07K;92045B072
92045B08K;92045B081
92045B09K;92045B091
92045C00-;92045C00-
92045C01K;92045C01-
92045C02-;92045C02-
92045C09K;92045C09-
92045C09L;92045C09-
92045C09M;92045C09-
92045D001;92045D001
92045D012;92045D012
92045D02K;92045D022
92045D033;92045D033
92045D09K;92045D091
9204810PQ;9204810PQ
92048A00K;92048A00-
92048A01-;92048A01-
92048A02K;92048A020
92048A03K;92048A03-
92048A04K;92048A04-
92048A062;92048A062
92048A08K;92048A089
92048A08L;92048A089
92048A091;92048A091
92048A10K;92048A10-
92048A16K;92048A161
92048A19K;92048A199
92048A19L;92048A199
92048A20K;92048A20-
92048A30K;92048A30-
92048A39K;92048A39-
92048A39L;92048A39-
92048A39M;92048A39-
92048B00-;92048B00-
92048B01K;92048B012
92048B08K;92048B081
92048B09K;92048B09-
92048B09L;92048B09-
92048C00K;92048C000
92048C01K;92048C012
92048C09K;92048C091
92048D00-;92048D00-
92048D01K;92048D010
92048D09K;92048D090
92048D59K;92048D592
92048E00-;92048E00-
92048E08K;92048E081
92048E09K;92048E09-
92048E11K;92048E112
92048F00-;92048F00-
92048F09-;92048F09-
92054A000;92054A000
92054A01-;92054A01-
92054A02-;92054A02-
92054A031;92054A031
92054A042;92054A042
92054A062;92054A062
92054A08K;92054A081
92054A090;92054A090
92054A10K;92054A101
92054A112;92054A112
92054A122;92054A122
92054A13K;92054A133
92054A18K;92054A181
92054A19-;92054A19-
92054B00-;92054B00-
92054B01-;92054B01-
92054B08K;92054B08-
92054B09K;92054B09-
92054B19-;92054B19-
92054C00K;92054C00-
92054C09K;92054C09-
92054C10-;92054C10-
92054C19-;92054C19-
92054D00-;92054D00-
92054D09-;92054D09-
92054D10K;92054D10-
92054D19-;92054D19-
92054D20-;92054D20-
92054D29-;92054D29-
92054E00-;92054E00-
92054E09-;92054E09-
92054E19-;92054E19-
92087A001;92087A001
92087A012;92087A012
92087A022;92087A022
92087A033;92087A033
92087A04K;92087A041
92087A07K;92087A072
92087A091;92087A091
92087A10K;92087A100
92087A19K;92087A19-
92087A200;92087A200
92087A29K;92087A290
92087A384;92087A384
92087A39K;92087A39-
92087A400;92087A400
92087A49K;92087A490
92087A591;92087A591
92087B000;92087B000
92087B090;92087B090
92087B10K;92087B100
92087B19K;92087B190
92087B20K;92087B20-
92087B262;92087B262
92087B29K;92087B291
92087B29L;92087B291
92087C00-;92087C00-
92087C09-;92087C09-
92087D00-;92087D00-
92087D09-;92087D09-
92087E000;92087E000
92087E090;92087E090
92087F00K;92087F00-
92087F09K;92087F09-
92087G00-;92087G00-
92087G01-;92087G01-
92087G09K;92087G09-
92087H00K;92087H000
92087H09K;92087H090
92087J00K;92087J000
92087J01K;92087J010
92087J02K;92087J020
92087J02L;92087J020
92087J09K;92087J090
92087J09L;92087J090
92087J10K;92087J10-
92087J112;92087J112
92087J19K;92087J191
92094A001;92094A001
92094A011;92094A011
92094A02-;92094A02-
92094A031;92094A031
92094A04-;92094A04-
92094A05-;92094A05-
92094A10-;92094A10-
92094A20-;92094A20-
92094A300;92094A300
92094A32K;92094A322
92094A39K;92094A391
92094A401;92094A401
92094A41K;92094A411
92094A422;92094A422
92094A433;92094A433
92094A452;92094A452
92094A47-;92094A47-
92094A50K;92094A50-
92094A60K;92094A601
92094A61K;92094A61-
92094A62K;92094A62-
92094A63-;92094A63-
92094A642;92094A642
92094A702;92094A702
92094A712;92094A712
92094A732;92094A732
92094B00K;92094B00-
92094B011;92094B011
92094B02K;92094B022
92094B10K;92094B101
92094B11K;92094B11-
92094B12K;92094B122
92094B19K;92094B19-
92094B20-;92094B20-
92094B21-;92094B21-
92094B221;92094B221
92094B23K;92094B232
92094B30K;92094B301
92094B31K;92094B312
92094B40K;92094B401
92094B41K;92094B412
92094C00K;92094C00-
92094C01K;92094C01-
92094C02K;92094C020
92094C03K;92094C032
92094C03L;92094C032
92094C04K;92094C043
92094C05K;92094C054
92094C09K;92094C091
92094C10-;92094C10-
92094C112;92094C112
92094C18-;92094C18-
92094C19K;92094C191
92094C212;92094C212
92094C31K;92094C313
92094D00K;92094D00-
92094D01K;92094D011
92094D02K;92094D022
92094D09K;92094D09-
92094D10K;92094D10-
92094D11K;92094D110
92094D191;92094D191
92094D20K;92094D20-
92094D21-;92094D21-
92094D22K;92094D22-
92094D30K;92094D30-
92094D310;92094D310
92094D32K;92094D322
92094D33K;92094D332
92094D37K;92094D370
92094D400;92094D400
92094D49-;92094D49-
92094E00-;92094E00-
92094E01-;92094E01-
92094E02K;92094E021
92094E07K;92094E072
92094E09K;92094E09-
92094E10K;92094E101
92094E112;92094E112
92094E173;92094E173
92094F00-;92094F00-
92094F01K;92094F01-
92094F020;92094F020
92094F03K;92094F03-
92094F09K;92094F090
92094G00K;92094G00-
92094G01K;92094G012
92094G09K;92094G091
92094G09L;92094G091
92094G17K;92094G172
92094G190;92094G190
92094G210;92094G210
92094H000;92094H000
92094H01K;92094H01-
92094H02K;92094H02-
92094H032;92094H032
92094H09K;92094H091
92094H10K;92094H100
92094J00K;92094J00-
92094J01K;92094J01-
92094J02K;92094J021
92094J092;92094J092
92094J10K;92094J10-
92094J11K;92094J11-
92094J12K;92094J12-
92094J13-;92094J13-
92094J201;92094J201
92094J212;92094J212
92094K00K;92094K00-
92094K01K;92094K01-
92094K02K;92094K02-
92094K09K;92094K09-
92094K09L;92094K09-
92094K10K;92094K10-
92094K11-;92094K11-
92094K12K;92094K12-
92094L000;92094L000
92094L01K;92094L010
92094L02K;92094L022
92094L032;92094L032
92094L08K;92094L081
92094L09K;92094L091
92094L10K;92094L10-
92094L201;92094L201
92094L21K;92094L21-
92094L22K;92094L222
92094L232;92094L232
92094L291;92094L291
92094L30K;92094L30-
92094L31K;92094L31-
92094L39K;92094L39-
92094M00-;92094M00-
92094M090;92094M090
92094M10K;92094M100
92094N001;92094N001
92094N01K;92094N011
92094N022;92094N022
92094N032;92094N032
92094N09K;92094N090
92094N101;92094N101
92094N11K;92094N112
92094N20K;92094N20-
92094N21K;92094N212
92094N280;92094N280
92094N29K;92094N291
92094P00-;92094P00-
92094P01-;92094P01-
92094P02-;92094P02-
92094P09-;92094P09-
92094P10K;92094P10-
92094P20-;92094P20-
92094P2PN;92094P2PN
92094R00-;92094R00-
92094R010;92094R010
92094R02-;92094R02-
92094R090;92094R090
92094R10-;92094R10-
92094R11-;92094R11-
92094S00K;92094S00-
92094S09K;92094S09-
92094S10-;92094S10-
92094S19-;92094S19-
92094S21K;92094S21-
92094T00K;92094T00-
92094T09-;92094T09-
92094T10K;92094T10-
92094T19K;92094T19-
92094T19L;92094T19-
92094U00K;92094U00-
92094U01K;92094U010
92094U02K;92094U020
92094U09K;92094U090
92094V00-;92094V00-
92094V01-;92094V01-
92094V080;92094V080
92094V090;92094V090
92094V100;92094V100
92094V112;92094V112
92094V191;92094V191
92094V210;92094V210
92094W00K;92094W001
92094W01K;92094W010
92094W022;92094W022
92094W072;92094W072
92094W081;92094W081
92094W09K;92094W091
92094X00-;92094X00-
92094X01K;92094X011
92094X021;92094X021
92094X032;92094X032
92094X08-;92094X08-
92094X09K;92094X090
92094X18K;92094X182
92094X18L;92094X182
92094X191;92094X191
92094X292;92094X292
92094Y00K;92094Y00-
92094Y01K;92094Y012
92094Y02K;92094Y022
92094Y09K;92094Y091
92094Y19K;92094Y191
92097A00K;92097A00-
92097A01-;92097A01-
92097A02K;92097A02-
92097A09K;92097A09-
92097A09L;92097A09-
92097B00-;92097B00-
92097B01-;92097B01-
92097B02K;92097B02-
92097B03K;92097B032
92097B09K;92097B091
92097B09L;92097B091
92097C00-;92097C00-
92097C01-;92097C01-
92097C09-;92097C09-
92097D00-;92097D00-
92097D09-;92097D09-
92097D10K;92097D10-
92097D19K;92097D19-
92097E00-;92097E00-
92097E09-;92097E09-
92097F00-;92097F00-
92097F09-;92097F09-
92097F10-;92097F10-
92097F19-;92097F19-
92097F20-;92097F20-
92097F29-;92097F29-
92097F30-;92097F30-
92101A00K;92101A00-
92101A01K;92101A01-
92101A02K;92101A02-
92101A03K;92101A032
92101A04K;92101A041
92101A052;92101A052
92101A06K;92101A063
92101A09K;92101A091
92101A10K;92101A10-
92101A19K;92101A19-
92101B00-;92101B00-
92101B01K;92101B012
92101B09K;92101B091
92101B10K;92101B10-
92101B112;92101B112
92101B12K;92101B123
92101B19K;92101B191
92101B21-;92101B21-
92101B291;92101B291
92101B31K;92101B312
92101C00K;92101C000
92101C01K;92101C012
92101C08K;92101C08-
92101C09K;92101C091
92101D000;92101D000
92101D09K;92101D090
92101D10-;92101D10-
92101D19K;92101D19-
92101D29-;92101D29-
92101E00K;92101E001
92101E01K;92101E012
92101E02K;92101E023
92101E03K;92101E032
92101E08K;92101E08-
92101E09K;92101E091
92101E19K;92101E19-
92101E19L;92101E19-
92101F00K;92101F00-
92101F01K;92101F01-
92101F02K;92101F02-
92101F02L;92101F02-
92101F03K;92101F03-
92101F03L;92101F03-
92101F04K;92101F042
92101F05K;92101F052
92101F08K;92101F081
92101F09K;92101F091
92101F09L;92101F091
92101F18K;92101F183
92101F19K;92101F192
92114A00K;92114A00-
92114A01K;92114A01-
92114A02K;92114A02-
92114A03K;92114A030
92114A09K;92114A090
92114A09L;92114A090
92114A10-;92114A10-
92114A19-;92114A19-
92114A20-;92114A20-
92114A29-;92114A29-
92114B00-;92114B00-
92114B01-;92114B01-
92114B09K;92114B09-
92114B10-;92114B10-
92114B19K;92114B19-
92114C00K;92114C000
92114C09K;92114C091
92114C172;92114C172
92114D00K;92114D000
92114D01K;92114D012
92114D09K;92114D091
92114D113;92114D113
92137A00K;92137A00-
92137A01K;92137A010
92137A02K;92137A020
92137A03-;92137A03-
92137A05K;92137A05-
92137A07K;92137A07-
92137A09K;92137A09-
92137A10K;92137A101
92137A10L;92137A101
92137A10M;92137A101
92137A10O;92137A101
92137A11K;92137A112
92137A20K;92137A20-
92137A21-;92137A21-
92137A22K;92137A22-
92137A29K;92137A29-
92137A37-;92137A37-
92137B00K;92137B00-
92137B01-;92137B01-
92137B02K;92137B020
92137B02L;92137B020
92137B03K;92137B032
92137B08K;92137B08-
92137C00K;92137C00-
92137C01K;92137C010
92137C01L;92137C010
92137C02K;92137C02-
92137C03K;92137C030
92137C03L;92137C030
92137C04K;92137C04-
92137C08K;92137C081
92137D00-;92137D00-
92137D01K;92137D010
92137D02K;92137D020
92137D03K;92137D031
92137D03L;92137D031
92137D07K;92137D072
92137D09K;92137D091
92137D10K;92137D101
92137D10L;92137D101
92137D11K;92137D11-
92137D12K;92137D122
92137D19K;92137D19-
92137D19L;92137D19-
92137D19M;92137D19-
92137D20K;92137D202
92137D20L;92137D202
92137E00K;92137E00-
92137E01K;92137E01-
92137E01L;92137E01-
92137E08K;92137E08-
92137E09K;92137E09-
92137E09L;92137E09-
92137F00K;92137F00-
92137F01K;92137F011
92137F02K;92137F02-
92137F03K;92137F032
92137F04K;92137F042
92137F08K;92137F081
92137F09K;92137F091
92137G00K;92137G00-
92137G01K;92137G012
92137G19K;92137G191
92138A00K;92138A00-
92138A09K;92138A09-
92138A10K;92138A10-
92138A19-;92138A19-
92138A29-;92138A29-
92138A30-;92138A30-
92138A382;92138A382
92138A391;92138A391
92138B001;92138B001
92138B012;92138B012
92138B09-;92138B09-
92138C00-;92138C00-
92138C09K;92138C09-
92138D00-;92138D00-
92138D09K;92138D09-
92138E000;92138E000
92138E09K;92138E090
92138E10K;92138E101
92138E19K;92138E191
92138E19L;92138E191
92138F00-;92138F00-
92138F0PK;92138F0PP
92138G00K;92138G00-
92138G09-;92138G09-
92138H00K;92138H00-
92138H09-;92138H09-
92138J000;92138J000
92138J090;92138J090
92138J100;92138J100
92138J190;92138J190
92138K00K;92138K001
92138K01K;92138K012
92138K023;92138K023
92138K09K;92138K09-
92140A00K;92140A00-
92140A01K;92140A01-
92140A02K;92140A020
92140A03K;92140A032
92140A04K;92140A043
92140A08K;92140A081
92140A09K;92140A09-
92140A09L;92140A09-
92140A10K;92140A101
92140A11K;92140A111
92140A12K;92140A122
92140A17K;92140A172
92140A19K;92140A190
92140A21K;92140A21-
92140A21L;92140A21-
92140B00K;92140B00-
92140B09K;92140B09-
92140B09L;92140B09-
92140C00K;92140C00-
92140C09K;92140C09-
92140D00K;92140D00-
92140D01K;92140D01-
92140D09K;92140D09-
92140E00K;92140E00-
92140E01K;92140E01-
92140E02K;92140E021
92140E03K;92140E03-
92140E04K;92140E04-
92140E05K;92140E052
92140E09K;92140E090
92140E09L;92140E090
92140E09M;92140E090
92140E19K;92140E190
92140F00K;92140F000
92140F09K;92140F090
92140F10K;92140F10-
92140F10L;92140F10-
92140F11K;92140F111
92140F17K;92140F172
92140F19K;92140F190
92140F20K;92140F20-
92140F29K;92140F29-
92140G00K;92140G00-
92140G07K;92140G07-
92140G07L;92140G07-
92140G10K;92140G100
92140G19K;92140G190
92140H00K;92140H00-
92140H01K;92140H01-
92140H02K;92140H021
92140H03K;92140H03-
92140H04K;92140H042
92140H08-;92140H08-
92140H09K;92140H090
92141A00-;92141A00-
92141A012;92141A012
92141A09K;92141A091
92141B00K;92141B00-
92141B01K;92141B010
92141B02-;92141B02-
92141B09K;92141B091
92141B09L;92141B091
92141C000;92141C000
92141C012;92141C012
92141C09K;92141C091
92141C113;92141C113
92141D00-;92141D00-
92141D012;92141D012
92141D023;92141D023
92141D08-;92141D08-
92141D09K;92141D091
92141E001;92141E001
92141E012;92141E012
92141E023;92141E023
92141E09-;92141E09-
92141F00-;92141F00-
92141F09K;92141F09-
92141G00-;92141G00-
92141G01-;92141G01-
92141G09-;92141G09-
92142A00K;92142A00-
92142A01K;92142A01-
92142A02K;92142A021
92142A03K;92142A03-
92142A04K;92142A042
92142A07K;92142A07-
92142A07L;92142A07-
92142A09K;92142A091
92142A09L;92142A091
92142A10K;92142A100
92142A110;92142A110
92142A17K;92142A170
92142A17L;92142A170
92142A18K;92142A180
92142A19K;92142A190
92142A19L;92142A190
92142A20-;92142A20-
92142A21K;92142A210
92142A22K;92142A220
92142A22L;92142A220
92142A29K;92142A29-
92142A30K;92142A30-
92142A31K;92142A310
92142A32K;92142A320
92142A33K;92142A332
92142A39K;92142A391
92142A40-;92142A40-
92142A49K;92142A49-
92142A51K;92142A51-
92142A52K;92142A520
92142A52L;92142A520
92142A59K;92142A592
92142A59L;92142A592
92142A59M;92142A592
92142A611;92142A611
92142A622;92142A622
92142A63K;92142A632
92142A693;92142A693
92142B00-;92142B00-
92142B01K;92142B01-
92142B022;92142B022
92142B082;92142B082
92142B09K;92142B091
92142B10K;92142B10-
92142B19K;92142B19-
92142C000;92142C000
92142C010;92142C010
92142C09K;92142C090
92142C10-;92142C10-
92142C11K;92142C112
92142C19K;92142C191
92142D00K;92142D00-
92142D01K;92142D01-
92142D09K;92142D09-
92142D09L;92142D09-
92142D09M;92142D09-
92142E00-;92142E00-
92142E08K;92142E08-
92142E08L;92142E08-
92142E09K;92142E09-
92142E10K;92142E10-
92142E11K;92142E112
92142E19K;92142E191
92142F00-;92142F00-
92142F01-;92142F01-
92142F02K;92142F02-
92142F09K;92142F09-
92142G00K;92142G00-
92142G09K;92142G09-
92142H00K;92142H00-
92142H01K;92142H012
92142H09K;92142H091
92142H09L;92142H091
93010A00K;93010A000
93010A01K;93010A010
93010A020;93010A020
93010A03K;93010A032
93010A04K;93010A043
93010A06K;93010A064
93010A09K;93010A091
93010A162;93010A162
93010A191;93010A191
93010A265;93010A265
93010B00-;93010B00-
93010B09K;93010B09-
93010C000;93010C000
93010C012;93010C012
93010C081;93010C081
93010C09K;93010C09-
93010C09L;93010C09-
93010D00-;93010D00-
93010D01-;93010D01-
93010D09-;93010D09-
93010E000;93010E000
93010E090;93010E090
93010F00-;93010F00-
93010F01K;93010F012
93010F091;93010F091
93010F19-;93010F19-
93014A00-;93014A00-
93014A01K;93014A01-
93014A02K;93014A02-
93014A03K;93014A03-
93014A03L;93014A03-
93014A04K;93014A040
93014A05K;93014A052
93014A05L;93014A052
93014A06K;93014A063
93014A07K;93014A07-
93014A08K;93014A080
93014A08L;93014A080
93014A09K;93014A091
93014A19K;93014A19-
93014A29-;93014A29-
93014B00-;93014B00-
93014B01K;93014B012
93014B063;93014B063
93014B09K;93014B091
93014B10K;93014B102
93014B19K;93014B191
93014C00-;93014C00-
93014C012;93014C012
93014C08K;93014C08-
93014C09K;93014C091
93014D00-;93014D00-
93014D012;93014D012
93014D09K;93014D091
93014E00-;93014E00-
93014E012;93014E012
93014E022;93014E022
93014E081;93014E081
93014E09K;93014E091
93014E19K;93014E19-
93014F062;93014F062
93014F091;93014F091
93014G00K;93014G00-
93014G02K;93014G023
93014G034;93014G034
93014G09K;93014G091
93014G09L;93014G091
93014G19-;93014G19-
93014H000;93014H000
93014H09K;93014H091
93014H19-;93014H19-
93014H212;93014H212
93014J00-;93014J00-
93014J01-;93014J01-
93014J08K;93014J081
93014J09K;93014J09-
93014K00-;93014K00-
93014K09K;93014K09-
93014L00-;93014L00-
93014L09K;93014L09-
93014L19K;93014L19-
93014M00-;93014M00-
93014M09K;93014M09-
93014M10K;93014M102
93014M191;93014M191
93014N00K;93014N00-
93014N02K;93014N022
93014N09K;93014N091
93014N09L;93014N091
93014N19-;93014N19-
93014P00-;93014P00-
93014P01K;93014P010
93014P02K;93014P02-
93014P03K;93014P03-
93014P04K;93014P04-
93014P05K;93014P052
93014P05L;93014P052
93014P062;93014P062
93014P07K;93014P073
93014P09K;93014P091
93014P11K;93014P114
93018A000;93018A000
93018A01-;93018A01-
93018A06K;93018A060
93018A08K;93018A080
93018A09-;93018A09-
93018B00-;93018B00-
93018B09-;93018B09-
93018C000;93018C000
93018C09-;93018C09-
93018D000;93018D000
93018D062;93018D062
93018D08-;93018D08-
93018D091;93018D091
93018E00-;93018E00-
93018E012;93018E012
93018E081;93018E081
93018E09-;93018E09-
93018F000;93018F000
93018F090;93018F090
93018F19-;93018F19-
93018G00-;93018G00-
93018G010;93018G010
93018G08-;93018G08-
93018G090;93018G090
93018H00-;93018H00-
93018H09-;93018H09-
93018J00-;93018J00-
93018J08-;93018J08-
93018J09-;93018J09-
93018K00-;93018K00-
93018K012;93018K012
93018K091;93018K091
93022A00K;93022A001
93022A01K;93022A01-
93022A02-;93022A02-
93022A03K;93022A032
93022A04K;93022A043
93022A08K;93022A082
93022A091;93022A091
93022A10K;93022A10-
93022A19K;93022A19-
93022A20K;93022A20-
93022A21K;93022A212
93022A291;93022A291
93022A39-;93022A39-
93022B00-;93022B00-
93022B09K;93022B09-
93022C00-;93022C00-
93022C09-;93022C09-
93022C19-;93022C19-
93022D00-;93022D00-
93022D06K;93022D062
93022D08K;93022D08-
93022D09K;93022D091
93022E000;93022E000
93022E090;93022E090
93022E19-;93022E19-
93022F000;93022F000
93022F09-;93022F09-
93022G000;93022G000
93022G01K;93022G01-
93022G09-;93022G09-
93022G11K;93022G112
93022G19K;93022G191
93022H00-;93022H00-
93022H01-;93022H01-
93022H02K;93022H02-
93022H032;93022H032
93022H09K;93022H091
93022H11K;93022H113
93022H212;93022H212
93022H291;93022H291
93022J00-;93022J00-
93022J01-;93022J01-
93022J09-;93022J09-
93022K00K;93022K00-
93022K09K;93022K09-
93022K11-;93022K11-
93022L00-;93022L00-
93022L012;93022L012
93022L09-;93022L09-
93022L191;93022L191
93056A00-;93056A00-
93056A01K;93056A01-
93056A02K;93056A02-
93056A03K;93056A030
93056A04K;93056A042
93056A05K;93056A052
93056A08K;93056A081
93056A08L;93056A081
93056A09K;93056A091
93056A09L;93056A091
93056A09M;93056A091
93056B00-;93056B00-
93056B09K;93056B09-
93056C00-;93056C00-
93056C062;93056C062
93056C091;93056C091
93056C19K;93056C19-
93056D000;93056D000
93056D062;93056D062
93056D091;93056D091
93056E000;93056E000
93056E090;93056E090
93056E10-;93056E10-
93056E19-;93056E19-
93056E29-;93056E29-
93056F00-;93056F00-
93056F09-;93056F09-
93056G00-;93056G00-
93056G01-;93056G01-
93056G062;93056G062
93056G081;93056G081
93056G090;93056G090
93056G19-;93056G19-
93056H00-;93056H00-
93056H09K;93056H09-
93056H19-;93056H19-
93056H29-;93056H29-
93056J00-;93056J00-
93056J06K;93056J062
93056J06L;93056J062
93056J09K;93056J091
93056K00-;93056K00-
93056K012;93056K012
93056K09K;93056K091
93056L00-;93056L00-
93056L08-;93056L08-
93056L09K;93056L09-
93056M00-;93056M00-
93056M012;93056M012
93056M063;93056M063
93056M091;93056M091
93056M164;93056M164
93056N000;93056N000
93056N062;93056N062
93056N09K;93056N091
93056P00-;93056P00-
93056P09K;93056P09-
93056R00K;93056R000
93056R01K;93056R01-
93056R06K;93056R062
93056R09K;93056R090
93056R163;93056R163
93056R19K;93056R191
93056S000;93056S000
93056S090;93056S090
93056T00-;93056T00-
93056T09K;93056T09-
93056T09L;93056T09-
93088A00K;93088A00-
93088A01K;93088A01-
93088A02K;93088A021
93088A03K;93088A032
93088A04K;93088A043
93088A05K;93088A054
93088A07K;93088A072
93088A09K;93088A091
93088A113;93088A113
93088A29K;93088A293
93088A29L;93088A293
93088B000;93088B000
93088B01-;93088B01-
93088B09K;93088B090
93088C00-;93088C00-
93088C09-;93088C09-
93088D00-;93088D00-
93088D09-;93088D09-
93088D10-;93088D10-
93088D19-;93088D19-
93088E000;93088E000
93088E012;93088E012
93088E081;93088E081
93088E091;93088E091
93088E112;93088E112
93088F00-;93088F00-
93088F09-;93088F09-
93088G00K;93088G00-
93088G01K;93088G01-
93088G02-;93088G02-
93088G03K;93088G03-
93088G09K;93088G09-
93088G09L;93088G09-
93088H000;93088H000
93088H01-;93088H01-
93088H02K;93088H02-
93088H09K;93088H091
93088H09L;93088H091
93088H12K;93088H122
93088J000;93088J000
93088J09-;93088J09-
93088J11K;93088J112
93088J19K;93088J191
93088K00K;93088K000
93088K01K;93088K01-
93088K01L;93088K01-
93088K01M;93088K01-
93088K02K;93088K020
93088K09K;93088K09-
93088K09L;93088K09-
93088L00K;93088L000
93088L01K;93088L010
93088L02K;93088L020
93088L02L;93088L020
93088L09K;93088L090
93088L11K;93088L110
93088L19K;93088L190
93088M00K;93088M00-
93088M01K;93088M01-
93088M02K;93088M022
93088M03K;93088M033
93088M03L;93088M033
93088M044;93088M044
93088M09K;93088M091
93088M09L;93088M091
93088N00-;93088N00-
93088N090;93088N090
93088N101;93088N101
93088N11K;93088N112
93088P000;93088P000
93088P012;93088P012
93088P022;93088P022
93088P081;93088P081
93088P091;93088P091
93088P10-;93088P10-
93088R000;93088R000
93088R010;93088R010
93088R022;93088R022
93088R06K;93088R062
93088R08K;93088R081
93088R08L;93088R081
93088R091;93088R091
93088R113;93088R113
93088R163;93088R163
93088R264;93088R264
93088S00-;93088S00-
93088S08-;93088S08-
93088S09K;93088S09-
93090A00-;93090A00-
93090A01-;93090A01-
93090A022;93090A022
93090A063;93090A063
93090A091;93090A091
93090A19K;93090A19-
93090B000;93090B000
93090B06K;93090B062
93090B09K;93090B091
93090B19-;93090B19-
93090C000;93090C000
93090C01-;93090C01-
93090C02-;93090C02-
93090C062;93090C062
93090C091;93090C091
93090C19-;93090C19-
93090D00-;93090D00-
93090D09-;93090D09-
93090D11-;93090D11-
93090D19-;93090D19-
93090E00-;93090E00-
93090E09-;93090E09-
93090F00-;93090F00-
93090F01-;93090F01-
93090F022;93090F022
93090F033;93090F033
93090F06K;93090F064
93090F091;93090F091
93090F165;93090F165
93090G00-;93090G00-
93090G01-;93090G01-
93090G02-;93090G02-
93090G03K;93090G032
93090G03L;93090G032
93090G043;93090G043
93090G09K;93090G091
93090G09L;93090G091
93090G162;93090G162
93090G191;93090G191
93090H000;93090H000
93090H012;93090H012
93090H063;93090H063
93090H091;93090H091
